iso,unix,lat,lon,alt_msl,rel_alt,roll,pitch,yaw,heading,vx,vy,vz,vbatt,batt_pct,mode,armed,in_air
2026-08-21T19:16:06,1787314567,13.821532,100.514145,,,-0.2,-1.8,-135.9,224.1,,,,23.21,25,AUTO.LOITER,0,0
2026-08-21T19:16:07,1787314568,13.821532,100.514145,,,-0.2,-1.8,-135.9,224.1,,,,23.21,25,AUTO.LOITER,0,0
2026-08-21T19:16:08,1787314569,13.821532,100.514145,,,-0.2,-1.8,-135.9,224.1,,,,23.21,25,AUTO.LOITER,0,0
2026-08-21T19:16:09,1787314570,13.821532,100.514145,,,-0.2,-1.8,-135.9,224.1,,,,23.21,25,AUTO.LOITER,0,0
2026-08-21T19:16:10,1787314571,13.821532,100.514145,,,-0.2,-1.8,-135.9,224.1,,,,23.21,25,AUTO.LOITER,0,0
2026-08-21T19:16:11,1787314572,13.821532,100.514145,,,-0.2,-1.8,-135.9,224.1,,,,23.21,25,AUTO.LOITER,0,0
2026-08-21T19:16:12,1787314573,13.821569,100.514102,,,-0.2,-1.8,-135.9,224.1,,,,23.21,25,AUTO.LOITER,0,0
2026-08-21T19:16:13,1787314574,13.821569,100.514102,,,-0.2,-1.8,-135.9,224.1,,,,23.21,25,AUTO.LOITER,0,0
2026-08-21T19:16:14,1787314575,13.821569,100.514102,,,-0.2,-1.8,-135.9,224.1,,,,23.21,25,AUTO.LOITER,0,0
2026-08-21T19:16:15,1787314576,13.821569,100.514102,,,-0.2,-1.8,-135.9,224.1,,,,23.21,25,AUTO.LOITER,0,0
2026-08-21T19:16:16,1787314577,13.821569,100.514102,,,-0.2,-1.8,-135.9,224.1,,,,23.21,25,AUTO.LOITER,0,0
2026-08-21T19:16:17,1787314578,13.821569,100.514102,,,-0.2,-1.8,-135.9,224.1,,,,23.21,25,AUTO.LOITER,0,0
2026-08-21T19:16:18,1787314579,13.821569,100.514102,,,-0.2,-1.8,-135.9,224.1,,,,23.21,25,AUTO.LOITER,0,0
2026-08-21T19:16:19,1787314580,13.821569,100.514102,,,-0.2,-1.7,-135.9,224.1,,,,23.21,25,AUTO.LOITER,0,0
2026-08-21T19:16:20,1787314581,13.821569,100.514102,,,-0.2,-1.7,-135.9,224.1,,,,23.21,25,AUTO.LOITER,0,0
2026-08-21T19:16:21,1787314582,13.821574,100.513889,,,-0.2,-1.7,-135.9,224.1,,,,23.21,25,AUTO.LOITER,0,0
2026-08-21T19:16:22,1787314583,13.821574,100.513889,,,-0.2,-1.7,-135.9,224.1,,,,23.21,25,AUTO.LOITER,0,0
2026-08-21T19:16:23,1787314584,13.821574,100.513889,,,-0.2,-1.7,-135.9,224.1,,,,23.21,25,AUTO.LOITER,0,0
2026-08-21T19:16:24,1787314585,13.821574,100.513889,,,-0.2,-1.7,-135.9,224.1,,,,23.21,25,AUTO.LOITER,0,0
2026-08-21T19:16:25,1787314586,13.821609,100.513776,,,-0.2,-1.8,-135.9,224.1,,,,23.21,25,AUTO.LOITER,0,0
2026-08-21T19:16:26,1787314587,13.821609,100.513776,,,-0.2,-1.8,-135.9,224.1,,,,23.21,25,AUTO.LOITER,0,0
2026-08-21T19:16:27,1787314588,13.821609,100.513776,,,-0.2,-1.8,-135.9,224.1,,,,23.21,25,AUTO.LOITER,0,0
2026-08-21T19:16:28,1787314589,13.821609,100.513776,,,-0.2,-1.8,-135.9,224.1,,,,23.21,25,AUTO.LOITER,0,0
2026-08-21T19:16:29,1787314590,13.821609,100.513776,,,-0.2,-1.8,-135.9,224.1,,,,23.21,25,AUTO.LOITER,0,0
2026-08-21T19:16:30,1787314591,13.821609,100.513776,,,-0.2,-1.8,-135.9,224.1,,,,23.21,25,AUTO.LOITER,0,0
2026-08-21T19:16:31,1787314592,13.821609,100.513776,,,-0.2,-1.8,-135.9,224.1,,,,23.21,25,AUTO.LOITER,0,0
2026-08-21T19:16:32,1787314593,13.821609,100.513776,,,-0.2,-1.8,-135.9,224.1,,,,23.21,25,AUTO.LOITER,0,0
2026-08-21T19:16:33,1787314594,13.821609,100.513776,,,-0.2,-1.8,-135.9,224.1,,,,23.21,25,AUTO.LOITER,0,0
2026-08-21T19:16:34,1787314595,13.821609,100.513776,,,-0.2,-1.8,-135.9,224.1,,,,23.21,25,AUTO.LOITER,0,0
2026-08-21T19:16:35,1787314596,13.821609,100.513776,,,-0.2,-1.8,-135.9,224.1,,,,23.21,25,AUTO.LOITER,0,0
2026-08-21T19:16:36,1787314597,13.821609,100.513776,,,-0.2,-1.8,-135.9,224.1,,,,23.21,25,AUTO.LOITER,0,0
2026-08-21T19:16:37,1787314598,13.821609,100.513776,,,-0.2,-1.8,-135.9,224.1,,,,23.21,25,AUTO.LOITER,0,0
2026-08-21T19:16:38,1787314599,13.821609,100.513776,,,-0.2,-1.8,-135.9,224.1,,,,23.2,25,AUTO.LOITER,0,0
2026-08-21T19:16:39,1787314600,13.821609,100.513776,,,-0.2,-1.8,-135.9,224.1,,,,23.2,25,AUTO.LOITER,0,0
2026-08-21T19:16:40,1787314601,13.821609,100.513776,,,-0.2,-1.8,-135.9,224.1,,,,23.2,25,AUTO.LOITER,0,0
2026-08-21T19:16:41,1787314602,13.821609,100.513776,,,-0.2,-1.8,-135.9,224.1,,,,23.2,25,AUTO.LOITER,0,0
2026-08-21T19:16:42,1787314603,13.821711,100.513631,,,-0.2,-1.8,-135.9,224.1,,,,23.2,25,AUTO.LOITER,0,0
2026-08-21T19:16:43,1787314604,13.821711,100.513631,,,-0.2,-1.8,-135.9,224.1,,,,23.2,25,AUTO.LOITER,0,0
2026-08-21T19:16:44,1787314605,13.821711,100.513631,,,-0.2,-1.8,-135.9,224.1,,,,23.2,25,AUTO.LOITER,0,0
2026-08-21T19:16:45,1787314606,13.821711,100.513631,,,-0.2,-1.8,-135.9,224.1,,,,23.2,25,AUTO.LOITER,0,0
2026-08-21T19:16:46,1787314607,13.821711,100.513631,,,-0.2,-1.8,-135.9,224.1,,,,23.2,25,AUTO.LOITER,0,0
2026-08-21T19:16:47,1787314608,13.821711,100.513631,,,-0.2,-1.8,-135.9,224.1,,,,23.2,25,AUTO.LOITER,0,0
2026-08-21T19:16:48,1787314609,13.821711,100.513631,,,-0.2,-1.8,-135.9,224.1,,,,23.2,25,AUTO.LOITER,0,0
2026-08-21T19:16:49,1787314610,13.821711,100.513631,,,-0.2,-1.8,-135.9,224.1,,,,23.2,25,AUTO.LOITER,0,0
2026-08-21T19:16:50,1787314611,13.821711,100.513631,,,-0.2,-1.8,-135.9,224.1,,,,23.2,25,AUTO.LOITER,0,0
2026-08-21T19:16:51,1787314612,13.821711,100.513631,,,-0.2,-1.8,-135.9,224.1,,,,23.2,25,AUTO.LOITER,0,0
2026-08-21T19:16:52,1787314613,13.821711,100.513631,,,-0.2,-1.8,-136.0,224.0,,,,23.2,25,AUTO.LOITER,0,0
2026-08-21T19:16:53,1787314614,13.821701,100.513628,,,-0.2,-1.8,-136.0,224.0,,,,23.2,25,AUTO.LOITER,0,0
2026-08-21T19:16:54,1787314615,13.821701,100.513628,,,-0.2,-1.8,-136.0,224.0,,,,23.2,25,AUTO.LOITER,0,0
2026-08-21T19:16:55,1787314616,13.821701,100.513628,,,-0.2,-1.8,-136.0,224.0,,,,23.2,25,AUTO.LOITER,0,0
2026-08-21T19:16:56,1787314617,13.821701,100.513628,,,-0.2,-1.8,-136.0,224.0,,,,23.2,25,AUTO.LOITER,0,0
2026-08-21T19:16:57,1787314618,13.821701,100.513628,,,-0.2,-1.8,-136.0,224.0,,,,23.2,25,AUTO.LOITER,0,0
2026-08-21T19:16:58,1787314619,13.821688,100.513628,,,-0.2,-1.8,-136.0,224.0,,,,23.2,25,AUTO.LOITER,0,0
2026-08-21T19:16:59,1787314620,13.821688,100.513628,,,-0.2,-1.8,-136.0,224.0,,,,23.2,25,AUTO.LOITER,0,0
2026-08-21T19:17:00,1787314621,13.821688,100.513628,,,-0.2,-1.8,-136.0,224.0,,,,23.2,25,AUTO.LOITER,0,0
2026-08-21T19:17:01,1787314622,13.821688,100.513628,,,-0.2,-1.8,-136.0,224.0,,,,23.2,25,AUTO.LOITER,0,0
2026-08-21T19:17:02,1787314623,13.821688,100.513628,,,-0.2,-1.8,-136.0,224.0,,,,23.2,25,AUTO.LOITER,0,0
2026-08-21T19:17:03,1787314624,13.821688,100.513628,,,-0.2,-1.8,-136.0,224.0,,,,23.2,25,AUTO.LOITER,0,0
2026-08-21T19:17:04,1787314625,13.821688,100.513628,,,-0.2,-1.8,-136.0,224.0,,,,23.2,25,AUTO.LOITER,0,0
2026-08-21T19:17:05,1787314626,13.821688,100.513628,,,-0.2,-1.8,-136.0,224.0,,,,23.2,25,AUTO.LOITER,0,0
2026-08-21T19:17:06,1787314627,13.821688,100.513628,,,-0.2,-1.8,-136.0,224.0,,,,23.2,25,AUTO.LOITER,0,0
2026-08-21T19:17:07,1787314628,13.821777,100.513581,,,-0.2,-1.8,-136.0,224.0,,,,23.2,25,AUTO.LOITER,0,0
2026-08-21T19:17:08,1787314629,13.821777,100.513581,,,-0.2,-1.8,-136.0,224.0,,,,23.2,25,AUTO.LOITER,0,0
2026-08-21T19:17:09,1787314630,13.821777,100.513581,,,-0.2,-1.8,-135.9,224.1,,,,23.2,25,AUTO.LOITER,0,0
2026-08-21T19:17:10,1787314631,13.821777,100.513581,,,-0.2,-1.8,-135.9,224.1,,,,23.2,25,AUTO.LOITER,0,0
2026-08-21T19:17:11,1787314632,13.821777,100.513581,,,-0.2,-1.8,-135.9,224.1,,,,23.2,25,AUTO.LOITER,0,0
2026-08-21T19:17:12,1787314633,13.821801,100.513571,,,-0.2,-1.8,-135.9,224.1,,,,23.2,25,AUTO.LOITER,0,0
2026-08-21T19:17:13,1787314634,13.821801,100.513571,,,-0.2,-1.8,-135.9,224.1,,,,23.2,25,AUTO.LOITER,0,0
2026-08-21T19:17:14,1787314635,13.821801,100.513571,,,-0.2,-1.8,-135.9,224.1,,,,23.2,25,AUTO.LOITER,0,0
2026-08-21T19:17:15,1787314636,13.821801,100.513571,,,-0.2,-1.8,-135.9,224.1,,,,23.2,25,AUTO.LOITER,0,0
2026-08-21T19:17:16,1787314637,13.821801,100.513571,,,-0.2,-1.8,-135.9,224.1,,,,23.2,25,AUTO.LOITER,0,0
2026-08-21T19:17:17,1787314638,13.821801,100.513571,,,-0.2,-1.8,-135.9,224.1,,,,23.2,25,AUTO.LOITER,0,0
2026-08-21T19:17:18,1787314639,13.821801,100.513571,,,-0.2,-1.8,-135.9,224.1,,,,23.2,25,AUTO.LOITER,0,0
2026-08-21T19:17:19,1787314640,13.821801,100.513571,,,-0.2,-1.8,-135.9,224.1,,,,23.2,25,AUTO.LOITER,0,0
2026-08-21T19:17:20,1787314641,13.82178,100.513582,,,-0.2,-1.8,-135.9,224.1,,,,23.2,25,AUTO.LOITER,0,0
2026-08-21T19:17:21,1787314642,13.82178,100.513582,,,-0.2,-1.8,-135.9,224.1,,,,23.2,25,AUTO.LOITER,0,0
2026-08-21T19:17:22,1787314643,13.82178,100.513582,,,-0.2,-1.8,-135.9,224.1,,,,23.2,25,AUTO.LOITER,0,0
2026-08-21T19:17:23,1787314644,13.82178,100.513582,,,-0.2,-1.8,-135.9,224.1,,,,23.2,25,AUTO.LOITER,0,0
2026-08-21T19:17:24,1787314645,13.82178,100.513582,,,-0.2,-1.8,-135.9,224.1,,,,23.2,25,AUTO.LOITER,0,0
2026-08-21T19:17:25,1787314646,13.82178,100.513582,,,-0.2,-1.8,-135.9,224.1,,,,23.2,25,AUTO.LOITER,0,0
2026-08-21T19:17:26,1787314647,13.821749,100.513596,,,-0.2,-1.8,-135.9,224.1,,,,23.2,25,AUTO.LOITER,0,0
2026-08-21T19:17:27,1787314648,13.821749,100.513596,,,-0.2,-1.8,-135.9,224.1,,,,23.2,25,AUTO.LOITER,0,0
2026-08-21T19:17:28,1787314649,13.821749,100.513596,,,-0.2,-1.8,-135.9,224.1,,,,23.2,25,AUTO.LOITER,0,0
2026-08-21T19:17:29,1787314650,13.821749,100.513596,,,-0.2,-1.8,-135.9,224.1,,,,23.2,25,AUTO.LOITER,0,0
2026-08-21T19:17:30,1787314651,13.821749,100.513596,,,-0.2,-1.8,-135.9,224.1,,,,23.2,25,AUTO.LOITER,0,0
2026-08-21T19:17:31,1787314652,13.821749,100.513596,,,-0.2,-1.8,-135.9,224.1,,,,23.2,25,AUTO.LOITER,0,0
2026-08-21T19:17:32,1787314653,13.821749,100.513596,,,-0.2,-1.8,-135.9,224.1,,,,23.2,25,AUTO.LOITER,0,0
2026-08-21T19:17:33,1787314654,13.821749,100.513596,,,-0.2,-1.8,-135.9,224.1,,,,23.2,25,AUTO.LOITER,0,0
2026-08-21T19:17:34,1787314655,13.821749,100.513596,,,-0.2,-1.8,-135.8,224.2,,,,23.2,25,AUTO.LOITER,0,0
2026-08-21T19:17:35,1787314656,13.821749,100.513596,,,-0.2,-1.8,-135.8,224.2,,,,23.2,25,AUTO.LOITER,0,0
2026-08-21T19:17:36,1787314657,13.821749,100.513596,,,-0.2,-1.8,-135.8,224.2,,,,23.2,25,AUTO.LOITER,0,0
2026-08-21T19:17:37,1787314658,13.821749,100.513596,,,-0.2,-1.8,-135.8,224.2,,,,23.2,25,AUTO.LOITER,0,0
2026-08-21T19:17:38,1787314659,13.821749,100.513596,,,-0.2,-1.8,-135.8,224.2,,,,23.2,25,AUTO.LOITER,0,0
2026-08-21T19:17:39,1787314660,13.821749,100.513596,,,-0.2,-1.8,-135.8,224.2,,,,23.2,25,AUTO.LOITER,0,0
2026-08-21T19:17:41,1787314662,13.821749,100.513596,,,-0.2,-1.8,-135.8,224.2,,,,23.2,25,AUTO.LOITER,0,0
2026-08-21T19:17:42,1787314663,13.821749,100.513596,,,-0.2,-1.8,-135.9,224.1,,,,23.2,25,AUTO.LOITER,0,0
2026-08-21T19:17:43,1787314664,13.821704,100.51362,,,-0.2,-1.8,-135.9,224.1,,,,23.2,25,AUTO.LOITER,0,0
2026-08-21T19:17:44,1787314665,13.821704,100.51362,,,-0.2,-1.8,-135.9,224.1,,,,23.2,25,AUTO.LOITER,0,0
2026-08-21T19:17:45,1787314666,13.821704,100.51362,,,-0.2,-1.8,-135.9,224.1,,,,23.2,25,AUTO.LOITER,0,0
2026-08-21T19:17:46,1787314667,13.821704,100.51362,,,-0.2,-1.8,-135.9,224.1,,,,23.2,25,AUTO.LOITER,0,0
2026-08-21T19:17:47,1787314668,13.821704,100.51362,,,-0.2,-1.8,-135.9,224.1,,,,23.2,25,AUTO.LOITER,0,0
2026-08-21T19:17:48,1787314669,13.821704,100.51362,,,-0.2,-1.8,-135.9,224.1,,,,23.2,25,AUTO.LOITER,0,0
2026-08-21T19:17:49,1787314670,13.821704,100.51362,,,-0.2,-1.8,-135.9,224.1,,,,23.2,25,AUTO.LOITER,0,0
2026-08-21T19:17:50,1787314671,13.821704,100.51362,,,-0.2,-1.8,-135.9,224.1,,,,23.2,25,AUTO.LOITER,0,0
2026-08-21T19:17:52,1787314673,13.821704,100.51362,,,-0.2,-1.8,-135.9,224.1,,,,23.2,25,AUTO.LOITER,0,0
2026-08-21T19:17:53,1787314674,13.821729,100.513615,,,-0.2,-1.8,-135.9,224.1,,,,23.2,25,AUTO.LOITER,0,0
2026-08-21T19:17:54,1787314675,13.821729,100.513615,,,-0.2,-1.8,-135.9,224.1,,,,23.2,25,AUTO.LOITER,0,0
2026-08-21T19:17:55,1787314676,13.821729,100.513615,,,-0.2,-1.8,-135.9,224.1,,,,23.2,25,AUTO.LOITER,0,0
2026-08-21T19:17:56,1787314677,13.821729,100.513615,,,-0.2,-1.8,-135.9,224.1,,,,23.2,25,AUTO.LOITER,0,0
2026-08-21T19:17:57,1787314678,13.821729,100.513615,,,-0.2,-1.8,-135.9,224.1,,,,23.2,25,AUTO.LOITER,0,0
2026-08-21T19:17:58,1787314679,13.821729,100.513615,,,-0.2,-1.8,-135.9,224.1,,,,23.2,25,AUTO.LOITER,0,0
2026-08-21T19:17:59,1787314680,13.821729,100.513615,,,-0.2,-1.8,-135.9,224.1,,,,23.2,25,AUTO.LOITER,0,0
2026-08-21T19:18:00,1787314681,13.821729,100.513615,,,-0.2,-1.8,-135.9,224.1,,,,23.2,25,AUTO.LOITER,0,0
2026-08-21T19:18:01,1787314682,13.821729,100.513615,,,-0.2,-1.8,-135.9,224.1,,,,23.2,25,AUTO.LOITER,0,0
2026-08-21T19:18:02,1787314683,13.821758,100.513606,,,-0.2,-1.8,-135.9,224.1,,,,23.2,25,AUTO.LOITER,0,0
2026-08-21T19:18:03,1787314684,13.821758,100.513606,,,-0.2,-1.8,-135.9,224.1,,,,23.2,25,AUTO.LOITER,0,0
2026-08-21T19:18:04,1787314685,13.821758,100.513606,,,-0.2,-1.8,-135.9,224.1,,,,23.2,25,AUTO.LOITER,0,0
2026-08-21T19:18:05,1787314686,13.821758,100.513606,,,-0.2,-1.8,-135.8,224.2,,,,23.2,25,AUTO.LOITER,0,0
2026-08-21T19:18:06,1787314687,13.821758,100.513606,,,-0.2,-1.8,-135.8,224.2,,,,23.2,25,AUTO.LOITER,0,0
2026-08-21T19:18:07,1787314688,13.821771,100.513604,,,-0.2,-1.8,-135.8,224.2,,,,23.2,25,AUTO.LOITER,0,0
2026-08-21T19:18:08,1787314689,13.821771,100.513604,,,-0.2,-1.8,-135.8,224.2,,,,23.2,25,AUTO.LOITER,0,0
2026-08-21T19:18:09,1787314690,13.821771,100.513604,,,-0.2,-1.8,-135.8,224.2,,,,23.2,25,AUTO.LOITER,0,0
2026-08-21T19:18:10,1787314691,13.821771,100.513604,,,-0.2,-1.8,-135.8,224.2,,,,23.2,25,AUTO.LOITER,0,0
2026-08-21T19:18:11,1787314692,13.821771,100.513604,,,-0.2,-1.8,-135.8,224.2,,,,23.2,25,AUTO.LOITER,0,0
2026-08-21T19:18:12,1787314693,13.821771,100.513604,,,-0.2,-1.8,-135.8,224.2,,,,23.2,25,AUTO.LOITER,0,0
2026-08-21T19:18:13,1787314694,13.821771,100.513604,,,-0.2,-1.8,-135.8,224.2,,,,23.2,25,AUTO.LOITER,0,0
2026-08-21T19:18:14,1787314695,13.821771,100.513604,,,-0.2,-1.8,-135.8,224.2,,,,23.2,25,AUTO.LOITER,0,0
2026-08-21T19:18:15,1787314696,13.821771,100.513604,,,-0.2,-1.8,-135.8,224.2,,,,23.2,25,AUTO.LOITER,0,0
2026-08-21T19:18:16,1787314697,13.821763,100.513619,,,-0.2,-1.8,-135.9,224.1,,,,23.2,25,AUTO.LOITER,0,0
2026-08-21T19:18:17,1787314698,13.821763,100.513619,,,-0.2,-1.8,-135.9,224.1,,,,23.2,25,AUTO.LOITER,0,0
2026-08-21T19:18:18,1787314699,13.821763,100.513619,,,-0.2,-1.8,-135.9,224.1,,,,23.2,25,AUTO.LOITER,0,0
2026-08-21T19:18:19,1787314700,13.821763,100.513619,,,-0.2,-1.8,-135.9,224.1,,,,23.2,25,AUTO.LOITER,0,0
2026-08-21T19:18:20,1787314701,13.821763,100.513619,,,-0.2,-1.8,-135.9,224.1,,,,23.2,25,AUTO.LOITER,0,0
2026-08-21T19:18:21,1787314702,13.821763,100.513619,,,-0.2,-1.8,-135.9,224.1,,,,23.2,25,AUTO.LOITER,0,0
2026-08-21T19:18:22,1787314703,13.821763,100.513619,,,-0.2,-1.8,-135.9,224.1,,,,23.2,25,AUTO.LOITER,0,0
2026-08-21T19:18:23,1787314704,13.821763,100.513619,,,-0.2,-1.8,-135.9,224.1,,,,23.2,25,AUTO.LOITER,0,0
2026-08-21T19:18:24,1787314705,13.821763,100.513619,,,-0.2,-1.8,-135.9,224.1,,,,23.2,25,AUTO.LOITER,0,0
2026-08-21T19:18:27,1787314708,13.821763,100.513619,,,-0.2,-1.8,-135.9,224.1,,,,23.2,25,AUTO.LOITER,0,0
2026-08-21T19:18:28,1787314709,13.821763,100.513619,,,-0.2,-1.8,-135.9,224.1,,,,23.2,25,AUTO.LOITER,0,0
2026-08-21T19:18:29,1787314710,13.821763,100.513619,,,-0.2,-1.8,-135.9,224.1,,,,23.2,25,AUTO.LOITER,0,0
2026-08-21T19:18:30,1787314711,13.821763,100.513619,,,-0.2,-1.8,-135.9,224.1,,,,23.2,25,AUTO.LOITER,0,0
2026-08-21T19:18:31,1787314712,13.821857,100.513534,,,-0.2,-1.7,-135.9,224.1,,,,23.2,25,AUTO.LOITER,0,0
2026-08-21T19:18:32,1787314713,13.821857,100.513534,,,-0.2,-1.7,-135.9,224.1,,,,23.2,25,AUTO.LOITER,0,0
2026-08-21T19:18:33,1787314714,13.821857,100.513534,,,-0.2,-1.7,-135.9,224.1,,,,23.2,25,AUTO.LOITER,0,0
2026-08-21T19:18:34,1787314715,13.821857,100.513534,,,-0.2,-1.7,-135.9,224.1,,,,23.2,25,AUTO.LOITER,0,0
2026-08-21T19:18:35,1787314716,13.821857,100.513534,,,-0.2,-1.7,-135.9,224.1,,,,23.2,25,AUTO.LOITER,0,0
2026-08-21T19:18:36,1787314717,13.821857,100.513534,,,-0.2,-1.7,-135.9,224.1,,,,23.2,25,AUTO.LOITER,0,0
2026-08-21T19:18:37,1787314718,13.821857,100.513534,,,-0.2,-1.7,-135.9,224.1,,,,23.2,25,AUTO.LOITER,0,0
2026-08-21T19:18:38,1787314719,13.821857,100.513534,,,-0.2,-1.8,-135.9,224.1,,,,23.2,25,AUTO.LOITER,0,0
2026-08-21T19:18:39,1787314720,13.821857,100.513534,,,-0.2,-1.8,-135.9,224.1,,,,23.2,25,AUTO.LOITER,0,0
2026-08-21T19:18:40,1787314721,13.821908,100.513485,,,-0.2,-1.8,-135.9,224.1,,,,23.2,25,AUTO.LOITER,0,0
2026-08-21T19:18:41,1787314722,13.821908,100.513485,,,-0.2,-1.8,-135.9,224.1,,,,23.2,25,AUTO.LOITER,0,0
2026-08-21T19:18:42,1787314723,13.821908,100.513485,,,-0.2,-1.8,-135.9,224.1,,,,23.2,25,AUTO.LOITER,0,0
2026-08-21T19:18:43,1787314724,13.821908,100.513485,,,-0.2,-1.8,-135.9,224.1,,,,23.2,25,AUTO.LOITER,0,0
2026-08-21T19:18:44,1787314725,13.821908,100.513485,,,-0.2,-1.8,-135.9,224.1,,,,23.2,25,AUTO.LOITER,0,0
2026-08-21T19:18:45,1787314726,13.822015,100.51343,,,-0.2,-1.8,-135.9,224.1,,,,23.2,25,AUTO.LOITER,0,0
2026-08-21T19:18:46,1787314727,13.822015,100.51343,,,-0.2,-1.8,-135.9,224.1,,,,23.2,25,AUTO.LOITER,0,0
2026-08-21T19:18:47,1787314728,13.822015,100.51343,,,-0.2,-1.8,-135.9,224.1,,,,23.2,25,AUTO.LOITER,0,0
2026-08-21T19:18:48,1787314729,13.822015,100.51343,,,-0.2,-1.8,-135.9,224.1,,,,23.2,25,AUTO.LOITER,0,0
2026-08-21T19:18:49,1787314730,13.822015,100.51343,,,-0.2,-1.8,-135.9,224.1,,,,23.2,25,AUTO.LOITER,0,0
2026-08-21T19:18:50,1787314731,13.822015,100.51343,,,-0.2,-1.8,-135.9,224.1,,,,23.2,25,AUTO.LOITER,0,0
2026-08-21T19:18:51,1787314732,13.822015,100.51343,,,-0.2,-1.8,-135.9,224.1,,,,23.2,25,AUTO.LOITER,0,0
2026-08-21T19:18:52,1787314733,13.822015,100.51343,,,-0.2,-1.8,-135.9,224.1,,,,23.19,25,AUTO.LOITER,0,0
2026-08-21T19:18:53,1787314734,13.822015,100.51343,,,-0.2,-1.8,-135.9,224.1,,,,23.19,25,AUTO.LOITER,0,0
2026-08-21T19:18:54,1787314735,13.822015,100.51343,,,-0.2,-1.8,-135.9,224.1,,,,23.19,25,AUTO.LOITER,0,0
2026-08-21T19:18:55,1787314736,13.822015,100.51343,,,-0.2,-1.8,-135.9,224.1,,,,23.19,25,AUTO.LOITER,0,0
2026-08-21T19:18:56,1787314737,13.822015,100.51343,,,-0.2,-1.8,-135.9,224.1,,,,23.19,25,AUTO.LOITER,0,0
2026-08-21T19:18:57,1787314738,13.822015,100.51343,,,-0.2,-1.8,-135.9,224.1,,,,23.19,25,AUTO.LOITER,0,0
2026-08-21T19:18:58,1787314739,13.822015,100.51343,,,-0.2,-1.8,-135.9,224.1,,,,23.19,25,AUTO.LOITER,0,0
2026-08-21T19:18:59,1787314740,13.822015,100.51343,,,-0.2,-1.8,-135.9,224.1,,,,23.19,25,AUTO.LOITER,0,0
2026-08-21T19:19:00,1787314741,13.822015,100.51343,,,-0.2,-1.8,-135.9,224.1,,,,23.19,25,AUTO.LOITER,0,0
2026-08-21T19:19:01,1787314742,13.822015,100.51343,,,-0.2,-1.8,-135.8,224.2,,,,23.19,25,AUTO.LOITER,0,0
2026-08-21T19:19:02,1787314743,13.822015,100.51343,,,-0.2,-1.8,-135.8,224.2,,,,23.19,25,AUTO.LOITER,0,0
2026-08-21T19:19:03,1787314744,13.822015,100.51343,,,-0.2,-1.8,-135.8,224.2,,,,23.19,25,AUTO.LOITER,0,0
2026-08-21T19:19:04,1787314745,13.822015,100.51343,,,-0.2,-1.8,-135.8,224.2,,,,23.19,25,AUTO.LOITER,0,0
2026-08-21T19:19:05,1787314746,13.822015,100.51343,,,-0.2,-1.8,-135.8,224.2,,,,23.19,25,AUTO.LOITER,0,0
2026-08-21T19:19:06,1787314747,13.822015,100.51343,,,-0.2,-1.8,-135.8,224.2,,,,23.19,25,AUTO.LOITER,0,0
2026-08-21T19:19:07,1787314748,13.822015,100.51343,,,-0.2,-1.8,-135.8,224.2,,,,23.19,25,AUTO.LOITER,0,0
2026-08-21T19:19:08,1787314749,13.822316,100.513473,,,-0.2,-1.8,-135.8,224.2,,,,23.19,25,AUTO.LOITER,0,0
2026-08-21T19:19:09,1787314750,13.822316,100.513473,,,-0.2,-1.8,-135.8,224.2,,,,23.19,25,AUTO.LOITER,0,0
2026-08-21T19:19:10,1787314751,13.822316,100.513473,,,-0.2,-1.8,-135.8,224.2,,,,23.19,24,AUTO.LOITER,0,0
2026-08-21T19:19:11,1787314752,13.822316,100.513473,,,-0.2,-1.8,-135.8,224.2,,,,23.19,24,AUTO.LOITER,0,0
2026-08-21T19:19:12,1787314753,13.822206,100.513505,,,-0.2,-1.8,-135.8,224.2,,,,23.19,24,AUTO.LOITER,0,0
2026-08-21T19:19:13,1787314754,13.822206,100.513505,,,-0.2,-1.8,-135.8,224.2,,,,23.19,24,AUTO.LOITER,0,0
2026-08-21T19:19:14,1787314755,13.822206,100.513505,,,-0.2,-1.8,-135.8,224.2,,,,23.19,24,AUTO.LOITER,0,0
2026-08-21T19:19:15,1787314756,13.822206,100.513505,,,-0.2,-1.8,-135.8,224.2,,,,23.19,24,AUTO.LOITER,0,0
2026-08-21T19:19:16,1787314757,13.822206,100.513505,,,-0.2,-1.8,-135.8,224.2,,,,23.19,24,AUTO.LOITER,0,0
2026-08-21T19:19:17,1787314758,13.822206,100.513505,,,-0.2,-1.8,-135.8,224.2,,,,23.19,24,AUTO.LOITER,0,0
2026-08-21T19:19:18,1787314759,13.822206,100.513505,,,-0.2,-1.8,-135.8,224.2,,,,23.19,24,AUTO.LOITER,0,0
2026-08-21T19:19:19,1787314760,13.822206,100.513505,,,-0.2,-1.8,-135.8,224.2,,,,23.19,24,AUTO.LOITER,0,0
2026-08-21T19:19:20,1787314761,13.822206,100.513505,,,-0.2,-1.8,-135.8,224.2,,,,23.19,24,AUTO.LOITER,0,0
2026-08-21T19:19:21,1787314762,13.821987,100.513558,,,-0.2,-1.8,-135.8,224.2,,,,23.19,24,AUTO.LOITER,0,0
2026-08-21T19:19:22,1787314763,13.821987,100.513558,,,-0.2,-1.8,-135.8,224.2,,,,23.19,24,AUTO.LOITER,0,0
2026-08-21T19:19:23,1787314764,13.821987,100.513558,,,-0.2,-1.8,-135.8,224.2,,,,23.19,24,AUTO.LOITER,0,0
2026-08-21T19:19:24,1787314765,13.821987,100.513558,,,-0.2,-1.8,-135.8,224.2,,,,23.19,24,AUTO.LOITER,0,0
2026-08-21T19:19:25,1787314766,13.821987,100.513558,,,-0.2,-1.8,-135.8,224.2,,,,23.19,24,AUTO.LOITER,0,0
2026-08-21T19:19:26,1787314767,13.821987,100.513558,,,-0.2,-1.8,-135.8,224.2,,,,23.19,24,AUTO.LOITER,0,0
2026-08-21T19:19:27,1787314768,13.821987,100.513558,,,-0.2,-1.8,-135.8,224.2,,,,23.19,24,AUTO.LOITER,0,0
2026-08-21T19:19:28,1787314769,13.821987,100.513558,,,-0.2,-1.8,-135.8,224.2,,,,23.19,24,AUTO.LOITER,0,0
2026-08-21T19:19:29,1787314770,13.821987,100.513558,,,-0.2,-1.8,-135.8,224.2,,,,23.19,24,AUTO.LOITER,0,0
2026-08-21T19:19:30,1787314771,13.821987,100.513558,,,-0.2,-1.8,-135.8,224.2,,,,23.19,24,AUTO.LOITER,0,0
2026-08-21T19:19:31,1787314772,13.821987,100.513558,,,-0.2,-1.8,-135.8,224.2,,,,23.19,24,AUTO.LOITER,0,0
2026-08-21T19:19:32,1787314773,13.821987,100.513558,,,-0.2,-1.8,-135.8,224.2,,,,23.19,24,AUTO.LOITER,0,0
2026-08-21T19:19:33,1787314774,13.821987,100.513558,,,-0.2,-1.8,-135.8,224.2,,,,23.19,24,AUTO.LOITER,0,0
2026-08-21T19:19:34,1787314775,13.821987,100.513558,,,-0.2,-1.8,-135.8,224.2,,,,23.19,24,AUTO.LOITER,0,0
2026-08-21T19:19:35,1787314776,13.821987,100.513558,,,-0.2,-1.8,-135.8,224.2,,,,23.19,24,AUTO.LOITER,0,0
2026-08-21T19:19:36,1787314777,13.821987,100.513558,,,-0.2,-1.8,-135.8,224.2,,,,23.19,24,AUTO.LOITER,0,0
2026-08-21T19:19:37,1787314778,13.821987,100.513558,,,-0.2,-1.8,-135.8,224.2,,,,23.19,24,AUTO.LOITER,0,0
2026-08-21T19:19:38,1787314779,13.821987,100.513558,,,-0.2,-1.8,-135.8,224.2,,,,23.19,24,AUTO.LOITER,0,0
2026-08-21T19:19:39,1787314780,13.821987,100.513558,,,-0.2,-1.8,-135.8,224.2,,,,23.19,24,AUTO.LOITER,0,0
2026-08-21T19:19:40,1787314781,13.821987,100.513558,,,-0.2,-1.8,-135.8,224.2,,,,23.19,24,AUTO.LOITER,0,0
2026-08-21T19:19:41,1787314782,13.821987,100.513558,,,-0.2,-1.8,-135.8,224.2,,,,23.19,24,AUTO.LOITER,0,0
2026-08-21T19:19:42,1787314783,13.821987,100.513558,,,-0.2,-1.8,-135.8,224.2,,,,23.19,24,AUTO.LOITER,0,0
2026-08-21T19:19:43,1787314784,13.821987,100.513558,,,-0.2,-1.8,-135.8,224.2,,,,23.19,24,AUTO.LOITER,0,0
2026-08-21T19:19:44,1787314785,13.821987,100.513558,,,-0.2,-1.8,-135.8,224.2,,,,23.19,24,AUTO.LOITER,0,0
2026-08-21T19:19:45,1787314786,13.821827,100.513553,,,-0.2,-1.8,-135.8,224.2,,,,23.19,24,AUTO.LOITER,0,0
2026-08-21T19:19:46,1787314787,13.821827,100.513553,,,-0.2,-1.8,-135.8,224.2,,,,23.19,24,AUTO.LOITER,0,0
2026-08-21T19:19:47,1787314788,13.821827,100.513553,,,-0.2,-1.8,-135.8,224.2,,,,23.19,24,AUTO.LOITER,0,0
2026-08-21T19:19:48,1787314789,13.821827,100.513553,,,-0.2,-1.8,-135.8,224.2,,,,23.19,24,AUTO.LOITER,0,0
2026-08-21T19:19:49,1787314790,13.821827,100.513553,,,-0.2,-1.8,-135.8,224.2,,,,23.19,24,AUTO.LOITER,0,0
2026-08-21T19:19:50,1787314791,13.821827,100.513553,,,-0.2,-1.8,-135.8,224.2,,,,23.19,24,AUTO.LOITER,0,0
2026-08-21T19:19:51,1787314792,13.821827,100.513553,,,-0.2,-1.8,-135.8,224.2,,,,23.19,24,AUTO.LOITER,0,0
2026-08-21T19:19:52,1787314793,13.821827,100.513553,,,-0.2,-1.8,-135.8,224.2,,,,23.19,24,AUTO.LOITER,0,0
2026-08-21T19:19:53,1787314794,13.821827,100.513553,,,-0.2,-1.8,-135.9,224.1,,,,23.19,24,AUTO.LOITER,0,0
2026-08-21T19:19:54,1787314795,13.821807,100.513565,,,-0.2,-1.8,-135.9,224.1,,,,23.19,24,AUTO.LOITER,0,0
2026-08-21T19:19:55,1787314796,13.821807,100.513565,,,-0.2,-1.8,-135.9,224.1,,,,23.18,24,AUTO.LOITER,0,0
2026-08-21T19:19:56,1787314797,13.821807,100.513565,,,-0.2,-1.8,-135.8,224.2,,,,23.18,24,AUTO.LOITER,0,0
2026-08-21T19:19:57,1787314798,13.821807,100.513565,,,-0.2,-1.8,-135.8,224.2,,,,23.18,24,AUTO.LOITER,0,0
2026-08-21T19:19:58,1787314799,13.821807,100.513565,,,-0.2,-1.8,-135.8,224.2,,,,23.18,24,AUTO.LOITER,0,0
2026-08-21T19:19:59,1787314800,13.821805,100.513557,,,-0.2,-1.8,-135.8,224.2,,,,23.18,24,AUTO.LOITER,0,0
2026-08-21T19:20:00,1787314801,13.821805,100.513557,,,-0.2,-1.8,-135.8,224.2,,,,23.18,24,AUTO.LOITER,0,0
2026-08-21T19:20:01,1787314802,13.821805,100.513557,,,-0.2,-1.8,-135.8,224.2,,,,23.18,24,AUTO.LOITER,0,0
2026-08-21T19:20:02,1787314803,13.821805,100.513557,,,-0.2,-1.8,-135.8,224.2,,,,23.18,24,AUTO.LOITER,0,0
2026-08-21T19:20:03,1787314804,13.821805,100.513557,,,-0.2,-1.8,-135.8,224.2,,,,23.18,24,AUTO.LOITER,0,0
2026-08-21T19:20:04,1787314805,13.821805,100.513557,,,-0.2,-1.8,-135.8,224.2,,,,23.18,24,AUTO.LOITER,0,0
2026-08-21T19:20:05,1787314806,13.821811,100.513521,,,-0.2,-1.8,-135.8,224.2,,,,23.18,24,AUTO.LOITER,0,0
2026-08-21T19:20:06,1787314807,13.821811,100.513521,,,-0.2,-1.8,-135.8,224.2,,,,23.18,24,AUTO.LOITER,0,0
2026-08-21T19:20:07,1787314808,13.821811,100.513521,,,-0.2,-1.8,-135.8,224.2,,,,23.18,24,AUTO.LOITER,0,0
2026-08-21T19:20:08,1787314809,13.821811,100.513521,,,-0.2,-1.8,-135.8,224.2,,,,23.18,24,AUTO.LOITER,0,0
2026-08-21T19:20:09,1787314810,13.821811,100.513521,,,-0.2,-1.8,-135.8,224.2,,,,23.18,24,AUTO.LOITER,0,0
2026-08-21T19:20:10,1787314811,13.82188,100.513475,,,-0.2,-1.8,-135.8,224.2,,,,23.18,24,AUTO.LOITER,0,0
2026-08-21T19:20:11,1787314812,13.82188,100.513475,,,-0.2,-1.8,-135.8,224.2,,,,23.18,24,AUTO.LOITER,0,0
2026-08-21T19:20:12,1787314813,13.82188,100.513475,,,-0.2,-1.8,-135.8,224.2,,,,23.18,24,AUTO.LOITER,0,0
2026-08-21T19:20:13,1787314814,13.82188,100.513475,,,-0.2,-1.8,-135.8,224.2,,,,23.18,24,AUTO.LOITER,0,0
2026-08-21T19:20:14,1787314815,13.82188,100.513475,,,-0.2,-1.8,-135.8,224.2,,,,23.18,24,AUTO.LOITER,0,0
2026-08-21T19:20:15,1787314816,13.821967,100.513425,,,-0.2,-1.8,-135.8,224.2,,,,23.18,24,AUTO.LOITER,0,0
2026-08-21T19:20:16,1787314817,13.821967,100.513425,,,-0.2,-1.8,-135.8,224.2,,,,23.18,24,AUTO.LOITER,0,0
2026-08-21T19:20:17,1787314818,13.821967,100.513425,,,-0.2,-1.8,-135.8,224.2,,,,23.18,24,AUTO.LOITER,0,0
2026-08-21T19:20:18,1787314819,13.821967,100.513425,,,-0.2,-1.8,-135.8,224.2,,,,23.18,24,AUTO.LOITER,0,0
2026-08-21T19:20:19,1787314820,13.821967,100.513425,,,-0.2,-1.8,-135.8,224.2,,,,23.18,24,AUTO.LOITER,0,0
2026-08-21T19:20:20,1787314821,13.821967,100.513425,,,-0.2,-1.8,-135.8,224.2,,,,23.18,24,AUTO.LOITER,0,0
2026-08-21T19:20:21,1787314822,13.821967,100.513425,,,-0.2,-1.8,-135.8,224.2,,,,23.18,24,AUTO.LOITER,0,0
2026-08-21T19:20:22,1787314823,13.821967,100.513425,,,-0.2,-1.8,-135.8,224.2,,,,23.18,24,AUTO.LOITER,0,0
2026-08-21T19:20:23,1787314824,13.821967,100.513425,,,-0.2,-1.8,-135.8,224.2,,,,23.18,24,AUTO.LOITER,0,0
2026-08-21T19:20:24,1787314825,13.821967,100.513425,,,-0.2,-1.8,-135.8,224.2,,,,23.18,24,AUTO.LOITER,0,0
2026-08-21T19:20:25,1787314826,13.821922,100.513477,,,-0.2,-1.8,-135.8,224.2,,,,23.18,24,AUTO.LOITER,0,0
2026-08-21T19:20:26,1787314827,13.821922,100.513477,,,-0.2,-1.8,-135.7,224.3,,,,23.18,24,AUTO.LOITER,0,0
2026-08-21T19:20:27,1787314828,13.821922,100.513477,,,-0.2,-1.8,-135.7,224.3,,,,23.18,24,AUTO.LOITER,0,0
2026-08-21T19:20:28,1787314829,13.821922,100.513477,,,-0.2,-1.8,-135.7,224.3,,,,23.18,24,AUTO.LOITER,0,0
2026-08-21T19:20:29,1787314830,13.821922,100.513477,,,-0.2,-1.8,-135.7,224.3,,,,23.18,24,AUTO.LOITER,0,0
2026-08-21T19:20:30,1787314831,13.821922,100.513477,,,-0.2,-1.8,-135.7,224.3,,,,23.18,24,AUTO.LOITER,0,0
2026-08-21T19:20:31,1787314832,13.821922,100.513477,,,-0.2,-1.8,-135.7,224.3,,,,23.18,24,AUTO.LOITER,0,0
2026-08-21T19:20:32,1787314833,13.821922,100.513477,,,-0.2,-1.8,-135.7,224.3,,,,23.18,24,AUTO.LOITER,0,0
2026-08-21T19:20:33,1787314834,13.821922,100.513477,,,-0.2,-1.8,-135.7,224.3,,,,23.18,24,AUTO.LOITER,0,0
2026-08-21T19:20:34,1787314835,13.821922,100.513477,,,-0.2,-1.8,-135.7,224.3,,,,23.18,24,AUTO.LOITER,0,0
2026-08-21T19:20:35,1787314836,13.821922,100.513477,,,-0.2,-1.8,-135.7,224.3,,,,23.18,24,AUTO.LOITER,0,0
2026-08-21T19:20:36,1787314837,13.821922,100.513477,,,-0.2,-1.8,-135.7,224.3,,,,23.18,24,AUTO.LOITER,0,0
2026-08-21T19:20:37,1787314838,13.821922,100.513477,,,-0.2,-1.8,-135.7,224.3,,,,23.18,24,AUTO.LOITER,0,0
2026-08-21T19:20:38,1787314839,13.821922,100.513477,,,-0.2,-1.8,-135.7,224.3,,,,23.18,24,AUTO.LOITER,0,0
2026-08-21T19:20:39,1787314840,13.821922,100.513477,,,-0.2,-1.8,-135.7,224.3,,,,23.18,24,AUTO.LOITER,0,0
2026-08-21T19:20:40,1787314841,13.821922,100.513477,,,-0.2,-1.8,-135.7,224.3,,,,23.18,24,AUTO.LOITER,0,0
2026-08-21T19:20:41,1787314842,13.821922,100.513477,,,-0.2,-1.8,-135.7,224.3,,,,23.18,24,AUTO.LOITER,0,0
2026-08-21T19:20:42,1787314843,13.821922,100.513477,,,-0.2,-1.8,-135.7,224.3,,,,23.18,24,AUTO.LOITER,0,0
2026-08-21T19:20:43,1787314844,13.821922,100.513477,,,-0.2,-1.8,-135.7,224.3,,,,23.18,24,AUTO.LOITER,0,0
2026-08-21T19:20:44,1787314845,13.821922,100.513477,,,-0.2,-1.8,-135.7,224.3,,,,23.18,24,AUTO.LOITER,0,0
2026-08-21T19:20:45,1787314846,13.821922,100.513477,,,-0.2,-1.8,-135.7,224.3,,,,23.18,24,AUTO.LOITER,0,0
2026-08-21T19:20:46,1787314847,13.821922,100.513477,,,-0.2,-1.8,-135.7,224.3,,,,23.18,24,AUTO.LOITER,0,0
2026-08-21T19:20:47,1787314848,13.821881,100.513476,,,-0.2,-1.8,-135.7,224.3,,,,23.18,24,AUTO.LOITER,0,0
2026-08-21T19:20:48,1787314849,13.821881,100.513476,,,-0.2,-1.8,-135.7,224.3,,,,23.18,24,AUTO.LOITER,0,0
2026-08-21T19:20:49,1787314850,13.821881,100.513476,,,-0.2,-1.8,-135.7,224.3,,,,23.18,24,AUTO.LOITER,0,0
2026-08-21T19:20:50,1787314851,13.821881,100.513476,,,-0.2,-1.8,-135.7,224.3,,,,23.18,24,AUTO.LOITER,0,0
2026-08-21T19:20:51,1787314852,13.821881,100.513476,,,-0.2,-1.8,-135.7,224.3,,,,23.18,24,AUTO.LOITER,0,0
2026-08-21T19:20:52,1787314853,13.821881,100.513476,,,-0.2,-1.8,-135.7,224.3,,,,23.18,24,AUTO.LOITER,0,0
2026-08-21T19:20:53,1787314854,13.821881,100.513476,,,-0.2,-1.8,-135.7,224.3,,,,23.18,24,AUTO.LOITER,0,0
2026-08-21T19:20:54,1787314855,13.821881,100.513476,,,-0.2,-1.8,-135.7,224.3,,,,23.18,24,AUTO.LOITER,0,0
2026-08-21T19:20:55,1787314856,13.821881,100.513476,,,-0.2,-1.8,-135.7,224.3,,,,23.18,24,AUTO.LOITER,0,0
2026-08-21T19:20:56,1787314857,13.821881,100.513476,,,-0.2,-1.8,-135.8,224.2,,,,23.18,24,AUTO.LOITER,0,0
2026-08-21T19:20:57,1787314858,13.821881,100.513476,,,-0.2,-1.8,-135.8,224.2,,,,23.18,24,AUTO.LOITER,0,0
2026-08-21T19:20:58,1787314859,13.821825,100.513466,,,-0.2,-1.8,-135.8,224.2,,,,23.18,24,AUTO.LOITER,0,0
2026-08-21T19:20:59,1787314860,13.821825,100.513466,,,-0.2,-1.8,-135.8,224.2,,,,23.18,24,AUTO.LOITER,0,0
2026-08-21T19:21:00,1787314861,13.821825,100.513466,,,-0.2,-1.8,-135.8,224.2,,,,23.18,24,AUTO.LOITER,0,0
2026-08-21T19:21:01,1787314862,13.821825,100.513466,,,-0.2,-1.8,-135.8,224.2,,,,23.18,24,AUTO.LOITER,0,0
2026-08-21T19:21:02,1787314863,13.821825,100.513466,,,-0.2,-1.8,-135.8,224.2,,,,23.18,24,AUTO.LOITER,0,0
2026-08-21T19:21:03,1787314864,13.821825,100.513466,,,-0.2,-1.8,-135.8,224.2,,,,23.18,24,AUTO.LOITER,0,0
2026-08-21T19:21:04,1787314865,13.821825,100.513466,,,-0.2,-1.8,-135.8,224.2,,,,23.18,24,AUTO.LOITER,0,0
2026-08-21T19:21:05,1787314866,13.821825,100.513466,,,-0.2,-1.8,-135.8,224.2,,,,23.18,24,AUTO.LOITER,0,0
2026-08-21T19:21:06,1787314867,13.821787,100.513494,,,-0.2,-1.8,-135.8,224.2,,,,23.18,24,AUTO.LOITER,0,0
2026-08-21T19:21:07,1787314868,13.821787,100.513494,,,-0.2,-1.8,-135.8,224.2,,,,23.18,24,AUTO.LOITER,0,0
2026-08-21T19:21:08,1787314869,13.821787,100.513494,,,-0.2,-1.8,-135.8,224.2,,,,23.18,24,AUTO.LOITER,0,0
2026-08-21T19:21:09,1787314870,13.821787,100.513494,,,-0.2,-1.8,-135.8,224.2,,,,23.18,24,AUTO.LOITER,0,0
2026-08-21T19:21:10,1787314871,13.821787,100.513494,,,-0.2,-1.8,-135.8,224.2,,,,23.18,24,AUTO.LOITER,0,0
2026-08-21T19:21:11,1787314872,13.821787,100.513495,,,-0.2,-1.8,-135.8,224.2,,,,23.18,24,AUTO.LOITER,0,0
2026-08-21T19:21:12,1787314873,13.821787,100.513495,,,-0.2,-1.8,-135.8,224.2,,,,23.18,24,AUTO.LOITER,0,0
2026-08-21T19:21:13,1787314874,13.821787,100.513495,,,-0.2,-1.8,-135.8,224.2,,,,23.18,24,AUTO.LOITER,0,0
2026-08-21T19:21:14,1787314875,13.821787,100.513495,,,-0.2,-1.8,-135.8,224.2,,,,23.18,24,AUTO.LOITER,0,0
2026-08-21T19:21:15,1787314876,13.821787,100.513495,,,-0.2,-1.8,-135.8,224.2,,,,23.18,24,AUTO.LOITER,0,0
2026-08-21T19:21:16,1787314877,13.821787,100.513495,,,-0.2,-1.8,-135.8,224.2,,,,23.18,24,AUTO.LOITER,0,0
2026-08-21T19:21:17,1787314878,13.821787,100.513495,,,-0.2,-1.8,-135.8,224.2,,,,23.18,24,AUTO.LOITER,0,0
2026-08-21T19:21:18,1787314879,13.821787,100.513495,,,-0.2,-1.8,-135.8,224.2,,,,23.18,24,AUTO.LOITER,0,0
2026-08-21T19:21:19,1787314880,13.821787,100.513495,,,-0.2,-1.8,-135.8,224.2,,,,23.18,24,AUTO.LOITER,0,0
2026-08-21T19:21:20,1787314881,13.821787,100.513495,,,-0.2,-1.8,-135.8,224.2,,,,23.18,24,AUTO.LOITER,0,0
2026-08-21T19:21:21,1787314882,13.821697,100.513481,,,-0.2,-1.8,-135.8,224.2,,,,23.18,24,AUTO.LOITER,0,0
2026-08-21T19:21:22,1787314883,13.821697,100.513481,,,-0.2,-1.8,-135.8,224.2,,,,23.18,24,AUTO.LOITER,0,0
2026-08-21T19:21:23,1787314884,13.821697,100.513481,,,-0.2,-1.8,-135.8,224.2,,,,23.18,24,AUTO.LOITER,0,0
2026-08-21T19:21:24,1787314885,13.821697,100.513481,,,-0.2,-1.8,-135.8,224.2,,,,23.18,24,AUTO.LOITER,0,0
2026-08-21T19:21:25,1787314886,13.821697,100.513481,,,-0.2,-1.8,-135.8,224.2,,,,23.18,24,AUTO.LOITER,0,0
2026-08-21T19:21:26,1787314887,13.821697,100.513481,,,-0.2,-1.8,-135.8,224.2,,,,23.18,24,AUTO.LOITER,0,0
2026-08-21T19:21:27,1787314888,13.821689,100.513466,,,-0.2,-1.8,-135.8,224.2,,,,23.18,24,AUTO.LOITER,0,0
2026-08-21T19:21:28,1787314889,13.821689,100.513466,,,-0.2,-1.8,-135.8,224.2,,,,23.18,24,AUTO.LOITER,0,0
2026-08-21T19:21:29,1787314890,13.821689,100.513466,,,-0.2,-1.8,-135.8,224.2,,,,23.18,24,AUTO.LOITER,0,0
2026-08-21T19:21:30,1787314891,13.821689,100.513466,,,-0.2,-1.8,-135.8,224.2,,,,23.18,24,AUTO.LOITER,0,0
2026-08-21T19:21:31,1787314892,13.821689,100.513466,,,-0.2,-1.8,-135.8,224.2,,,,23.18,24,AUTO.LOITER,0,0
2026-08-21T19:21:32,1787314893,13.821689,100.513466,,,-0.2,-1.8,-135.8,224.2,,,,23.18,24,AUTO.LOITER,0,0
2026-08-21T19:21:33,1787314894,13.821689,100.513466,,,-0.2,-1.8,-135.8,224.2,,,,23.18,24,AUTO.LOITER,0,0
2026-08-21T19:21:34,1787314895,13.821689,100.513466,,,-0.2,-1.8,-135.8,224.2,,,,23.18,24,AUTO.LOITER,0,0
2026-08-21T19:21:35,1787314896,13.821689,100.513466,,,-0.2,-1.8,-135.8,224.2,,,,23.18,24,AUTO.LOITER,0,0
2026-08-21T19:21:36,1787314897,13.821689,100.513466,,,-0.2,-1.8,-135.8,224.2,,,,23.18,24,AUTO.LOITER,0,0
2026-08-21T19:21:37,1787314898,13.821737,100.513444,,,-0.2,-1.8,-135.8,224.2,,,,23.18,24,AUTO.LOITER,0,0
2026-08-21T19:21:38,1787314899,13.821737,100.513444,,,-0.2,-1.8,-135.8,224.2,,,,23.18,24,AUTO.LOITER,0,0
2026-08-21T19:21:39,1787314900,13.821737,100.513444,,,-0.2,-1.8,-135.8,224.2,,,,23.18,24,AUTO.LOITER,0,0
2026-08-21T19:21:40,1787314901,13.821737,100.513444,,,-0.2,-1.8,-135.8,224.2,,,,23.18,24,AUTO.LOITER,0,0
2026-08-21T19:21:41,1787314902,13.821737,100.513444,,,-0.2,-1.8,-135.8,224.2,,,,23.18,24,AUTO.LOITER,0,0
2026-08-21T19:21:42,1787314903,13.821737,100.513444,,,-0.2,-1.8,-135.8,224.2,,,,23.18,24,AUTO.LOITER,0,0
2026-08-21T19:21:43,1787314904,13.821737,100.513444,,,-0.2,-1.8,-135.8,224.2,,,,23.18,24,AUTO.LOITER,0,0
2026-08-21T19:21:44,1787314905,13.821721,100.513422,,,-0.2,-1.8,-135.8,224.2,,,,23.18,24,AUTO.LOITER,0,0
2026-08-21T19:21:45,1787314906,13.821721,100.513422,,,-0.2,-1.8,-135.8,224.2,,,,23.18,24,AUTO.LOITER,0,0
2026-08-21T19:21:46,1787314907,13.821721,100.513422,,,-0.2,-1.8,-135.8,224.2,,,,23.17,24,AUTO.LOITER,0,0
2026-08-21T19:21:47,1787314908,13.821721,100.513422,,,-0.2,-1.8,-135.8,224.2,,,,23.17,24,AUTO.LOITER,0,0
2026-08-21T19:21:48,1787314909,13.821721,100.513422,,,-0.2,-1.8,-135.8,224.2,,,,23.17,24,AUTO.LOITER,0,0
2026-08-21T19:21:49,1787314910,13.821721,100.513422,,,-0.2,-1.8,-135.8,224.2,,,,23.17,24,AUTO.LOITER,0,0
2026-08-21T19:21:50,1787314911,13.821751,100.513392,,,-0.2,-1.8,-135.8,224.2,,,,23.17,24,AUTO.LOITER,0,0
2026-08-21T19:21:51,1787314912,13.821751,100.513392,,,-0.2,-1.8,-135.8,224.2,,,,23.17,24,AUTO.LOITER,0,0
2026-08-21T19:21:52,1787314913,13.821751,100.513392,,,-0.2,-1.8,-135.8,224.2,,,,23.17,24,AUTO.LOITER,0,0
2026-08-21T19:21:53,1787314914,13.821751,100.513392,,,-0.2,-1.8,-135.8,224.2,,,,23.17,24,AUTO.LOITER,0,0
2026-08-21T19:21:54,1787314915,13.821751,100.513392,,,-0.2,-1.8,-135.8,224.2,,,,23.17,24,AUTO.LOITER,0,0
2026-08-21T19:21:55,1787314916,13.821751,100.513392,,,-0.2,-1.8,-135.8,224.2,,,,23.17,24,AUTO.LOITER,0,0
2026-08-21T19:21:56,1787314917,13.821751,100.513392,,,-0.2,-1.8,-135.8,224.2,,,,23.17,24,AUTO.LOITER,0,0
2026-08-21T19:21:57,1787314918,13.821751,100.513392,,,-0.2,-1.8,-135.8,224.2,,,,23.17,24,AUTO.LOITER,0,0
2026-08-21T19:21:58,1787314919,13.821751,100.513392,,,-0.2,-1.8,-135.8,224.2,,,,23.17,24,AUTO.LOITER,0,0
2026-08-21T19:21:59,1787314920,13.821745,100.513376,,,-0.2,-1.8,-135.8,224.2,,,,23.17,24,AUTO.LOITER,0,0
2026-08-21T19:22:00,1787314921,13.821745,100.513376,,,-0.2,-1.8,-135.8,224.2,,,,23.17,24,AUTO.LOITER,0,0
2026-08-21T19:22:01,1787314922,13.821745,100.513376,,,-0.2,-1.8,-135.8,224.2,,,,23.17,24,AUTO.LOITER,0,0
2026-08-21T19:22:02,1787314923,13.821745,100.513376,,,-0.2,-1.8,-135.8,224.2,,,,23.17,24,AUTO.LOITER,0,0
2026-08-21T19:22:03,1787314924,13.821745,100.513376,,,-0.2,-1.8,-135.8,224.2,,,,23.17,24,AUTO.LOITER,0,0
2026-08-21T19:22:04,1787314925,13.821745,100.513376,,,-0.2,-1.8,-135.8,224.2,,,,23.17,24,AUTO.LOITER,0,0
2026-08-21T19:22:05,1787314926,13.821745,100.513376,,,-0.2,-1.8,-135.8,224.2,,,,23.17,24,AUTO.LOITER,0,0
2026-08-21T19:22:06,1787314927,13.821745,100.513376,,,-0.2,-1.7,-135.8,224.2,,,,23.17,24,AUTO.LOITER,0,0
2026-08-21T19:22:07,1787314928,13.821745,100.513376,,,-0.2,-1.7,-135.8,224.2,,,,23.17,24,AUTO.LOITER,0,0
2026-08-21T19:22:08,1787314929,13.821745,100.513376,,,-0.2,-1.7,-135.8,224.2,,,,23.17,24,AUTO.LOITER,0,0
2026-08-21T19:22:09,1787314930,13.821745,100.513376,,,-0.2,-1.7,-135.8,224.2,,,,23.17,24,AUTO.LOITER,0,0
2026-08-21T19:22:10,1787314931,13.821745,100.513376,,,-0.2,-1.7,-135.8,224.2,,,,23.17,24,AUTO.LOITER,0,0
2026-08-21T19:22:11,1787314932,13.821745,100.513376,,,-0.2,-1.7,-135.8,224.2,,,,23.17,24,AUTO.LOITER,0,0
2026-08-21T19:22:12,1787314933,13.821745,100.513376,,,-0.2,-1.7,-135.8,224.2,,,,23.17,24,AUTO.LOITER,0,0
2026-08-21T19:22:13,1787314934,13.821745,100.513376,,,-0.2,-1.7,-135.8,224.2,,,,23.17,24,AUTO.LOITER,0,0
2026-08-21T19:22:14,1787314935,13.821745,100.513376,,,-0.2,-1.7,-135.8,224.2,,,,23.17,24,AUTO.LOITER,0,0
2026-08-21T19:22:15,1787314936,13.821745,100.513376,,,-0.2,-1.7,-135.8,224.2,,,,23.17,24,AUTO.LOITER,0,0
2026-08-21T19:22:16,1787314937,13.821745,100.513376,,,-0.2,-1.8,-135.8,224.2,,,,23.17,24,AUTO.LOITER,0,0
2026-08-21T19:22:17,1787314938,13.821745,100.513376,,,-0.2,-1.8,-135.8,224.2,,,,23.17,24,AUTO.LOITER,0,0
2026-08-21T19:22:18,1787314939,13.821745,100.513376,,,-0.2,-1.8,-135.8,224.2,,,,23.17,24,AUTO.LOITER,0,0
2026-08-21T19:22:19,1787314940,13.821745,100.513376,,,-0.2,-1.8,-135.8,224.2,,,,23.17,24,AUTO.LOITER,0,0
2026-08-21T19:22:20,1787314941,13.821745,100.513376,,,-0.2,-1.8,-135.8,224.2,,,,23.17,24,AUTO.LOITER,0,0
2026-08-21T19:22:21,1787314942,13.821745,100.513376,,,-0.2,-1.8,-135.8,224.2,,,,23.17,24,AUTO.LOITER,0,0
2026-08-21T19:22:22,1787314943,13.821745,100.513376,,,-0.2,-1.8,-135.8,224.2,,,,23.17,24,AUTO.LOITER,0,0
2026-08-21T19:22:23,1787314944,13.821745,100.513376,,,-0.2,-1.8,-135.8,224.2,,,,23.17,24,AUTO.LOITER,0,0
2026-08-21T19:22:25,1787314945,13.821745,100.513376,,,-0.2,-1.8,-135.8,224.2,,,,23.17,24,AUTO.LOITER,0,0
2026-08-21T19:22:26,1787314946,13.821745,100.513376,,,-0.2,-1.8,-135.8,224.2,,,,23.17,24,AUTO.LOITER,0,0
2026-08-21T19:22:27,1787314947,13.821745,100.513376,,,-0.2,-1.8,-135.8,224.2,,,,23.17,24,AUTO.LOITER,0,0
2026-08-21T19:22:28,1787314948,13.821795,100.513464,,,-0.2,-1.8,-135.8,224.2,,,,23.17,24,AUTO.LOITER,0,0
2026-08-21T19:22:29,1787314949,13.821795,100.513464,,,-0.2,-1.8,-135.8,224.2,,,,23.17,24,AUTO.LOITER,0,0
2026-08-21T19:22:30,1787314950,13.821795,100.513464,,,-0.2,-1.8,-135.8,224.2,,,,23.17,24,AUTO.LOITER,0,0
2026-08-21T19:22:31,1787314951,13.821795,100.513464,,,-0.2,-1.8,-135.8,224.2,,,,23.17,24,AUTO.LOITER,0,0
2026-08-21T19:22:34,1787314954,13.821795,100.513464,,,-0.2,-1.8,-135.8,224.2,,,,23.17,24,AUTO.LOITER,0,0
2026-08-21T19:22:35,1787314955,13.821795,100.513464,,,-0.2,-1.8,-135.8,224.2,,,,23.17,24,AUTO.LOITER,0,0
2026-08-21T19:22:36,1787314956,13.821795,100.513464,,,-0.2,-1.8,-135.8,224.2,,,,23.17,24,AUTO.LOITER,0,0
2026-08-21T19:22:37,1787314957,13.821803,100.513492,,,-0.2,-1.8,-135.8,224.2,,,,23.17,24,AUTO.LOITER,0,0
2026-08-21T19:22:38,1787314958,13.821803,100.513492,,,-0.2,-1.8,-135.8,224.2,,,,23.17,24,AUTO.LOITER,0,0
2026-08-21T19:22:39,1787314959,13.821803,100.513492,,,-0.2,-1.8,-135.8,224.2,,,,23.17,24,AUTO.LOITER,0,0
2026-08-21T19:22:40,1787314960,13.821803,100.513492,,,-0.2,-1.8,-135.8,224.2,,,,23.17,24,AUTO.LOITER,0,0
2026-08-21T19:22:41,1787314961,13.821803,100.513492,,,-0.2,-1.8,-135.8,224.2,,,,23.17,24,AUTO.LOITER,0,0
2026-08-21T19:22:42,1787314962,13.821803,100.513492,,,-0.2,-1.8,-135.8,224.2,,,,23.17,24,AUTO.LOITER,0,0
2026-08-21T19:22:43,1787314963,13.821803,100.513492,,,-0.2,-1.8,-135.8,224.2,,,,23.17,24,AUTO.LOITER,0,0
2026-08-21T19:22:44,1787314964,13.821803,100.513492,,,-0.2,-1.8,-135.8,224.2,,,,23.17,24,AUTO.LOITER,0,0
2026-08-21T19:22:45,1787314965,13.821836,100.51348,,,-0.2,-1.8,-135.8,224.2,,,,23.17,24,AUTO.LOITER,0,0
2026-08-21T19:22:46,1787314966,13.821836,100.51348,,,-0.2,-1.8,-135.8,224.2,,,,23.17,24,AUTO.LOITER,0,0
2026-08-21T19:22:47,1787314967,13.821836,100.51348,,,-0.2,-1.8,-135.8,224.2,,,,23.17,24,AUTO.LOITER,0,0
2026-08-21T19:22:48,1787314968,13.821836,100.51348,,,-0.2,-1.8,-135.8,224.2,,,,23.17,24,AUTO.LOITER,0,0
2026-08-21T19:22:49,1787314969,13.821836,100.51348,,,-0.2,-1.8,-135.8,224.2,,,,23.17,24,AUTO.LOITER,0,0
2026-08-21T19:22:50,1787314970,13.821836,100.51348,,,-0.2,-1.8,-135.8,224.2,,,,23.17,24,AUTO.LOITER,0,0
2026-08-21T19:22:51,1787314971,13.821836,100.51348,,,-0.2,-1.8,-135.8,224.2,,,,23.17,24,AUTO.LOITER,0,0
2026-08-21T19:22:52,1787314972,13.821836,100.51348,,,-0.2,-1.8,-135.8,224.2,,,,23.17,24,AUTO.LOITER,0,0
2026-08-21T19:22:53,1787314973,13.821836,100.51348,,,-0.2,-1.8,-135.8,224.2,,,,23.17,24,AUTO.LOITER,0,0
2026-08-21T19:22:54,1787314974,13.821836,100.51348,,,-0.2,-1.8,-135.8,224.2,,,,23.17,24,AUTO.LOITER,0,0
2026-08-21T19:22:55,1787314975,13.821836,100.51348,,,-0.2,-1.8,-135.8,224.2,,,,23.17,24,AUTO.LOITER,0,0
2026-08-21T19:22:56,1787314976,13.821836,100.51348,,,-0.2,-1.8,-135.8,224.2,,,,23.17,24,AUTO.LOITER,0,0
2026-08-21T19:22:57,1787314977,13.821836,100.51348,,,-0.2,-1.8,-135.8,224.2,,,,23.17,24,AUTO.LOITER,0,0
2026-08-21T19:22:58,1787314978,13.821836,100.51348,,,-0.2,-1.8,-135.8,224.2,,,,23.17,24,AUTO.LOITER,0,0
2026-08-21T19:22:59,1787314979,13.821836,100.51348,,,-0.2,-1.8,-135.8,224.2,,,,23.17,24,AUTO.LOITER,0,0
2026-08-21T19:23:00,1787314980,13.821836,100.51348,,,-0.2,-1.8,-135.8,224.2,,,,23.17,24,AUTO.LOITER,0,0
2026-08-21T19:23:01,1787314981,13.821836,100.51348,,,-0.2,-1.8,-135.8,224.2,,,,23.17,24,AUTO.LOITER,0,0
2026-08-21T19:23:02,1787314982,13.821836,100.51348,,,-0.2,-1.8,-135.8,224.2,,,,23.17,24,AUTO.LOITER,0,0
2026-08-21T19:23:03,1787314983,13.821927,100.513443,,,-0.2,-1.8,-135.8,224.2,,,,23.17,24,AUTO.LOITER,0,0
2026-08-21T19:23:04,1787314984,13.821927,100.513443,,,-0.2,-1.8,-135.8,224.2,,,,23.17,24,AUTO.LOITER,0,0
2026-08-21T19:23:05,1787314985,13.821927,100.513443,,,-0.2,-1.8,-135.8,224.2,,,,23.17,24,AUTO.LOITER,0,0
2026-08-21T19:23:06,1787314986,13.821927,100.513443,,,-0.2,-1.8,-135.8,224.2,,,,23.17,24,AUTO.LOITER,0,0
2026-08-21T19:23:07,1787314987,13.821927,100.513443,,,-0.2,-1.8,-135.8,224.2,,,,23.17,24,AUTO.LOITER,0,0
2026-08-21T19:23:08,1787314988,13.821927,100.513443,,,-0.2,-1.8,-135.8,224.2,,,,23.17,24,AUTO.LOITER,0,0
2026-08-21T19:23:09,1787314989,13.821927,100.513443,,,-0.2,-1.8,-135.8,224.2,,,,23.17,24,AUTO.LOITER,0,0
2026-08-21T19:23:10,1787314990,13.821927,100.513443,,,-0.2,-1.8,-135.8,224.2,,,,23.17,24,AUTO.LOITER,0,0
2026-08-21T19:23:11,1787314991,13.821949,100.513437,,,-0.2,-1.8,-135.8,224.2,,,,23.16,24,AUTO.LOITER,0,0
2026-08-21T19:23:12,1787314992,13.821949,100.513437,,,-0.2,-1.8,-135.8,224.2,,,,23.16,24,AUTO.LOITER,0,0
2026-08-21T19:23:13,1787314993,13.821949,100.513437,,,-0.2,-1.8,-135.7,224.3,,,,23.16,24,AUTO.LOITER,0,0
2026-08-21T19:23:14,1787314994,13.821949,100.513437,,,-0.2,-1.8,-135.7,224.3,,,,23.16,24,AUTO.LOITER,0,0
2026-08-21T19:23:15,1787314995,13.821949,100.513437,,,-0.2,-1.8,-135.7,224.3,,,,23.16,24,AUTO.LOITER,0,0
2026-08-21T19:23:16,1787314996,13.821949,100.513437,,,-0.2,-1.8,-135.7,224.3,,,,23.16,24,AUTO.LOITER,0,0
2026-08-21T19:23:17,1787314997,13.821949,100.513437,,,-0.2,-1.8,-135.7,224.3,,,,23.16,24,AUTO.LOITER,0,0
2026-08-21T19:23:18,1787314998,13.821949,100.513437,,,-0.2,-1.8,-135.7,224.3,,,,23.16,24,AUTO.LOITER,0,0
2026-08-21T19:23:19,1787314999,13.821949,100.513437,,,-0.2,-1.8,-135.7,224.3,,,,23.16,24,AUTO.LOITER,0,0
2026-08-21T19:23:20,1787315000,13.821949,100.513437,,,-0.2,-1.8,-135.7,224.3,,,,23.16,24,AUTO.LOITER,0,0
2026-08-21T19:23:21,1787315001,13.821949,100.513437,,,-0.2,-1.8,-135.7,224.3,,,,23.16,23,AUTO.LOITER,0,0
2026-08-21T19:23:22,1787315002,13.8219,100.513469,,,-0.2,-1.8,-135.7,224.3,,,,23.16,23,AUTO.LOITER,0,0
2026-08-21T19:23:23,1787315003,13.8219,100.513469,,,-0.2,-1.8,-135.7,224.3,,,,23.16,23,AUTO.LOITER,0,0
2026-08-21T19:23:24,1787315004,13.8219,100.513469,,,-0.2,-1.8,-135.7,224.3,,,,23.16,23,AUTO.LOITER,0,0
2026-08-21T19:23:25,1787315005,13.8219,100.513469,,,-0.2,-1.8,-135.7,224.3,,,,23.16,23,AUTO.LOITER,0,0
2026-08-21T19:23:26,1787315006,13.8219,100.513469,,,-0.2,-1.8,-135.7,224.3,,,,23.16,23,AUTO.LOITER,0,0
2026-08-21T19:23:27,1787315007,13.8219,100.513469,,,-0.2,-1.8,-135.7,224.3,,,,23.16,23,AUTO.LOITER,0,0
2026-08-21T19:23:28,1787315008,13.8219,100.513469,,,-0.2,-1.8,-135.7,224.3,,,,23.16,23,AUTO.LOITER,0,0
2026-08-21T19:23:29,1787315009,13.8219,100.513469,,,-0.2,-1.8,-135.7,224.3,,,,23.16,23,AUTO.LOITER,0,0
2026-08-21T19:23:30,1787315010,13.8219,100.513469,,,-0.2,-1.8,-135.7,224.3,,,,23.16,23,AUTO.LOITER,0,0
2026-08-21T19:23:31,1787315011,13.8219,100.513469,,,-0.2,-1.8,-135.7,224.3,,,,23.16,23,AUTO.LOITER,0,0
2026-08-21T19:23:32,1787315012,13.8219,100.513469,,,-0.2,-1.8,-135.7,224.3,,,,23.16,23,AUTO.LOITER,0,0
2026-08-21T19:23:33,1787315013,13.8219,100.513469,,,-0.2,-1.8,-135.7,224.3,,,,23.16,23,AUTO.LOITER,0,0
2026-08-21T19:23:34,1787315014,13.8219,100.513469,,,-0.2,-1.8,-135.7,224.3,,,,23.16,23,AUTO.LOITER,0,0
2026-08-21T19:23:35,1787315015,13.8219,100.513469,,,-0.2,-1.8,-135.7,224.3,,,,23.16,23,AUTO.LOITER,0,0
2026-08-21T19:23:36,1787315016,13.8219,100.513469,,,-0.2,-1.8,-135.7,224.3,,,,23.16,23,AUTO.LOITER,0,0
2026-08-21T19:23:37,1787315017,13.8219,100.513469,,,-0.2,-1.8,-135.7,224.3,,,,23.16,23,AUTO.LOITER,0,0
2026-08-21T19:23:38,1787315018,13.8219,100.513469,,,-0.2,-1.8,-135.7,224.3,,,,23.16,23,AUTO.LOITER,0,0
2026-08-21T19:23:39,1787315019,13.8219,100.513469,,,-0.2,-1.8,-135.7,224.3,,,,23.16,23,AUTO.LOITER,0,0
2026-08-21T19:23:40,1787315020,13.8219,100.513469,,,-0.2,-1.8,-135.7,224.3,,,,23.16,23,AUTO.LOITER,0,0
2026-08-21T19:23:41,1787315021,13.8219,100.513469,,,-0.2,-1.8,-135.7,224.3,,,,23.16,23,AUTO.LOITER,0,0
2026-08-21T19:23:42,1787315022,13.8219,100.513469,,,-0.2,-1.8,-135.7,224.3,,,,23.16,23,AUTO.LOITER,0,0
2026-08-21T19:23:43,1787315023,13.8219,100.513469,,,-0.2,-1.8,-135.7,224.3,,,,23.16,23,AUTO.LOITER,0,0
2026-08-21T19:23:44,1787315024,13.8219,100.513469,,,-0.2,-1.8,-135.7,224.3,,,,23.16,23,AUTO.LOITER,0,0
2026-08-21T19:23:45,1787315025,13.821951,100.513412,,,-0.2,-1.8,-135.7,224.3,,,,23.16,23,AUTO.LOITER,0,0
2026-08-21T19:23:46,1787315026,13.821951,100.513412,,,-0.2,-1.8,-135.7,224.3,,,,23.16,23,AUTO.LOITER,0,0
2026-08-21T19:23:47,1787315027,13.821951,100.513412,,,-0.2,-1.8,-135.7,224.3,,,,23.16,23,AUTO.LOITER,0,0
2026-08-21T19:23:48,1787315028,13.821951,100.513412,,,-0.2,-1.8,-135.7,224.3,,,,23.16,23,AUTO.LOITER,0,0
2026-08-21T19:23:49,1787315029,13.821951,100.513412,,,-0.2,-1.8,-135.7,224.3,,,,23.16,23,AUTO.LOITER,0,0
2026-08-21T19:23:50,1787315030,13.821951,100.513412,,,-0.2,-1.8,-135.7,224.3,,,,23.16,23,AUTO.LOITER,0,0
2026-08-21T19:23:51,1787315031,13.821951,100.513412,,,-0.2,-1.8,-135.7,224.3,,,,23.16,23,AUTO.LOITER,0,0
2026-08-21T19:23:52,1787315032,13.821951,100.513412,,,-0.2,-1.8,-135.7,224.3,,,,23.16,23,AUTO.LOITER,0,0
2026-08-21T19:23:53,1787315033,13.821944,100.513402,,,-0.2,-1.8,-135.7,224.3,,,,23.16,23,AUTO.LOITER,0,0
2026-08-21T19:23:54,1787315034,13.821944,100.513402,,,-0.2,-1.8,-135.7,224.3,,,,23.16,23,AUTO.LOITER,0,0
2026-08-21T19:23:55,1787315035,13.821944,100.513402,,,-0.2,-1.8,-135.7,224.3,,,,23.16,23,AUTO.LOITER,0,0
2026-08-21T19:23:56,1787315036,13.821944,100.513402,,,-0.2,-1.8,-135.7,224.3,,,,23.16,23,AUTO.LOITER,0,0
2026-08-21T19:23:57,1787315037,13.821932,100.5134,,,-0.2,-1.8,-135.7,224.3,,,,23.16,23,AUTO.LOITER,0,0
2026-08-21T19:23:58,1787315038,13.821932,100.5134,,,-0.2,-1.8,-135.8,224.2,,,,23.16,23,AUTO.LOITER,0,0
2026-08-21T19:23:59,1787315039,13.821932,100.5134,,,-0.2,-1.8,-135.8,224.2,,,,23.16,23,AUTO.LOITER,0,0
2026-08-21T19:24:00,1787315040,13.821932,100.5134,,,-0.2,-1.8,-135.8,224.2,,,,23.16,23,AUTO.LOITER,0,0
2026-08-21T19:24:01,1787315041,13.821939,100.513408,,,-0.2,-1.8,-135.8,224.2,,,,23.16,23,AUTO.LOITER,0,0
2026-08-21T19:24:02,1787315042,13.821939,100.513408,,,-0.2,-1.8,-135.8,224.2,,,,23.16,23,AUTO.LOITER,0,0
2026-08-21T19:24:03,1787315043,13.821939,100.513408,,,-0.2,-1.8,-135.8,224.2,,,,23.16,23,AUTO.LOITER,0,0
2026-08-21T19:24:04,1787315044,13.821939,100.513408,,,-0.2,-1.8,-135.8,224.2,,,,23.16,23,AUTO.LOITER,0,0
2026-08-21T19:24:05,1787315045,13.821939,100.513408,,,-0.2,-1.8,-135.8,224.2,,,,23.16,23,AUTO.LOITER,0,0
2026-08-21T19:24:06,1787315046,13.821939,100.513408,,,-0.2,-1.8,-135.8,224.2,,,,23.16,23,AUTO.LOITER,0,0
2026-08-21T19:24:07,1787315047,13.821939,100.513408,,,-0.2,-1.8,-135.8,224.2,,,,23.16,23,AUTO.LOITER,0,0
2026-08-21T19:24:08,1787315048,13.821939,100.513408,,,-0.2,-1.8,-135.8,224.2,,,,23.16,23,AUTO.LOITER,0,0
2026-08-21T19:24:09,1787315049,13.821939,100.513408,,,-0.2,-1.8,-135.8,224.2,,,,23.16,23,AUTO.LOITER,0,0
2026-08-21T19:24:10,1787315050,13.821939,100.513408,,,-0.2,-1.8,-135.8,224.2,,,,23.16,23,AUTO.LOITER,0,0
2026-08-21T19:24:11,1787315051,13.821939,100.513408,,,-0.2,-1.8,-135.8,224.2,,,,23.16,23,AUTO.LOITER,0,0
2026-08-21T19:24:12,1787315052,13.821939,100.513408,,,-0.2,-1.8,-135.8,224.2,,,,23.16,23,AUTO.LOITER,0,0
2026-08-21T19:24:13,1787315053,13.821939,100.513408,,,-0.2,-1.8,-135.8,224.2,,,,23.16,23,AUTO.LOITER,0,0
2026-08-21T19:24:14,1787315054,13.821928,100.513437,,,-0.2,-1.8,-135.8,224.2,,,,23.16,23,AUTO.LOITER,0,0
2026-08-21T19:24:15,1787315055,13.821928,100.513437,,,-0.2,-1.8,-135.8,224.2,,,,23.16,23,AUTO.LOITER,0,0
2026-08-21T19:24:16,1787315056,13.821928,100.513437,,,-0.2,-1.8,-135.8,224.2,,,,23.16,23,AUTO.LOITER,0,0
2026-08-21T19:24:17,1787315057,13.821928,100.513437,,,-0.2,-1.8,-135.8,224.2,,,,23.16,23,AUTO.LOITER,0,0
2026-08-21T19:24:18,1787315058,13.821928,100.513437,,,-0.2,-1.8,-135.8,224.2,,,,23.16,23,AUTO.LOITER,0,0
2026-08-21T19:24:19,1787315059,13.821904,100.513454,,,-0.2,-1.8,-135.8,224.2,,,,23.16,23,AUTO.LOITER,0,0
2026-08-21T19:24:20,1787315060,13.821904,100.513454,,,-0.2,-1.8,-135.8,224.2,,,,23.16,23,AUTO.LOITER,0,0
2026-08-21T19:24:21,1787315061,13.821904,100.513454,,,-0.2,-1.8,-135.8,224.2,,,,23.16,23,AUTO.LOITER,0,0
2026-08-21T19:24:22,1787315062,13.821904,100.513454,,,-0.2,-1.8,-135.8,224.2,,,,23.16,23,AUTO.LOITER,0,0
2026-08-21T19:24:23,1787315063,13.821895,100.513465,,,-0.2,-1.8,-135.8,224.2,,,,23.16,23,AUTO.LOITER,0,0
2026-08-21T19:24:24,1787315064,13.821895,100.513465,,,-0.2,-1.8,-135.8,224.2,,,,23.16,23,AUTO.LOITER,0,0
2026-08-21T19:24:25,1787315065,13.821895,100.513465,,,-0.2,-1.8,-135.8,224.2,,,,23.16,23,AUTO.LOITER,0,0
2026-08-21T19:24:26,1787315066,13.821895,100.513465,,,-0.2,-1.8,-135.8,224.2,,,,23.16,23,AUTO.LOITER,0,0
2026-08-21T19:24:27,1787315067,13.821895,100.513465,,,-0.2,-1.8,-135.8,224.2,,,,23.16,23,AUTO.LOITER,0,0
2026-08-21T19:24:28,1787315068,13.821895,100.513465,,,-0.2,-1.8,-135.8,224.2,,,,23.16,23,AUTO.LOITER,0,0
2026-08-21T19:24:29,1787315069,13.821895,100.513465,,,-0.2,-1.8,-135.8,224.2,,,,23.16,23,AUTO.LOITER,0,0
2026-08-21T19:24:30,1787315070,13.821895,100.513465,,,-0.2,-1.8,-135.7,224.3,,,,23.16,23,AUTO.LOITER,0,0
2026-08-21T19:24:31,1787315071,13.821895,100.513465,,,-0.2,-1.8,-135.7,224.3,,,,23.16,23,AUTO.LOITER,0,0
2026-08-21T19:24:32,1787315072,13.821895,100.513465,,,-0.2,-1.8,-135.7,224.3,,,,23.16,23,AUTO.LOITER,0,0
2026-08-21T19:24:33,1787315073,13.821889,100.51349,,,-0.2,-1.8,-135.8,224.2,,,,23.16,23,AUTO.LOITER,0,0
2026-08-21T19:24:34,1787315074,13.821889,100.51349,,,-0.2,-1.8,-135.8,224.2,,,,23.16,23,AUTO.LOITER,0,0
2026-08-21T19:24:35,1787315075,13.821889,100.51349,,,-0.2,-1.8,-135.8,224.2,,,,23.16,23,AUTO.LOITER,0,0
2026-08-21T19:24:36,1787315076,13.821889,100.51349,,,-0.2,-1.8,-135.8,224.2,,,,23.16,23,AUTO.LOITER,0,0
2026-08-21T19:24:37,1787315077,13.821889,100.51349,,,-0.2,-1.8,-135.8,224.2,,,,23.16,23,AUTO.LOITER,0,0
2026-08-21T19:24:38,1787315078,13.82189,100.513489,,,-0.2,-1.8,-135.8,224.2,,,,23.16,23,AUTO.LOITER,0,0
2026-08-21T19:24:39,1787315079,13.82189,100.513489,,,-0.2,-1.8,-135.8,224.2,,,,23.16,23,AUTO.LOITER,0,0
2026-08-21T19:24:40,1787315080,13.82189,100.513489,,,-0.2,-1.8,-135.8,224.2,,,,23.16,23,AUTO.LOITER,0,0
2026-08-21T19:24:41,1787315081,13.82189,100.513489,,,-0.2,-1.8,-135.8,224.2,,,,23.16,23,AUTO.LOITER,0,0
2026-08-21T19:24:42,1787315082,13.821934,100.513481,,,-0.2,-1.8,-135.8,224.2,,,,23.16,23,AUTO.LOITER,0,0
2026-08-21T19:24:43,1787315083,13.821934,100.513481,,,-0.2,-1.8,-135.8,224.2,,,,23.16,23,AUTO.LOITER,0,0
2026-08-21T19:24:44,1787315084,13.821934,100.513481,,,-0.2,-1.8,-135.8,224.2,,,,23.16,23,AUTO.LOITER,0,0
2026-08-21T19:24:45,1787315085,13.821934,100.513481,,,-0.2,-1.8,-135.8,224.2,,,,23.16,23,AUTO.LOITER,0,0
2026-08-21T19:24:46,1787315086,13.821934,100.513481,,,-0.2,-1.8,-135.8,224.2,,,,23.16,23,AUTO.LOITER,0,0
2026-08-21T19:24:47,1787315087,13.821934,100.513481,,,-0.2,-1.8,-135.8,224.2,,,,23.16,23,AUTO.LOITER,0,0
2026-08-21T19:24:48,1787315088,13.821934,100.513481,,,-0.2,-1.8,-135.8,224.2,,,,23.16,23,AUTO.LOITER,0,0
2026-08-21T19:24:51,1787315091,13.821934,100.513481,,,-0.2,-1.8,-135.8,224.2,,,,23.16,23,AUTO.LOITER,0,0
2026-08-21T19:24:52,1787315092,13.821934,100.513481,,,-0.2,-1.8,-135.8,224.2,,,,23.16,23,AUTO.LOITER,0,0
2026-08-21T19:24:53,1787315093,13.821934,100.513481,,,-0.2,-1.8,-135.8,224.2,,,,23.16,23,AUTO.LOITER,0,0
2026-08-21T19:24:54,1787315094,13.821926,100.51346,,,-0.2,-1.8,-135.8,224.2,,,,23.15,23,AUTO.LOITER,0,0
2026-08-21T19:24:55,1787315095,13.821926,100.51346,,,-0.2,-1.8,-135.8,224.2,,,,23.15,23,AUTO.LOITER,0,0
2026-08-21T19:24:56,1787315096,13.821926,100.51346,,,-0.2,-1.8,-135.8,224.2,,,,23.15,23,AUTO.LOITER,0,0
2026-08-21T19:24:57,1787315097,13.821926,100.51346,,,-0.2,-1.8,-135.8,224.2,,,,23.15,23,AUTO.LOITER,0,0
2026-08-21T19:24:58,1787315098,13.821926,100.51346,,,-0.2,-1.8,-135.8,224.2,,,,23.15,23,AUTO.LOITER,0,0
2026-08-21T19:24:59,1787315099,13.821926,100.51346,,,-0.2,-1.8,-135.8,224.2,,,,23.15,23,AUTO.LOITER,0,0
2026-08-21T19:25:00,1787315100,13.821926,100.51346,,,-0.2,-1.8,-135.8,224.2,,,,23.15,23,AUTO.LOITER,0,0
2026-08-21T19:25:01,1787315101,13.821926,100.51346,,,-0.2,-1.8,-135.8,224.2,,,,23.15,23,AUTO.LOITER,0,0
2026-08-21T19:25:02,1787315102,13.821882,100.51346,,,-0.2,-1.8,-135.8,224.2,,,,23.15,23,AUTO.LOITER,0,0
2026-08-21T19:25:03,1787315103,13.821882,100.51346,,,-0.2,-1.8,-135.8,224.2,,,,23.15,23,AUTO.LOITER,0,0
2026-08-21T19:25:04,1787315104,13.821882,100.51346,,,-0.2,-1.8,-135.8,224.2,,,,23.15,23,AUTO.LOITER,0,0
2026-08-21T19:25:05,1787315105,13.821882,100.51346,,,-0.2,-1.8,-135.8,224.2,,,,23.15,23,AUTO.LOITER,0,0
2026-08-21T19:25:06,1787315106,13.821882,100.51346,,,-0.2,-1.8,-135.8,224.2,,,,23.15,23,AUTO.LOITER,0,0
2026-08-21T19:25:07,1787315107,13.821882,100.51346,,,-0.2,-1.8,-135.8,224.2,,,,23.15,23,AUTO.LOITER,0,0
2026-08-21T19:25:08,1787315108,13.82179,100.513411,,,-0.2,-1.8,-135.8,224.2,,,,23.15,23,AUTO.LOITER,0,0
2026-08-21T19:25:09,1787315109,13.82179,100.513411,,,-0.2,-1.8,-135.8,224.2,,,,23.15,23,AUTO.LOITER,0,0
2026-08-21T19:25:10,1787315110,13.82179,100.513411,,,-0.2,-1.8,-135.8,224.2,,,,23.15,23,AUTO.LOITER,0,0
2026-08-21T19:25:11,1787315111,13.82179,100.513411,,,-0.2,-1.8,-135.8,224.2,,,,23.15,23,AUTO.LOITER,0,0
2026-08-21T19:25:12,1787315112,13.82179,100.513411,,,-0.2,-1.8,-135.8,224.2,,,,23.15,23,AUTO.LOITER,0,0
2026-08-21T19:25:13,1787315113,13.82179,100.513411,,,-0.2,-1.8,-135.8,224.2,,,,23.15,23,AUTO.LOITER,0,0
2026-08-21T19:25:14,1787315114,13.82179,100.513411,,,-0.2,-1.8,-135.8,224.2,,,,23.15,23,AUTO.LOITER,0,0
2026-08-21T19:25:15,1787315115,13.82179,100.513411,,,-0.2,-1.8,-135.8,224.2,,,,23.15,23,AUTO.LOITER,0,0
2026-08-21T19:25:16,1787315116,13.82179,100.513411,,,-0.2,-1.8,-135.8,224.2,,,,23.15,23,AUTO.LOITER,0,0
2026-08-21T19:25:17,1787315117,13.82179,100.513411,,,-0.2,-1.8,-135.8,224.2,,,,23.15,23,AUTO.LOITER,0,0
2026-08-21T19:25:18,1787315118,13.82179,100.513411,,,-0.2,-1.8,-135.8,224.2,,,,23.15,23,AUTO.LOITER,0,0
2026-08-21T19:25:19,1787315119,13.82179,100.513411,,,-0.2,-1.8,-135.8,224.2,,,,23.15,23,AUTO.LOITER,0,0
2026-08-21T19:25:20,1787315120,13.82179,100.513411,,,-0.2,-1.8,-135.8,224.2,,,,23.15,23,AUTO.LOITER,0,0
2026-08-21T19:25:21,1787315121,13.82179,100.513411,,,-0.2,-1.8,-135.8,224.2,,,,23.15,23,AUTO.LOITER,0,0
2026-08-21T19:25:22,1787315122,13.82179,100.513411,,,-0.2,-1.8,-135.8,224.2,,,,23.15,23,AUTO.LOITER,0,0
2026-08-21T19:25:23,1787315123,13.821666,100.513408,,,-0.2,-1.8,-135.8,224.2,,,,23.15,23,AUTO.LOITER,0,0
2026-08-21T19:25:24,1787315124,13.821666,100.513408,,,-0.2,-1.8,-135.8,224.2,,,,23.15,23,AUTO.LOITER,0,0
2026-08-21T19:25:25,1787315125,13.821666,100.513408,,,-0.2,-1.8,-135.8,224.2,,,,23.15,23,AUTO.LOITER,0,0
2026-08-21T19:25:26,1787315126,13.821666,100.513408,,,-0.2,-1.8,-135.8,224.2,,,,23.15,23,AUTO.LOITER,0,0
2026-08-21T19:25:27,1787315127,13.821666,100.513408,,,-0.2,-1.8,-135.8,224.2,,,,23.15,23,AUTO.LOITER,0,0
2026-08-21T19:25:28,1787315128,13.821691,100.51346,,,-0.2,-1.8,-135.8,224.2,,,,23.15,23,AUTO.LOITER,0,0
2026-08-21T19:25:29,1787315129,13.821691,100.51346,,,-0.2,-1.8,-135.8,224.2,,,,23.15,23,AUTO.LOITER,0,0
2026-08-21T19:25:30,1787315130,13.821691,100.51346,,,-0.2,-1.8,-135.8,224.2,,,,23.15,23,AUTO.LOITER,0,0
2026-08-21T19:25:31,1787315131,13.821691,100.51346,,,-0.2,-1.8,-135.8,224.2,,,,23.15,23,AUTO.LOITER,0,0
2026-08-21T19:25:32,1787315132,13.821691,100.51346,,,-0.2,-1.7,-135.8,224.2,,,,23.15,23,AUTO.LOITER,0,0
2026-08-21T19:25:33,1787315133,13.821691,100.51346,,,-0.2,-1.7,-135.8,224.2,,,,23.15,23,AUTO.LOITER,0,0
2026-08-21T19:25:34,1787315134,13.821691,100.51346,,,-0.2,-1.7,-135.8,224.2,,,,23.15,23,AUTO.LOITER,0,0
2026-08-21T19:25:35,1787315135,13.821691,100.51346,,,-0.2,-1.7,-135.8,224.2,,,,23.15,23,AUTO.LOITER,0,0
2026-08-21T19:25:36,1787315136,13.821691,100.51346,,,-0.2,-1.7,-135.8,224.2,,,,23.15,23,AUTO.LOITER,0,0
2026-08-21T19:25:37,1787315137,13.821691,100.51346,,,-0.2,-1.8,-135.8,224.2,,,,23.15,23,AUTO.LOITER,0,0
2026-08-21T19:25:38,1787315138,13.821725,100.513479,,,-0.2,-1.8,-135.8,224.2,,,,23.15,23,AUTO.LOITER,0,0
2026-08-21T19:25:39,1787315139,13.821725,100.513479,,,-0.2,-1.8,-135.8,224.2,,,,23.15,23,AUTO.LOITER,0,0
2026-08-21T19:25:40,1787315140,13.821725,100.513479,,,-0.2,-1.8,-135.8,224.2,,,,23.15,23,AUTO.LOITER,0,0
2026-08-21T19:25:41,1787315141,13.821725,100.513479,,,-0.2,-1.8,-135.8,224.2,,,,23.15,23,AUTO.LOITER,0,0
2026-08-21T19:25:42,1787315142,13.821725,100.513479,,,-0.2,-1.8,-135.8,224.2,,,,23.15,23,AUTO.LOITER,0,0
2026-08-21T19:25:43,1787315143,13.821725,100.513479,,,-0.2,-1.8,-135.8,224.2,,,,23.15,23,AUTO.LOITER,0,0
2026-08-21T19:25:44,1787315144,13.821725,100.513479,,,-0.2,-1.8,-135.8,224.2,,,,23.15,23,AUTO.LOITER,0,0
2026-08-21T19:25:45,1787315145,13.821725,100.513479,,,-0.2,-1.8,-135.8,224.2,,,,23.15,23,AUTO.LOITER,0,0
2026-08-21T19:25:46,1787315146,13.821725,100.513479,,,-0.2,-1.8,-135.8,224.2,,,,23.15,23,AUTO.LOITER,0,0
2026-08-21T19:25:47,1787315147,13.82163,100.513415,,,-0.2,-1.8,-135.8,224.2,,,,23.15,23,AUTO.LOITER,0,0
2026-08-21T19:25:48,1787315148,13.82163,100.513415,,,-0.2,-1.8,-135.8,224.2,,,,23.15,23,AUTO.LOITER,0,0
2026-08-21T19:25:49,1787315149,13.82163,100.513415,,,-0.2,-1.8,-135.8,224.2,,,,23.15,23,AUTO.LOITER,0,0
2026-08-21T19:25:50,1787315150,13.82163,100.513415,,,-0.2,-1.8,-135.8,224.2,,,,23.15,23,AUTO.LOITER,0,0
2026-08-21T19:25:51,1787315151,13.82163,100.513415,,,-0.2,-1.8,-135.8,224.2,,,,23.15,23,AUTO.LOITER,0,0
2026-08-21T19:25:52,1787315152,13.82163,100.513415,,,-0.2,-1.8,-135.8,224.2,,,,23.15,23,AUTO.LOITER,0,0
2026-08-21T19:25:53,1787315153,13.82163,100.513415,,,-0.2,-1.8,-135.8,224.2,,,,23.15,23,AUTO.LOITER,0,0
2026-08-21T19:25:54,1787315154,13.82163,100.513415,,,-0.2,-1.8,-135.8,224.2,,,,23.15,23,AUTO.LOITER,0,0
2026-08-21T19:25:55,1787315155,13.82163,100.513415,,,-0.2,-1.8,-135.8,224.2,,,,23.15,23,AUTO.LOITER,0,0
2026-08-21T19:25:56,1787315156,13.821613,100.513411,,,-0.2,-1.8,-135.8,224.2,,,,23.15,23,AUTO.LOITER,0,0
2026-08-21T19:25:57,1787315157,13.821613,100.513411,,,-0.2,-1.8,-135.8,224.2,,,,23.15,23,AUTO.LOITER,0,0
2026-08-21T19:25:58,1787315158,13.821613,100.513411,,,-0.2,-1.8,-135.8,224.2,,,,23.15,23,AUTO.LOITER,0,0
2026-08-21T19:25:59,1787315159,13.821613,100.513411,,,-0.2,-1.8,-135.8,224.2,,,,23.15,23,AUTO.LOITER,0,0
2026-08-21T19:26:00,1787315160,13.821613,100.513411,,,-0.2,-1.8,-135.8,224.2,,,,23.15,23,AUTO.LOITER,0,0
2026-08-21T19:26:01,1787315161,13.821617,100.513445,,,-0.2,-1.8,-135.8,224.2,,,,23.15,23,AUTO.LOITER,0,0
2026-08-21T19:26:02,1787315162,13.821617,100.513445,,,-0.2,-1.8,-135.8,224.2,,,,23.15,23,AUTO.LOITER,0,0
2026-08-21T19:26:03,1787315163,13.821617,100.513445,,,-0.2,-1.8,-135.8,224.2,,,,23.15,23,AUTO.LOITER,0,0
2026-08-21T19:26:04,1787315164,13.821617,100.513445,,,-0.2,-1.8,-135.8,224.2,,,,23.15,23,AUTO.LOITER,0,0
2026-08-21T19:26:05,1787315165,13.821617,100.513445,,,-0.2,-1.8,-135.8,224.2,,,,23.15,23,AUTO.LOITER,0,0
2026-08-21T19:26:06,1787315166,13.821691,100.513486,,,-0.2,-1.8,-135.8,224.2,,,,23.15,23,AUTO.LOITER,0,0
2026-08-21T19:26:07,1787315167,13.821691,100.513486,,,-0.2,-1.8,-135.8,224.2,,,,23.15,23,AUTO.LOITER,0,0
2026-08-21T19:26:08,1787315168,13.821691,100.513486,,,-0.2,-1.8,-135.8,224.2,,,,23.15,23,AUTO.LOITER,0,0
2026-08-21T19:26:09,1787315169,13.821691,100.513486,,,-0.2,-1.8,-135.8,224.2,,,,23.15,23,AUTO.LOITER,0,0
2026-08-21T19:26:10,1787315170,13.821691,100.513486,,,-0.2,-1.8,-135.8,224.2,,,,23.15,23,AUTO.LOITER,0,0
2026-08-21T19:26:11,1787315171,13.821737,100.513528,,,-0.2,-1.8,-135.8,224.2,,,,23.15,23,AUTO.LOITER,0,0
2026-08-21T19:26:12,1787315172,13.821737,100.513528,,,-0.2,-1.8,-135.8,224.2,,,,23.15,23,AUTO.LOITER,0,0
2026-08-21T19:26:13,1787315173,13.821737,100.513528,,,-0.2,-1.8,-135.8,224.2,,,,23.15,23,AUTO.LOITER,0,0
2026-08-21T19:26:14,1787315174,13.821737,100.513528,,,-0.2,-1.8,-135.8,224.2,,,,23.15,23,AUTO.LOITER,0,0
2026-08-21T19:26:15,1787315175,13.821737,100.513528,,,-0.2,-1.8,-135.8,224.2,,,,23.15,23,AUTO.LOITER,0,0
2026-08-21T19:26:16,1787315176,13.821737,100.513528,,,-0.2,-1.8,-135.8,224.2,,,,23.15,23,AUTO.LOITER,0,0
2026-08-21T19:26:17,1787315177,13.821737,100.513528,,,-0.2,-1.8,-135.8,224.2,,,,23.15,23,AUTO.LOITER,0,0
2026-08-21T19:26:18,1787315178,13.821737,100.513528,,,-0.2,-1.8,-135.7,224.3,,,,23.15,23,AUTO.LOITER,0,0
2026-08-21T19:26:19,1787315179,13.821737,100.513528,,,-0.2,-1.8,-135.7,224.3,,,,23.15,23,AUTO.LOITER,0,0
2026-08-21T19:26:20,1787315180,13.821737,100.513528,,,-0.2,-1.8,-135.7,224.3,,,,23.15,23,AUTO.LOITER,0,0
2026-08-21T19:26:21,1787315181,13.821818,100.513577,,,-0.2,-1.8,-135.7,224.3,,,,23.15,23,AUTO.LOITER,0,0
2026-08-21T19:26:22,1787315182,13.821818,100.513577,,,-0.2,-1.8,-135.7,224.3,,,,23.15,23,AUTO.LOITER,0,0
2026-08-21T19:26:23,1787315183,13.821818,100.513577,,,-0.2,-1.8,-135.7,224.3,,,,23.15,23,AUTO.LOITER,0,0
2026-08-21T19:26:24,1787315184,13.821818,100.513577,,,-0.2,-1.8,-135.7,224.3,,,,23.15,23,AUTO.LOITER,0,0
2026-08-21T19:26:25,1787315185,13.821818,100.513577,,,-0.2,-1.8,-135.7,224.3,,,,23.15,23,AUTO.LOITER,0,0
2026-08-21T19:26:26,1787315186,13.821818,100.513577,,,-0.2,-1.8,-135.7,224.3,,,,23.15,23,AUTO.LOITER,0,0
2026-08-21T19:26:27,1787315187,13.821818,100.513577,,,-0.2,-1.8,-135.7,224.3,,,,23.15,23,AUTO.LOITER,0,0
2026-08-21T19:26:28,1787315188,13.821818,100.513577,,,-0.2,-1.8,-135.7,224.3,,,,23.15,23,AUTO.LOITER,0,0
2026-08-21T19:26:29,1787315189,13.821818,100.513577,,,-0.2,-1.8,-135.7,224.3,,,,23.15,23,AUTO.LOITER,0,0
2026-08-21T19:26:30,1787315190,13.821818,100.513577,,,-0.2,-1.8,-135.7,224.3,,,,23.15,23,AUTO.LOITER,0,0
2026-08-21T19:26:31,1787315191,13.821818,100.513577,,,-0.2,-1.8,-135.7,224.3,,,,23.15,23,AUTO.LOITER,0,0
2026-08-21T19:26:32,1787315192,13.821818,100.513577,,,-0.2,-1.8,-135.7,224.3,,,,23.15,23,AUTO.LOITER,0,0
2026-08-21T19:26:33,1787315193,13.821818,100.513577,,,-0.2,-1.8,-135.7,224.3,,,,23.15,23,AUTO.LOITER,0,0
2026-08-21T19:26:34,1787315194,13.821818,100.513577,,,-0.2,-1.8,-135.7,224.3,,,,23.15,23,AUTO.LOITER,0,0
2026-08-21T19:26:35,1787315195,13.821818,100.513577,,,-0.2,-1.8,-135.7,224.3,,,,23.15,23,AUTO.LOITER,0,0
2026-08-21T19:26:36,1787315196,13.821818,100.513577,,,-0.2,-1.8,-135.7,224.3,,,,23.15,23,AUTO.LOITER,0,0
2026-08-21T19:26:37,1787315197,13.821818,100.513577,,,-0.2,-1.8,-135.7,224.3,,,,23.15,23,AUTO.LOITER,0,0
2026-08-21T19:26:38,1787315198,13.821818,100.513577,,,-0.2,-1.8,-135.7,224.3,,,,23.15,23,AUTO.LOITER,0,0
2026-08-21T19:26:39,1787315199,13.821818,100.513577,,,-0.2,-1.8,-135.7,224.3,,,,23.15,23,AUTO.LOITER,0,0
2026-08-21T19:26:40,1787315200,13.821818,100.513577,,,-0.2,-1.8,-135.7,224.3,,,,23.15,23,AUTO.LOITER,0,0
2026-08-21T19:26:41,1787315201,13.821818,100.513577,,,-0.2,-1.8,-135.7,224.3,,,,23.15,23,AUTO.LOITER,0,0
2026-08-21T19:26:42,1787315202,13.821818,100.513577,,,-0.2,-1.8,-135.7,224.3,,,,23.15,23,AUTO.LOITER,0,0
2026-08-21T19:26:43,1787315203,13.821818,100.513577,,,-0.2,-1.8,-135.7,224.3,,,,23.15,23,AUTO.LOITER,0,0
2026-08-21T19:26:44,1787315204,13.821818,100.513577,,,-0.2,-1.8,-135.7,224.3,,,,23.15,23,AUTO.LOITER,0,0
2026-08-21T19:26:45,1787315205,13.821848,100.513606,,,-0.2,-1.8,-135.7,224.3,,,,23.15,23,AUTO.LOITER,0,0
2026-08-21T19:26:46,1787315206,13.821848,100.513606,,,-0.2,-1.8,-135.7,224.3,,,,23.15,23,AUTO.LOITER,0,0
2026-08-21T19:26:47,1787315207,13.821848,100.513606,,,-0.2,-1.8,-135.7,224.3,,,,23.15,23,AUTO.LOITER,0,0
2026-08-21T19:26:48,1787315208,13.821848,100.513606,,,-0.2,-1.8,-135.7,224.3,,,,23.15,23,AUTO.LOITER,0,0
2026-08-21T19:26:49,1787315209,13.821848,100.513606,,,-0.2,-1.8,-135.7,224.3,,,,23.15,23,AUTO.LOITER,0,0
2026-08-21T19:26:50,1787315210,13.821848,100.513606,,,-0.2,-1.8,-135.7,224.3,,,,23.15,23,AUTO.LOITER,0,0
2026-08-21T19:26:51,1787315211,13.821848,100.513606,,,-0.2,-1.8,-135.7,224.3,,,,23.15,23,AUTO.LOITER,0,0
2026-08-21T19:26:52,1787315212,13.821848,100.513606,,,-0.2,-1.8,-135.7,224.3,,,,23.15,23,AUTO.LOITER,0,0
2026-08-21T19:26:53,1787315213,13.821848,100.513606,,,-0.2,-1.8,-135.7,224.3,,,,23.15,23,AUTO.LOITER,0,0
2026-08-21T19:26:54,1787315214,13.821848,100.513606,,,-0.2,-1.8,-135.7,224.3,,,,23.15,23,AUTO.LOITER,0,0
2026-08-21T19:26:55,1787315215,13.821848,100.513606,,,-0.2,-1.8,-135.7,224.3,,,,23.15,23,AUTO.LOITER,0,0
2026-08-21T19:26:56,1787315216,13.821745,100.513513,,,-0.2,-1.8,-135.7,224.3,,,,23.14,23,AUTO.LOITER,0,0
2026-08-21T19:26:57,1787315217,13.821745,100.513513,,,-0.2,-1.8,-135.7,224.3,,,,23.14,23,AUTO.LOITER,0,0
2026-08-21T19:26:58,1787315218,13.821745,100.513513,,,-0.2,-1.8,-135.7,224.3,,,,23.14,23,AUTO.LOITER,0,0
2026-08-21T19:26:59,1787315219,13.821745,100.513513,,,-0.2,-1.8,-135.7,224.3,,,,23.14,23,AUTO.LOITER,0,0
2026-08-21T19:27:00,1787315220,13.821745,100.513513,,,-0.2,-1.8,-135.7,224.3,,,,23.14,23,AUTO.LOITER,0,0
2026-08-21T19:27:01,1787315221,13.821745,100.513513,,,-0.2,-1.8,-135.7,224.3,,,,23.14,23,AUTO.LOITER,0,0
2026-08-21T19:27:02,1787315222,13.821745,100.513513,,,-0.2,-1.8,-135.7,224.3,,,,23.14,23,AUTO.LOITER,0,0
2026-08-21T19:27:03,1787315223,13.821745,100.513513,,,-0.2,-1.8,-135.7,224.3,,,,23.14,23,AUTO.LOITER,0,0
2026-08-21T19:27:04,1787315224,13.821847,100.513346,,,-0.2,-1.8,-135.7,224.3,,,,23.14,23,AUTO.LOITER,0,0
2026-08-21T19:27:05,1787315225,13.821847,100.513346,,,-0.2,-1.8,-135.7,224.3,,,,23.14,23,AUTO.LOITER,0,0
2026-08-21T19:27:06,1787315226,13.821847,100.513346,,,-0.2,-1.8,-135.7,224.3,,,,23.14,23,AUTO.LOITER,0,0
2026-08-21T19:27:07,1787315227,13.821847,100.513346,,,-0.2,-1.8,-135.7,224.3,,,,23.14,23,AUTO.LOITER,0,0
2026-08-21T19:27:08,1787315228,13.821847,100.513346,,,-0.2,-1.8,-135.7,224.3,,,,23.14,23,AUTO.LOITER,0,0
2026-08-21T19:27:09,1787315229,13.821847,100.513346,,,-0.2,-1.8,-135.7,224.3,,,,23.14,23,AUTO.LOITER,0,0
2026-08-21T19:27:10,1787315230,13.821847,100.513346,,,-0.2,-1.8,-135.7,224.3,,,,23.14,23,AUTO.LOITER,0,0
2026-08-21T19:27:11,1787315231,13.821847,100.513346,,,-0.2,-1.8,-135.7,224.3,,,,23.14,23,AUTO.LOITER,0,0
2026-08-21T19:27:12,1787315232,13.821847,100.513346,,,-0.2,-1.8,-135.7,224.3,,,,23.14,23,AUTO.LOITER,0,0
2026-08-21T19:27:13,1787315233,13.821841,100.513283,,,-0.2,-1.8,-135.7,224.3,,,,23.14,23,AUTO.LOITER,0,0
2026-08-21T19:27:14,1787315234,13.821841,100.513283,,,-0.2,-1.8,-135.7,224.3,,,,23.14,23,AUTO.LOITER,0,0
2026-08-21T19:27:15,1787315235,13.821841,100.513283,,,-0.2,-1.8,-135.7,224.3,,,,23.14,23,AUTO.LOITER,0,0
2026-08-21T19:27:16,1787315236,13.821841,100.513283,,,-0.2,-1.8,-135.7,224.3,,,,23.14,23,AUTO.LOITER,0,0
2026-08-21T19:27:17,1787315237,13.821841,100.513283,,,-0.2,-1.8,-135.7,224.3,,,,23.14,23,AUTO.LOITER,0,0
2026-08-21T19:27:18,1787315238,13.821841,100.513283,,,-0.2,-1.8,-135.7,224.3,,,,23.14,23,AUTO.LOITER,0,0
2026-08-21T19:27:19,1787315239,13.821841,100.513283,,,-0.2,-1.8,-135.7,224.3,,,,23.14,23,AUTO.LOITER,0,0
2026-08-21T19:27:20,1787315240,13.821841,100.513283,,,-0.2,-1.8,-135.7,224.3,,,,23.14,23,AUTO.LOITER,0,0
2026-08-21T19:27:21,1787315241,13.821841,100.513283,,,-0.2,-1.8,-135.7,224.3,,,,23.14,23,AUTO.LOITER,0,0
2026-08-21T19:27:22,1787315242,13.821841,100.513283,,,-0.2,-1.8,-135.7,224.3,,,,23.14,23,AUTO.LOITER,0,0
2026-08-21T19:27:23,1787315243,13.821841,100.513283,,,-0.2,-1.8,-135.7,224.3,,,,23.14,23,AUTO.LOITER,0,0
2026-08-21T19:27:24,1787315244,13.821841,100.513283,,,-0.2,-1.8,-135.7,224.3,,,,23.14,23,AUTO.LOITER,0,0
2026-08-21T19:27:25,1787315245,13.821841,100.513283,,,-0.2,-1.8,-135.7,224.3,,,,23.14,23,AUTO.LOITER,0,0
2026-08-21T19:27:26,1787315246,13.821841,100.513283,,,-0.2,-1.8,-135.7,224.3,,,,23.14,23,AUTO.LOITER,0,0
2026-08-21T19:27:27,1787315247,13.821841,100.513283,,,-0.2,-1.8,-135.7,224.3,,,,23.14,23,AUTO.LOITER,0,0
2026-08-21T19:27:28,1787315248,13.821841,100.513283,,,-0.2,-1.8,-135.7,224.3,,,,23.14,23,AUTO.LOITER,0,0
2026-08-21T19:27:29,1787315249,13.821841,100.513283,,,-0.2,-1.8,-135.7,224.3,,,,23.14,23,AUTO.LOITER,0,0
2026-08-21T19:27:30,1787315250,13.821841,100.513283,,,-0.2,-1.8,-135.7,224.3,,,,23.14,23,AUTO.LOITER,0,0
2026-08-21T19:27:31,1787315251,13.821841,100.513283,,,-0.2,-1.8,-135.7,224.3,,,,23.14,23,AUTO.LOITER,0,0
2026-08-21T19:27:32,1787315252,13.821841,100.513283,,,-0.2,-1.8,-135.7,224.3,,,,23.14,23,AUTO.LOITER,0,0
2026-08-21T19:27:33,1787315253,13.821852,100.513418,,,-0.2,-1.8,-135.7,224.3,,,,23.14,22,AUTO.LOITER,0,0
2026-08-21T19:27:34,1787315254,13.821852,100.513418,,,-0.2,-1.8,-135.7,224.3,,,,23.14,22,AUTO.LOITER,0,0
2026-08-21T19:27:35,1787315255,13.821852,100.513418,,,-0.2,-1.8,-135.7,224.3,,,,23.14,22,AUTO.LOITER,0,0
2026-08-21T19:27:36,1787315256,13.821852,100.513418,,,-0.2,-1.8,-135.7,224.3,,,,23.14,22,AUTO.LOITER,0,0
2026-08-21T19:27:37,1787315257,13.821852,100.513418,,,-0.2,-1.8,-135.7,224.3,,,,23.14,22,AUTO.LOITER,0,0
2026-08-21T19:27:38,1787315258,13.821852,100.513418,,,-0.2,-1.8,-135.7,224.3,,,,23.14,22,AUTO.LOITER,0,0
2026-08-21T19:27:39,1787315259,13.821852,100.513418,,,-0.2,-1.8,-135.7,224.3,,,,23.14,22,AUTO.LOITER,0,0
2026-08-21T19:27:40,1787315260,13.821852,100.513418,,,-0.2,-1.8,-135.7,224.3,,,,23.14,22,AUTO.LOITER,0,0
2026-08-21T19:27:41,1787315261,13.821852,100.513418,,,-0.2,-1.8,-135.7,224.3,,,,23.14,22,AUTO.LOITER,0,0
2026-08-21T19:27:42,1787315262,13.821852,100.513418,,,-0.2,-1.8,-135.7,224.3,,,,23.14,22,AUTO.LOITER,0,0
2026-08-21T19:27:43,1787315263,13.821852,100.513461,,,-0.2,-1.8,-135.7,224.3,,,,23.14,22,AUTO.LOITER,0,0
2026-08-21T19:27:44,1787315264,13.821852,100.513461,,,-0.2,-1.8,-135.7,224.3,,,,23.14,22,AUTO.LOITER,0,0
2026-08-21T19:27:45,1787315265,13.821852,100.513461,,,-0.2,-1.8,-135.8,224.2,,,,23.14,22,AUTO.LOITER,0,0
2026-08-21T19:27:46,1787315266,13.821852,100.513461,,,-0.2,-1.8,-135.8,224.2,,,,23.14,22,AUTO.LOITER,0,0
2026-08-21T19:27:47,1787315267,13.821861,100.51348,,,-0.2,-1.8,-135.8,224.2,,,,23.14,22,AUTO.LOITER,0,0
2026-08-21T19:27:48,1787315268,13.821861,100.51348,,,-0.2,-1.8,-135.8,224.2,,,,23.14,22,AUTO.LOITER,0,0
2026-08-21T19:27:49,1787315269,13.821861,100.51348,,,-0.2,-1.8,-135.8,224.2,,,,23.14,22,AUTO.LOITER,0,0
2026-08-21T19:27:50,1787315270,13.821861,100.51348,,,-0.2,-1.8,-135.7,224.3,,,,23.14,22,AUTO.LOITER,0,0
2026-08-21T19:27:51,1787315271,13.821861,100.51348,,,-0.2,-1.8,-135.7,224.3,,,,23.14,22,AUTO.LOITER,0,0
2026-08-21T19:27:52,1787315272,13.821861,100.51348,,,-0.2,-1.8,-135.7,224.3,,,,23.14,22,AUTO.LOITER,0,0
2026-08-21T19:27:53,1787315273,13.821861,100.51348,,,-0.2,-1.8,-135.7,224.3,,,,23.14,22,AUTO.LOITER,0,0
2026-08-21T19:27:54,1787315274,13.821861,100.51348,,,-0.2,-1.8,-135.7,224.3,,,,23.14,22,AUTO.LOITER,0,0
2026-08-21T19:27:55,1787315275,13.821861,100.51348,,,-0.2,-1.8,-135.7,224.3,,,,23.14,22,AUTO.LOITER,0,0
2026-08-21T19:27:56,1787315276,13.821861,100.51348,,,-0.2,-1.8,-135.8,224.2,,,,23.14,22,AUTO.LOITER,0,0
2026-08-21T19:27:57,1787315277,13.821891,100.513493,,,-0.2,-1.8,-135.8,224.2,,,,23.14,22,AUTO.LOITER,0,0
2026-08-21T19:27:58,1787315278,13.821891,100.513493,,,-0.2,-1.8,-135.8,224.2,,,,23.14,22,AUTO.LOITER,0,0
2026-08-21T19:27:59,1787315279,13.821891,100.513493,,,-0.2,-1.8,-135.8,224.2,,,,23.14,22,AUTO.LOITER,0,0
2026-08-21T19:28:00,1787315280,13.821891,100.513493,,,-0.2,-1.8,-135.8,224.2,,,,23.14,22,AUTO.LOITER,0,0
2026-08-21T19:28:01,1787315281,13.821891,100.513493,,,-0.2,-1.8,-135.8,224.2,,,,23.14,22,AUTO.LOITER,0,0
2026-08-21T19:28:02,1787315282,13.821891,100.513493,,,-0.2,-1.8,-135.8,224.2,,,,23.14,22,AUTO.LOITER,0,0
2026-08-21T19:28:03,1787315283,13.821891,100.513493,,,-0.2,-1.8,-135.8,224.2,,,,23.14,22,AUTO.LOITER,0,0
2026-08-21T19:28:04,1787315284,13.821891,100.513493,,,-0.2,-1.8,-135.8,224.2,,,,23.14,22,AUTO.LOITER,0,0
2026-08-21T19:28:05,1787315285,13.821891,100.513493,,,-0.2,-1.8,-135.8,224.2,,,,23.14,22,AUTO.LOITER,0,0
2026-08-21T19:28:06,1787315286,13.821891,100.513493,,,-0.2,-1.8,-135.8,224.2,,,,23.14,22,AUTO.LOITER,0,0
2026-08-21T19:28:07,1787315287,13.821891,100.513493,,,-0.2,-1.8,-135.7,224.3,,,,23.14,22,AUTO.LOITER,0,0
2026-08-21T19:28:08,1787315288,13.821889,100.513502,,,-0.2,-1.8,-135.7,224.3,,,,23.14,22,AUTO.LOITER,0,0
2026-08-21T19:28:09,1787315289,13.821889,100.513502,,,-0.2,-1.8,-135.8,224.2,,,,23.14,22,AUTO.LOITER,0,0
2026-08-21T19:28:10,1787315290,13.821889,100.513502,,,-0.2,-1.8,-135.8,224.2,,,,23.14,22,AUTO.LOITER,0,0
2026-08-21T19:28:11,1787315291,13.821889,100.513502,,,-0.2,-1.8,-135.8,224.2,,,,23.14,22,AUTO.LOITER,0,0
2026-08-21T19:28:12,1787315292,13.821889,100.513502,,,-0.2,-1.8,-135.8,224.2,,,,23.14,22,AUTO.LOITER,0,0
2026-08-21T19:28:13,1787315293,13.821873,100.513514,,,-0.2,-1.8,-135.8,224.2,,,,23.14,22,AUTO.LOITER,0,0
2026-08-21T19:28:14,1787315294,13.821873,100.513514,,,-0.2,-1.8,-135.7,224.3,,,,23.14,22,AUTO.LOITER,0,0
2026-08-21T19:28:15,1787315295,13.821873,100.513514,,,-0.2,-1.8,-135.7,224.3,,,,23.14,22,AUTO.LOITER,0,0
2026-08-21T19:28:16,1787315296,13.821873,100.513514,,,-0.2,-1.8,-135.7,224.3,,,,23.14,22,AUTO.LOITER,0,0
2026-08-21T19:28:17,1787315297,13.821873,100.513514,,,-0.2,-1.8,-135.7,224.3,,,,23.14,22,AUTO.LOITER,0,0
2026-08-21T19:28:18,1787315298,13.821873,100.513514,,,-0.2,-1.8,-135.7,224.3,,,,23.14,22,AUTO.LOITER,0,0
2026-08-21T19:28:19,1787315299,13.821873,100.513514,,,-0.2,-1.8,-135.7,224.3,,,,23.14,22,AUTO.LOITER,0,0
2026-08-21T19:28:20,1787315300,13.821873,100.513514,,,-0.2,-1.8,-135.7,224.3,,,,23.14,22,AUTO.LOITER,0,0
2026-08-21T19:28:21,1787315301,13.821873,100.513514,,,-0.2,-1.8,-135.7,224.3,,,,23.14,22,AUTO.LOITER,0,0
2026-08-21T19:28:22,1787315302,13.821873,100.513514,,,-0.2,-1.8,-135.7,224.3,,,,23.14,22,AUTO.LOITER,0,0
2026-08-21T19:28:23,1787315303,13.821873,100.513514,,,-0.2,-1.8,-135.7,224.3,,,,23.14,22,AUTO.LOITER,0,0
2026-08-21T19:28:24,1787315304,13.821886,100.513481,,,-0.2,-1.8,-135.7,224.3,,,,23.14,22,AUTO.LOITER,0,0
2026-08-21T19:28:25,1787315305,13.821886,100.513481,,,-0.2,-1.8,-135.7,224.3,,,,23.14,22,AUTO.LOITER,0,0
2026-08-21T19:28:26,1787315306,13.821886,100.513481,,,-0.2,-1.8,-135.7,224.3,,,,23.14,22,AUTO.LOITER,0,0
2026-08-21T19:28:27,1787315307,13.821886,100.513481,,,-0.2,-1.8,-135.7,224.3,,,,23.14,22,AUTO.LOITER,0,0
2026-08-21T19:28:28,1787315308,13.821886,100.513481,,,-0.2,-1.8,-135.7,224.3,,,,23.14,22,AUTO.LOITER,0,0
2026-08-21T19:28:29,1787315309,13.821886,100.513481,,,-0.2,-1.8,-135.7,224.3,,,,23.14,22,AUTO.LOITER,0,0
2026-08-21T19:28:31,1787315311,13.821886,100.513481,,,-0.2,-1.8,-135.7,224.3,,,,23.14,22,AUTO.LOITER,0,0
2026-08-21T19:28:32,1787315312,13.821886,100.513481,,,-0.2,-1.8,-135.7,224.3,,,,23.14,22,AUTO.LOITER,0,0
2026-08-21T19:28:33,1787315313,13.821886,100.513481,,,-0.2,-1.8,-135.7,224.3,,,,23.14,22,AUTO.LOITER,0,0
2026-08-21T19:28:34,1787315314,13.821886,100.513481,,,-0.2,-1.8,-135.7,224.3,,,,23.14,22,AUTO.LOITER,0,0
2026-08-21T19:28:35,1787315315,13.821886,100.513481,,,-0.2,-1.8,-135.7,224.3,,,,23.14,22,AUTO.LOITER,0,0
2026-08-21T19:28:36,1787315316,13.821932,100.513437,,,-0.2,-1.8,-135.7,224.3,,,,23.14,22,AUTO.LOITER,0,0
2026-08-21T19:28:37,1787315317,13.821932,100.513437,,,-0.2,-1.8,-135.7,224.3,,,,23.14,22,AUTO.LOITER,0,0
2026-08-21T19:28:38,1787315318,13.821932,100.513437,,,-0.2,-1.8,-135.7,224.3,,,,23.14,22,AUTO.LOITER,0,0
2026-08-21T19:28:39,1787315319,13.821932,100.513437,,,-0.2,-1.8,-135.7,224.3,,,,23.13,22,AUTO.LOITER,0,0
2026-08-21T19:28:40,1787315320,13.821929,100.513427,,,-0.2,-1.8,-135.7,224.3,,,,23.13,22,AUTO.LOITER,0,0
2026-08-21T19:28:41,1787315321,13.821929,100.513427,,,-0.2,-1.8,-135.7,224.3,,,,23.13,22,AUTO.LOITER,0,0
2026-08-21T19:28:42,1787315322,13.821929,100.513427,,,-0.2,-1.8,-135.7,224.3,,,,23.13,22,AUTO.LOITER,0,0
2026-08-21T19:28:43,1787315323,13.821929,100.513427,,,-0.2,-1.7,-135.7,224.3,,,,23.13,22,AUTO.LOITER,0,0
2026-08-21T19:28:44,1787315324,13.821929,100.513427,,,-0.2,-1.7,-135.7,224.3,,,,23.13,22,AUTO.LOITER,0,0
2026-08-21T19:28:45,1787315325,13.821929,100.513427,,,-0.2,-1.7,-135.7,224.3,,,,23.13,22,AUTO.LOITER,0,0
2026-08-21T19:28:46,1787315326,13.821929,100.513427,,,-0.2,-1.7,-135.7,224.3,,,,23.13,22,AUTO.LOITER,0,0
2026-08-21T19:28:47,1787315327,13.821929,100.513427,,,-0.2,-1.7,-135.7,224.3,,,,23.13,22,AUTO.LOITER,0,0
2026-08-21T19:28:48,1787315328,13.821929,100.513427,,,-0.2,-1.7,-135.7,224.3,,,,23.13,22,AUTO.LOITER,0,0
2026-08-21T19:28:49,1787315329,13.821929,100.513427,,,-0.2,-1.7,-135.7,224.3,,,,23.13,22,AUTO.LOITER,0,0
2026-08-21T19:28:50,1787315330,13.821929,100.513427,,,-0.2,-1.7,-135.7,224.3,,,,23.13,22,AUTO.LOITER,0,0
2026-08-21T19:28:51,1787315331,13.821873,100.513469,,,-0.2,-1.8,-135.7,224.3,,,,23.13,22,AUTO.LOITER,0,0
2026-08-21T19:28:52,1787315332,13.821873,100.513469,,,-0.2,-1.8,-135.7,224.3,,,,23.13,22,AUTO.LOITER,0,0
2026-08-21T19:28:53,1787315333,13.821873,100.513469,,,-0.2,-1.8,-135.7,224.3,,,,23.13,22,AUTO.LOITER,0,0
2026-08-21T19:28:54,1787315334,13.821873,100.513469,,,-0.2,-1.8,-135.7,224.3,,,,23.13,22,AUTO.LOITER,0,0
2026-08-21T19:28:55,1787315335,13.821873,100.513469,,,-0.2,-1.8,-135.7,224.3,,,,23.13,22,AUTO.LOITER,0,0
2026-08-21T19:28:56,1787315336,13.821873,100.513469,,,-0.2,-1.8,-135.7,224.3,,,,23.13,22,AUTO.LOITER,0,0
2026-08-21T19:28:57,1787315337,13.82185,100.513459,,,-0.2,-1.8,-135.6,224.4,,,,23.13,22,AUTO.LOITER,0,0
2026-08-21T19:28:58,1787315338,13.82185,100.513459,,,-0.2,-1.8,-135.6,224.4,,,,23.13,22,AUTO.LOITER,0,0
2026-08-21T19:28:59,1787315339,13.82185,100.513459,,,-0.2,-1.8,-135.6,224.4,,,,23.13,22,AUTO.LOITER,0,0
2026-08-21T19:29:00,1787315340,13.82185,100.513459,,,-0.2,-1.8,-135.6,224.4,,,,23.13,22,AUTO.LOITER,0,0
2026-08-21T19:29:01,1787315341,13.82185,100.513459,,,-0.2,-1.8,-135.6,224.4,,,,23.13,22,AUTO.LOITER,0,0
2026-08-21T19:29:02,1787315342,13.821819,100.51348,,,-0.2,-1.8,-135.6,224.4,,,,23.13,22,AUTO.LOITER,0,0
2026-08-21T19:29:03,1787315343,13.821819,100.51348,,,-0.2,-1.8,-135.6,224.4,,,,23.13,22,AUTO.LOITER,0,0
2026-08-21T19:29:04,1787315344,13.821819,100.51348,,,-0.2,-1.8,-135.6,224.4,,,,23.13,22,AUTO.LOITER,0,0
2026-08-21T19:29:05,1787315345,13.821819,100.51348,,,-0.2,-1.8,-135.6,224.4,,,,23.13,22,AUTO.LOITER,0,0
2026-08-21T19:29:06,1787315346,13.821819,100.51348,,,-0.2,-1.8,-135.6,224.4,,,,23.13,22,AUTO.LOITER,0,0
2026-08-21T19:29:07,1787315347,13.821774,100.513515,,,-0.2,-1.8,-135.7,224.3,,,,23.13,22,AUTO.LOITER,0,0
2026-08-21T19:29:08,1787315348,13.821774,100.513515,,,-0.2,-1.8,-135.7,224.3,,,,23.13,22,AUTO.LOITER,0,0
2026-08-21T19:29:09,1787315349,13.821774,100.513515,,,-0.2,-1.8,-135.7,224.3,,,,23.13,22,AUTO.LOITER,0,0
2026-08-21T19:29:10,1787315350,13.821774,100.513515,,,-0.2,-1.8,-135.7,224.3,,,,23.13,22,AUTO.LOITER,0,0
2026-08-21T19:29:11,1787315351,13.821774,100.513515,,,-0.2,-1.8,-135.7,224.3,,,,23.13,22,AUTO.LOITER,0,0
2026-08-21T19:29:12,1787315352,13.821763,100.513531,,,-0.2,-1.8,-135.7,224.3,,,,23.13,22,AUTO.LOITER,0,0
2026-08-21T19:29:13,1787315353,13.821763,100.513531,,,-0.2,-1.8,-135.7,224.3,,,,23.13,22,AUTO.LOITER,0,0
2026-08-21T19:29:14,1787315354,13.821763,100.513531,,,-0.2,-1.8,-135.7,224.3,,,,23.13,22,AUTO.LOITER,0,0
2026-08-21T19:29:15,1787315355,13.821763,100.513531,,,-0.2,-1.8,-135.7,224.3,,,,23.13,22,AUTO.LOITER,0,0
2026-08-21T19:29:16,1787315356,13.821763,100.513531,,,-0.2,-1.8,-135.7,224.3,,,,23.13,22,AUTO.LOITER,0,0
2026-08-21T19:29:17,1787315357,13.821781,100.513518,,,-0.2,-1.8,-135.7,224.3,,,,23.13,22,AUTO.LOITER,0,0
2026-08-21T19:29:18,1787315358,13.821781,100.513518,,,-0.2,-1.8,-135.6,224.4,,,,23.13,22,AUTO.LOITER,0,0
2026-08-21T19:29:19,1787315359,13.821781,100.513518,,,-0.2,-1.8,-135.6,224.4,,,,23.13,22,AUTO.LOITER,0,0
2026-08-21T19:29:20,1787315360,13.821781,100.513518,,,-0.2,-1.8,-135.6,224.4,,,,23.13,22,AUTO.LOITER,0,0
2026-08-21T19:29:21,1787315361,13.821781,100.513518,,,-0.2,-1.8,-135.6,224.4,,,,23.13,22,AUTO.LOITER,0,0
2026-08-21T19:29:22,1787315362,13.821781,100.513518,,,-0.2,-1.8,-135.6,224.4,,,,23.13,22,AUTO.LOITER,0,0
2026-08-21T19:29:23,1787315363,13.821781,100.513518,,,-0.2,-1.8,-135.6,224.4,,,,23.13,22,AUTO.LOITER,0,0
2026-08-21T19:29:24,1787315364,13.821781,100.513518,,,-0.2,-1.8,-135.6,224.4,,,,23.13,22,AUTO.LOITER,0,0
2026-08-21T19:29:25,1787315365,13.821781,100.513518,,,-0.2,-1.8,-135.6,224.4,,,,23.13,22,AUTO.LOITER,0,0
2026-08-21T19:29:26,1787315366,13.821781,100.513518,,,-0.2,-1.8,-135.7,224.3,,,,23.13,22,AUTO.LOITER,0,0
2026-08-21T19:29:27,1787315367,13.821781,100.513518,,,-0.2,-1.8,-135.7,224.3,,,,23.13,22,AUTO.LOITER,0,0
2026-08-21T19:29:28,1787315368,13.82185,100.513473,,,-0.2,-1.8,-135.7,224.3,,,,23.13,22,AUTO.LOITER,0,0
2026-08-21T19:29:29,1787315369,13.82185,100.513473,,,-0.2,-1.8,-135.7,224.3,,,,23.13,22,AUTO.LOITER,0,0
2026-08-21T19:29:30,1787315370,13.82185,100.513473,,,-0.2,-1.8,-135.7,224.3,,,,23.13,22,AUTO.LOITER,0,0
2026-08-21T19:29:31,1787315371,13.82185,100.513473,,,-0.2,-1.8,-135.7,224.3,,,,23.13,22,AUTO.LOITER,0,0
2026-08-21T19:29:32,1787315372,13.82185,100.513473,,,-0.2,-1.8,-135.7,224.3,,,,23.13,22,AUTO.LOITER,0,0
2026-08-21T19:29:33,1787315373,13.821866,100.513465,,,-0.2,-1.8,-135.7,224.3,,,,23.13,22,AUTO.LOITER,0,0
2026-08-21T19:29:34,1787315374,13.821866,100.513465,,,-0.2,-1.8,-135.7,224.3,,,,23.13,22,AUTO.LOITER,0,0
2026-08-21T19:29:35,1787315375,13.821866,100.513465,,,-0.2,-1.8,-135.7,224.3,,,,23.13,22,AUTO.LOITER,0,0
2026-08-21T19:29:36,1787315376,13.821866,100.513465,,,-0.2,-1.8,-135.7,224.3,,,,23.13,22,AUTO.LOITER,0,0
2026-08-21T19:29:37,1787315377,13.821866,100.513465,,,-0.2,-1.8,-135.7,224.3,,,,23.13,22,AUTO.LOITER,0,0
2026-08-21T19:29:38,1787315378,13.821866,100.513465,,,-0.2,-1.8,-135.7,224.3,,,,23.13,22,AUTO.LOITER,0,0
2026-08-21T19:29:39,1787315379,13.821866,100.513465,,,-0.2,-1.8,-135.7,224.3,,,,23.13,22,AUTO.LOITER,0,0
2026-08-21T19:29:40,1787315380,13.821866,100.513465,,,-0.2,-1.8,-135.7,224.3,,,,23.13,22,AUTO.LOITER,0,0
2026-08-21T19:29:41,1787315381,13.821866,100.513465,,,-0.2,-1.8,-135.7,224.3,,,,23.13,22,AUTO.LOITER,0,0
2026-08-21T19:29:42,1787315382,13.821866,100.513465,,,-0.2,-1.8,-135.7,224.3,,,,23.13,22,AUTO.LOITER,0,0
2026-08-21T19:29:43,1787315383,13.821866,100.513465,,,-0.2,-1.8,-135.7,224.3,,,,23.13,22,AUTO.LOITER,0,0
2026-08-21T19:29:44,1787315384,13.821936,100.513429,,,-0.2,-1.8,-135.7,224.3,,,,23.13,22,AUTO.LOITER,0,0
2026-08-21T19:29:45,1787315385,13.821936,100.513429,,,-0.2,-1.7,-135.7,224.3,,,,23.13,22,AUTO.LOITER,0,0
2026-08-21T19:29:46,1787315386,13.821936,100.513429,,,-0.2,-1.7,-135.7,224.3,,,,23.13,22,AUTO.LOITER,0,0
2026-08-21T19:29:47,1787315387,13.821936,100.513429,,,-0.2,-1.7,-135.7,224.3,,,,23.13,22,AUTO.LOITER,0,0
2026-08-21T19:29:48,1787315388,13.821936,100.513429,,,-0.2,-1.7,-135.7,224.3,,,,23.13,22,AUTO.LOITER,0,0
2026-08-21T19:29:49,1787315389,13.821936,100.513429,,,-0.2,-1.7,-135.7,224.3,,,,23.13,22,AUTO.LOITER,0,0
2026-08-21T19:29:50,1787315390,13.821936,100.513429,,,-0.2,-1.7,-135.7,224.3,,,,23.13,22,AUTO.LOITER,0,0
2026-08-21T19:29:51,1787315391,13.821936,100.513429,,,-0.2,-1.7,-135.7,224.3,,,,23.13,22,AUTO.LOITER,0,0
2026-08-21T19:29:52,1787315392,13.821936,100.513429,,,-0.2,-1.7,-135.7,224.3,,,,23.13,22,AUTO.LOITER,0,0
2026-08-21T19:29:53,1787315393,13.821936,100.513429,,,-0.2,-1.8,-135.7,224.3,,,,23.13,22,AUTO.LOITER,0,0
2026-08-21T19:29:54,1787315394,13.821936,100.513429,,,-0.2,-1.8,-135.7,224.3,,,,23.13,22,AUTO.LOITER,0,0
2026-08-21T19:29:55,1787315395,13.821956,100.51341,,,-0.2,-1.8,-135.7,224.3,,,,23.13,22,AUTO.LOITER,0,0
2026-08-21T19:29:56,1787315396,13.821956,100.51341,,,-0.2,-1.8,-135.7,224.3,,,,23.13,22,AUTO.LOITER,0,0
2026-08-21T19:29:57,1787315397,13.821956,100.51341,,,-0.2,-1.8,-135.7,224.3,,,,23.13,22,AUTO.LOITER,0,0
2026-08-21T19:29:58,1787315398,13.821956,100.51341,,,-0.2,-1.8,-135.7,224.3,,,,23.13,22,AUTO.LOITER,0,0
2026-08-21T19:29:59,1787315399,13.821956,100.51341,,,-0.2,-1.8,-135.7,224.3,,,,23.13,22,AUTO.LOITER,0,0
2026-08-21T19:30:00,1787315400,13.821956,100.51341,,,-0.2,-1.8,-135.7,224.3,,,,23.13,22,AUTO.LOITER,0,0
2026-08-21T19:30:01,1787315401,13.821956,100.51341,,,-0.2,-1.8,-135.7,224.3,,,,23.13,22,AUTO.LOITER,0,0
2026-08-21T19:30:02,1787315402,13.821956,100.51341,,,-0.2,-1.8,-135.7,224.3,,,,23.13,22,AUTO.LOITER,0,0
2026-08-21T19:30:03,1787315403,13.821956,100.51341,,,-0.2,-1.8,-135.7,224.3,,,,23.13,22,AUTO.LOITER,0,0
2026-08-21T19:30:04,1787315404,13.821956,100.51341,,,-0.2,-1.7,-135.7,224.3,,,,23.13,22,AUTO.LOITER,0,0
2026-08-21T19:30:05,1787315405,13.821956,100.51341,,,-0.2,-1.7,-135.7,224.3,,,,23.13,22,AUTO.LOITER,0,0
2026-08-21T19:30:06,1787315406,13.821956,100.51341,,,-0.2,-1.7,-135.7,224.3,,,,23.13,22,AUTO.LOITER,0,0
2026-08-21T19:30:07,1787315407,13.821956,100.51341,,,-0.2,-1.7,-135.7,224.3,,,,23.13,22,AUTO.LOITER,0,0
2026-08-21T19:30:08,1787315408,13.821956,100.51341,,,-0.2,-1.7,-135.7,224.3,,,,23.13,22,AUTO.LOITER,0,0
2026-08-21T19:30:09,1787315409,13.821956,100.51341,,,-0.2,-1.7,-135.7,224.3,,,,23.13,22,AUTO.LOITER,0,0
2026-08-21T19:30:10,1787315410,13.821956,100.51341,,,-0.2,-1.8,-135.7,224.3,,,,23.13,22,AUTO.LOITER,0,0
2026-08-21T19:30:11,1787315411,13.821951,100.513372,,,-0.2,-1.8,-135.7,224.3,,,,23.13,22,AUTO.LOITER,0,0
2026-08-21T19:30:12,1787315412,13.821951,100.513372,,,-0.2,-1.8,-135.7,224.3,,,,23.13,22,AUTO.LOITER,0,0
2026-08-21T19:30:13,1787315413,13.821951,100.513372,,,-0.2,-1.8,-135.7,224.3,,,,23.13,22,AUTO.LOITER,0,0
2026-08-21T19:30:14,1787315414,13.821951,100.513372,,,-0.2,-1.7,-135.7,224.3,,,,23.13,22,AUTO.LOITER,0,0
2026-08-21T19:30:15,1787315415,13.821951,100.513372,,,-0.2,-1.7,-135.7,224.3,,,,23.13,22,AUTO.LOITER,0,0
2026-08-21T19:30:16,1787315416,13.821938,100.513384,,,-0.2,-1.7,-135.7,224.3,,,,23.13,22,AUTO.LOITER,0,0
2026-08-21T19:30:17,1787315417,13.821938,100.513384,,,-0.2,-1.7,-135.7,224.3,,,,23.13,22,AUTO.LOITER,0,0
2026-08-21T19:30:18,1787315418,13.821938,100.513384,,,-0.2,-1.7,-135.7,224.3,,,,23.13,22,AUTO.LOITER,0,0
2026-08-21T19:30:20,1787315420,13.821938,100.513384,,,-0.2,-1.7,-135.7,224.3,,,,23.13,22,AUTO.LOITER,0,0
2026-08-21T19:30:21,1787315421,13.821938,100.513384,,,-0.2,-1.8,-135.7,224.3,,,,23.13,22,AUTO.LOITER,0,0
2026-08-21T19:30:22,1787315422,13.821938,100.513384,,,-0.2,-1.8,-135.7,224.3,,,,23.13,22,AUTO.LOITER,0,0
2026-08-21T19:30:23,1787315423,13.821938,100.513384,,,-0.2,-1.8,-135.7,224.3,,,,23.13,22,AUTO.LOITER,0,0
2026-08-21T19:30:24,1787315424,13.821938,100.513384,,,-0.2,-1.8,-135.7,224.3,,,,23.13,22,AUTO.LOITER,0,0
2026-08-21T19:30:25,1787315425,13.821938,100.513384,,,-0.2,-1.8,-135.7,224.3,,,,23.13,22,AUTO.LOITER,0,0
2026-08-21T19:30:26,1787315426,13.821938,100.513384,,,-0.2,-1.8,-135.7,224.3,,,,23.13,22,AUTO.LOITER,0,0
2026-08-21T19:30:27,1787315427,13.821938,100.513384,,,-0.2,-1.8,-135.7,224.3,,,,23.13,22,AUTO.LOITER,0,0
2026-08-21T19:30:28,1787315428,13.821938,100.513384,,,-0.2,-1.8,-135.7,224.3,,,,23.13,22,AUTO.LOITER,0,0
2026-08-21T19:30:29,1787315429,13.821938,100.513384,,,-0.2,-1.8,-135.7,224.3,,,,23.13,22,AUTO.LOITER,0,0
2026-08-21T19:30:30,1787315430,13.821938,100.513384,,,-0.2,-1.8,-135.8,224.2,,,,23.13,22,AUTO.LOITER,0,0
2026-08-21T19:30:31,1787315431,13.821938,100.513384,,,-0.2,-1.8,-135.8,224.2,,,,23.12,22,AUTO.LOITER,0,0
2026-08-21T19:30:32,1787315432,13.821922,100.513387,,,-0.2,-1.8,-135.8,224.2,,,,23.12,22,AUTO.LOITER,0,0
2026-08-21T19:30:33,1787315433,13.821922,100.513387,,,-0.2,-1.8,-135.8,224.2,,,,23.12,22,AUTO.LOITER,0,0
2026-08-21T19:30:34,1787315434,13.821922,100.513387,,,-0.2,-1.8,-135.8,224.2,,,,23.12,22,AUTO.LOITER,0,0
2026-08-21T19:30:35,1787315435,13.821922,100.513387,,,-0.2,-1.8,-135.8,224.2,,,,23.12,22,AUTO.LOITER,0,0
2026-08-21T19:30:36,1787315436,13.821922,100.513387,,,-0.2,-1.8,-135.8,224.2,,,,23.12,22,AUTO.LOITER,0,0
2026-08-21T19:30:37,1787315437,13.821913,100.513385,,,-0.2,-1.8,-135.8,224.2,,,,23.12,22,AUTO.LOITER,0,0
2026-08-21T19:30:38,1787315438,13.821913,100.513385,,,-0.2,-1.8,-135.8,224.2,,,,23.12,22,AUTO.LOITER,0,0
2026-08-21T19:30:39,1787315439,13.821913,100.513385,,,-0.2,-1.8,-135.8,224.2,,,,23.12,22,AUTO.LOITER,0,0
2026-08-21T19:30:40,1787315440,13.821913,100.513385,,,-0.2,-1.7,-135.8,224.2,,,,23.12,22,AUTO.LOITER,0,0
2026-08-21T19:30:41,1787315441,13.821913,100.513385,,,-0.2,-1.7,-135.8,224.2,,,,23.12,22,AUTO.LOITER,0,0
2026-08-21T19:30:42,1787315442,13.821913,100.513385,,,-0.2,-1.7,-135.8,224.2,,,,23.12,22,AUTO.LOITER,0,0
2026-08-21T19:30:43,1787315443,13.821913,100.513385,,,-0.2,-1.7,-135.8,224.2,,,,23.12,22,AUTO.LOITER,0,0
2026-08-21T19:30:44,1787315444,13.821913,100.513385,,,-0.2,-1.7,-135.8,224.2,,,,23.12,22,AUTO.LOITER,0,0
2026-08-21T19:30:45,1787315445,13.821913,100.513385,,,-0.2,-1.7,-135.8,224.2,,,,23.12,22,AUTO.LOITER,0,0
2026-08-21T19:30:46,1787315446,13.821913,100.513385,,,-0.2,-1.7,-135.8,224.2,,,,23.12,22,AUTO.LOITER,0,0
2026-08-21T19:30:47,1787315447,13.821913,100.513385,,,-0.2,-1.8,-135.7,224.3,,,,23.12,22,AUTO.LOITER,0,0
2026-08-21T19:30:48,1787315448,13.8219,100.51339,,,-0.2,-1.8,-135.7,224.3,,,,23.12,22,AUTO.LOITER,0,0
2026-08-21T19:30:49,1787315449,13.8219,100.51339,,,-0.2,-1.7,-135.7,224.3,,,,23.12,22,AUTO.LOITER,0,0
2026-08-21T19:30:50,1787315450,13.8219,100.51339,,,-0.2,-1.7,-135.7,224.3,,,,23.12,22,AUTO.LOITER,0,0
2026-08-21T19:30:51,1787315451,13.8219,100.51339,,,-0.2,-1.7,-135.7,224.3,,,,23.12,22,AUTO.LOITER,0,0
2026-08-21T19:30:52,1787315452,13.8219,100.51339,,,-0.2,-1.7,-135.7,224.3,,,,23.12,22,AUTO.LOITER,0,0
2026-08-21T19:30:53,1787315453,13.8219,100.51339,,,-0.2,-1.7,-135.7,224.3,,,,23.12,22,AUTO.LOITER,0,0
2026-08-21T19:30:54,1787315454,13.8219,100.51339,,,-0.2,-1.7,-135.7,224.3,,,,23.12,22,AUTO.LOITER,0,0
2026-08-21T19:30:55,1787315455,13.8219,100.51339,,,-0.2,-1.7,-135.7,224.3,,,,23.12,22,AUTO.LOITER,0,0
2026-08-21T19:30:56,1787315456,13.8219,100.51339,,,-0.2,-1.7,-135.7,224.3,,,,23.12,22,AUTO.LOITER,0,0
2026-08-21T19:30:57,1787315457,13.8219,100.51339,,,-0.2,-1.7,-135.8,224.2,,,,23.12,22,AUTO.LOITER,0,0
2026-08-21T19:30:58,1787315458,13.8219,100.51339,,,-0.2,-1.7,-135.8,224.2,,,,23.12,22,AUTO.LOITER,0,0
2026-08-21T19:30:59,1787315459,13.82188,100.513373,,,-0.2,-1.7,-135.8,224.2,,,,23.12,22,AUTO.LOITER,0,0
2026-08-21T19:31:00,1787315460,13.82188,100.513373,,,-0.2,-1.7,-135.8,224.2,,,,23.12,22,AUTO.LOITER,0,0
2026-08-21T19:31:01,1787315461,13.82188,100.513373,,,-0.2,-1.7,-135.8,224.2,,,,23.12,22,AUTO.LOITER,0,0
2026-08-21T19:31:02,1787315462,13.82188,100.513373,,,-0.2,-1.7,-135.8,224.2,,,,23.12,22,AUTO.LOITER,0,0
2026-08-21T19:31:05,1787315465,13.82188,100.513373,,,-0.2,-1.7,-135.8,224.2,,,,23.12,22,AUTO.LOITER,0,0
2026-08-21T19:31:06,1787315466,13.82188,100.513373,,,-0.2,-1.7,-135.8,224.2,,,,23.12,22,AUTO.LOITER,0,0
2026-08-21T19:31:07,1787315467,13.82188,100.513367,,,-0.2,-1.8,-135.8,224.2,,,,23.12,22,AUTO.LOITER,0,0
2026-08-21T19:31:08,1787315468,13.82188,100.513367,,,-0.2,-1.8,-135.8,224.2,,,,23.12,22,AUTO.LOITER,0,0
2026-08-21T19:31:09,1787315469,13.82188,100.513367,,,-0.2,-1.8,-135.8,224.2,,,,23.12,22,AUTO.LOITER,0,0
2026-08-21T19:31:10,1787315470,13.82188,100.513367,,,-0.2,-1.8,-135.8,224.2,,,,23.12,22,AUTO.LOITER,0,0
2026-08-21T19:31:11,1787315471,13.82188,100.513367,,,-0.2,-1.8,-135.8,224.2,,,,23.12,22,AUTO.LOITER,0,0
2026-08-21T19:31:12,1787315472,13.82188,100.513367,,,-0.2,-1.8,-135.8,224.2,,,,23.12,22,AUTO.LOITER,0,0
2026-08-21T19:31:13,1787315473,13.82188,100.513345,,,-0.2,-1.8,-135.8,224.2,,,,23.12,22,AUTO.LOITER,0,0
2026-08-21T19:31:14,1787315474,13.82188,100.513345,,,-0.2,-1.8,-135.8,224.2,,,,23.12,22,AUTO.LOITER,0,0
2026-08-21T19:31:15,1787315475,13.82188,100.513345,,,-0.2,-1.8,-135.8,224.2,,,,23.12,22,AUTO.LOITER,0,0
2026-08-21T19:31:16,1787315476,13.82188,100.513345,,,-0.2,-1.8,-135.8,224.2,,,,23.12,22,AUTO.LOITER,0,0
2026-08-21T19:31:17,1787315477,13.821892,100.513324,,,-0.2,-1.8,-135.7,224.3,,,,23.12,22,AUTO.LOITER,0,0
2026-08-21T19:31:18,1787315478,13.821892,100.513324,,,-0.2,-1.8,-135.7,224.3,,,,23.12,22,AUTO.LOITER,0,0
2026-08-21T19:31:19,1787315479,13.821892,100.513324,,,-0.2,-1.8,-135.7,224.3,,,,23.12,22,AUTO.LOITER,0,0
2026-08-21T19:31:20,1787315480,13.821892,100.513324,,,-0.2,-1.8,-135.7,224.3,,,,23.12,22,AUTO.LOITER,0,0
2026-08-21T19:31:21,1787315481,13.821892,100.513324,,,-0.2,-1.8,-135.7,224.3,,,,23.12,22,AUTO.LOITER,0,0
2026-08-21T19:31:22,1787315482,13.821892,100.513324,,,-0.2,-1.8,-135.7,224.3,,,,23.12,22,AUTO.LOITER,0,0
2026-08-21T19:31:23,1787315483,13.821891,100.513336,,,-0.2,-1.8,-135.7,224.3,,,,23.12,22,AUTO.LOITER,0,0
2026-08-21T19:31:24,1787315484,13.821891,100.513336,,,-0.2,-1.8,-135.7,224.3,,,,23.12,22,AUTO.LOITER,0,0
2026-08-21T19:31:25,1787315485,13.821891,100.513336,,,-0.2,-1.8,-135.7,224.3,,,,23.12,22,AUTO.LOITER,0,0
2026-08-21T19:31:26,1787315486,13.821891,100.513336,,,-0.2,-1.8,-135.7,224.3,,,,23.12,22,AUTO.LOITER,0,0
2026-08-21T19:31:27,1787315487,13.821891,100.513336,,,-0.2,-1.8,-135.7,224.3,,,,23.12,22,AUTO.LOITER,0,0
2026-08-21T19:31:28,1787315488,13.821891,100.513336,,,-0.2,-1.8,-135.7,224.3,,,,23.12,22,AUTO.LOITER,0,0
2026-08-21T19:31:29,1787315489,13.821891,100.513336,,,-0.2,-1.8,-135.7,224.3,,,,23.12,22,AUTO.LOITER,0,0
2026-08-21T19:31:30,1787315490,13.821891,100.513336,,,-0.2,-1.8,-135.7,224.3,,,,23.12,22,AUTO.LOITER,0,0
2026-08-21T19:31:31,1787315491,13.821891,100.513336,,,-0.2,-1.8,-135.7,224.3,,,,23.12,22,AUTO.LOITER,0,0
2026-08-21T19:31:32,1787315492,13.821866,100.513375,,,-0.2,-1.8,-135.7,224.3,,,,23.12,22,AUTO.LOITER,0,0
2026-08-21T19:31:33,1787315493,13.821866,100.513375,,,-0.2,-1.8,-135.7,224.3,,,,23.12,22,AUTO.LOITER,0,0
2026-08-21T19:31:34,1787315494,13.821866,100.513375,,,-0.2,-1.8,-135.7,224.3,,,,23.12,22,AUTO.LOITER,0,0
2026-08-21T19:31:35,1787315495,13.821866,100.513375,,,-0.2,-1.8,-135.7,224.3,,,,23.12,22,AUTO.LOITER,0,0
2026-08-21T19:31:36,1787315496,13.821866,100.513375,,,-0.2,-1.8,-135.7,224.3,,,,23.12,22,AUTO.LOITER,0,0
2026-08-21T19:31:37,1787315497,13.821866,100.513375,,,-0.2,-1.8,-135.7,224.3,,,,23.12,22,AUTO.LOITER,0,0
2026-08-21T19:31:38,1787315498,13.821866,100.513375,,,-0.2,-1.8,-135.7,224.3,,,,23.12,22,AUTO.LOITER,0,0
2026-08-21T19:31:39,1787315499,13.821866,100.513375,,,-0.2,-1.8,-135.7,224.3,,,,23.12,22,AUTO.LOITER,0,0
2026-08-21T19:31:40,1787315500,13.821866,100.513375,,,-0.2,-1.8,-135.7,224.3,,,,23.12,22,AUTO.LOITER,0,0
2026-08-21T19:31:41,1787315501,13.821866,100.513375,,,-0.2,-1.8,-135.7,224.3,,,,23.12,22,AUTO.LOITER,0,0
2026-08-21T19:31:42,1787315502,13.821866,100.513375,,,-0.2,-1.8,-135.7,224.3,,,,23.12,22,AUTO.LOITER,0,0
2026-08-21T19:31:43,1787315503,13.821863,100.513446,,,-0.2,-1.8,-135.7,224.3,,,,23.12,22,AUTO.LOITER,0,0
2026-08-21T19:31:44,1787315504,13.821863,100.513446,,,-0.2,-1.8,-135.7,224.3,,,,23.12,22,AUTO.LOITER,0,0
2026-08-21T19:31:45,1787315505,13.821863,100.513446,,,-0.2,-1.8,-135.7,224.3,,,,23.12,22,AUTO.LOITER,0,0
2026-08-21T19:31:46,1787315506,13.821863,100.513446,,,-0.2,-1.8,-135.7,224.3,,,,23.12,22,AUTO.LOITER,0,0
2026-08-21T19:31:47,1787315507,13.821863,100.513446,,,-0.2,-1.8,-135.7,224.3,,,,23.12,22,AUTO.LOITER,0,0
2026-08-21T19:31:48,1787315508,13.821863,100.513446,,,-0.2,-1.8,-135.7,224.3,,,,23.12,22,AUTO.LOITER,0,0
2026-08-21T19:31:49,1787315509,13.821863,100.513446,,,-0.2,-1.7,-135.7,224.3,,,,23.12,22,AUTO.LOITER,0,0
2026-08-21T19:31:50,1787315510,13.821863,100.513446,,,-0.2,-1.7,-135.7,224.3,,,,23.12,22,AUTO.LOITER,0,0
2026-08-21T19:31:51,1787315511,13.821863,100.513446,,,-0.2,-1.7,-135.7,224.3,,,,23.12,22,AUTO.LOITER,0,0
2026-08-21T19:31:52,1787315512,13.821863,100.513446,,,-0.2,-1.7,-135.7,224.3,,,,23.12,22,AUTO.LOITER,0,0
2026-08-21T19:31:53,1787315513,13.821863,100.513446,,,-0.2,-1.7,-135.7,224.3,,,,23.12,22,AUTO.LOITER,0,0
2026-08-21T19:31:54,1787315514,13.821863,100.513446,,,-0.2,-1.7,-135.7,224.3,,,,23.12,22,AUTO.LOITER,0,0
2026-08-21T19:31:55,1787315515,13.821863,100.513446,,,-0.2,-1.7,-135.7,224.3,,,,23.12,22,AUTO.LOITER,0,0
2026-08-21T19:31:56,1787315516,13.821863,100.513446,,,-0.2,-1.7,-135.7,224.3,,,,23.12,22,AUTO.LOITER,0,0
2026-08-21T19:31:57,1787315517,13.821863,100.513446,,,-0.2,-1.7,-135.7,224.3,,,,23.12,22,AUTO.LOITER,0,0
2026-08-21T19:31:58,1787315518,13.821863,100.513446,,,-0.2,-1.7,-135.7,224.3,,,,23.12,22,AUTO.LOITER,0,0
2026-08-21T19:31:59,1787315519,13.821863,100.513446,,,-0.2,-1.7,-135.7,224.3,,,,23.12,22,AUTO.LOITER,0,0
2026-08-21T19:32:00,1787315520,13.821843,100.513515,,,-0.2,-1.7,-135.7,224.3,,,,23.12,22,AUTO.LOITER,0,0
2026-08-21T19:32:01,1787315521,13.821843,100.513515,,,-0.2,-1.7,-135.7,224.3,,,,23.12,22,AUTO.LOITER,0,0
2026-08-21T19:32:02,1787315522,13.821843,100.513515,,,-0.2,-1.7,-135.7,224.3,,,,23.12,22,AUTO.LOITER,0,0
2026-08-21T19:32:03,1787315523,13.821843,100.513515,,,-0.2,-1.7,-135.7,224.3,,,,23.12,21,AUTO.LOITER,0,0
2026-08-21T19:32:04,1787315524,13.821843,100.513515,,,-0.2,-1.7,-135.7,224.3,,,,23.12,21,AUTO.LOITER,0,0
2026-08-21T19:32:05,1787315525,13.821841,100.513534,,,-0.2,-1.7,-135.7,224.3,,,,23.12,21,AUTO.LOITER,0,0
2026-08-21T19:32:06,1787315526,13.821841,100.513534,,,-0.2,-1.7,-135.7,224.3,,,,23.12,21,AUTO.LOITER,0,0
2026-08-21T19:32:07,1787315527,13.821841,100.513534,,,-0.2,-1.7,-135.7,224.3,,,,23.12,21,AUTO.LOITER,0,0
2026-08-21T19:32:08,1787315528,13.821841,100.513534,,,-0.2,-1.7,-135.7,224.3,,,,23.12,21,AUTO.LOITER,0,0
2026-08-21T19:32:09,1787315529,13.821841,100.513534,,,-0.2,-1.8,-135.7,224.3,,,,23.12,21,AUTO.LOITER,0,0
2026-08-21T19:32:10,1787315530,13.821841,100.513534,,,-0.2,-1.8,-135.7,224.3,,,,23.12,21,AUTO.LOITER,0,0
2026-08-21T19:32:11,1787315531,13.821841,100.513534,,,-0.2,-1.8,-135.7,224.3,,,,23.12,21,AUTO.LOITER,0,0
2026-08-21T19:32:12,1787315532,13.821841,100.513534,,,-0.2,-1.8,-135.7,224.3,,,,23.12,21,AUTO.LOITER,0,0
2026-08-21T19:32:13,1787315533,13.821841,100.513534,,,-0.2,-1.8,-135.7,224.3,,,,23.12,21,AUTO.LOITER,0,0
2026-08-21T19:32:15,1787315535,13.82184,100.513565,,,-0.2,-1.8,-135.7,224.3,,,,23.12,21,AUTO.LOITER,0,0
2026-08-21T19:32:16,1787315536,13.82184,100.513565,,,-0.2,-1.8,-135.7,224.3,,,,23.12,21,AUTO.LOITER,0,0
2026-08-21T19:32:17,1787315537,13.82184,100.513565,,,-0.2,-1.8,-135.7,224.3,,,,23.12,21,AUTO.LOITER,0,0
2026-08-21T19:32:18,1787315538,13.82184,100.513565,,,-0.2,-1.8,-135.7,224.3,,,,23.12,21,AUTO.LOITER,0,0
2026-08-21T19:32:19,1787315539,13.82184,100.513565,,,-0.2,-1.8,-135.7,224.3,,,,23.12,21,AUTO.LOITER,0,0
2026-08-21T19:32:20,1787315540,13.82184,100.513565,,,-0.2,-1.8,-135.7,224.3,,,,23.11,21,AUTO.LOITER,0,0
2026-08-21T19:32:21,1787315541,13.82184,100.513565,,,-0.2,-1.8,-135.7,224.3,,,,23.11,21,AUTO.LOITER,0,0
2026-08-21T19:32:22,1787315542,13.82184,100.513565,,,-0.2,-1.8,-135.7,224.3,,,,23.11,21,AUTO.LOITER,0,0
2026-08-21T19:32:23,1787315543,13.82184,100.513565,,,-0.2,-1.8,-135.7,224.3,,,,23.11,21,AUTO.LOITER,0,0
2026-08-21T19:32:24,1787315544,13.82184,100.513565,,,-0.2,-1.8,-135.7,224.3,,,,23.11,21,AUTO.LOITER,0,0
2026-08-21T19:32:25,1787315545,13.82184,100.513565,,,-0.2,-1.8,-135.7,224.3,,,,23.11,21,AUTO.LOITER,0,0
2026-08-21T19:32:26,1787315546,13.82184,100.513565,,,-0.2,-1.8,-135.7,224.3,,,,23.11,21,AUTO.LOITER,0,0
2026-08-21T19:32:27,1787315547,13.82184,100.513565,,,-0.2,-1.8,-135.7,224.3,,,,23.11,21,AUTO.LOITER,0,0
2026-08-21T19:32:28,1787315548,13.82184,100.513565,,,-0.2,-1.8,-135.7,224.3,,,,23.11,21,AUTO.LOITER,0,0
2026-08-21T19:32:29,1787315549,13.82184,100.513565,,,-0.2,-1.8,-135.7,224.3,,,,23.11,21,AUTO.LOITER,0,0
2026-08-21T19:32:30,1787315550,13.82184,100.513565,,,-0.2,-1.8,-135.7,224.3,,,,23.11,21,AUTO.LOITER,0,0
2026-08-21T19:32:31,1787315551,13.82183,100.513604,,,-0.2,-1.8,-135.7,224.3,,,,23.11,21,AUTO.LOITER,0,0
2026-08-21T19:32:32,1787315552,13.82183,100.513604,,,-0.2,-1.8,-135.7,224.3,,,,23.11,21,AUTO.LOITER,0,0
2026-08-21T19:32:33,1787315553,13.82183,100.513604,,,-0.2,-1.8,-135.7,224.3,,,,23.11,21,AUTO.LOITER,0,0
2026-08-21T19:32:34,1787315554,13.82183,100.513604,,,-0.2,-1.8,-135.7,224.3,,,,23.11,21,AUTO.LOITER,0,0
2026-08-21T19:32:35,1787315555,13.82183,100.513604,,,-0.2,-1.8,-135.7,224.3,,,,23.11,21,AUTO.LOITER,0,0
2026-08-21T19:32:36,1787315556,13.82183,100.513604,,,-0.2,-1.8,-135.7,224.3,,,,23.11,21,AUTO.LOITER,0,0
2026-08-21T19:32:37,1787315557,13.82183,100.513604,,,-0.2,-1.8,-135.7,224.3,,,,23.11,21,AUTO.LOITER,0,0
2026-08-21T19:32:38,1787315558,13.821837,100.513543,,,-0.2,-1.8,-135.7,224.3,,,,23.11,21,AUTO.LOITER,0,0
2026-08-21T19:32:39,1787315559,13.821837,100.513543,,,-0.2,-1.8,-135.7,224.3,,,,23.11,21,AUTO.LOITER,0,0
2026-08-21T19:32:40,1787315560,13.821837,100.513543,,,-0.2,-1.8,-135.7,224.3,,,,23.11,21,AUTO.LOITER,0,0
2026-08-21T19:32:41,1787315561,13.821837,100.513543,,,-0.2,-1.8,-135.7,224.3,,,,23.11,21,AUTO.LOITER,0,0
2026-08-21T19:32:42,1787315562,13.821837,100.513543,,,-0.2,-1.8,-135.7,224.3,,,,23.11,21,AUTO.LOITER,0,0
2026-08-21T19:32:43,1787315563,13.821837,100.513543,,,-0.2,-1.8,-135.7,224.3,,,,23.11,21,AUTO.LOITER,0,0
2026-08-21T19:32:44,1787315564,13.821837,100.513543,,,-0.2,-1.8,-135.7,224.3,,,,23.11,21,AUTO.LOITER,0,0
2026-08-21T19:32:45,1787315565,13.821837,100.513543,,,-0.2,-1.8,-135.7,224.3,,,,23.11,21,AUTO.LOITER,0,0
2026-08-21T19:32:46,1787315566,13.821837,100.513543,,,-0.2,-1.8,-135.7,224.3,,,,23.11,21,AUTO.LOITER,0,0
2026-08-21T19:32:47,1787315567,13.821917,100.513397,,,-0.2,-1.8,-135.7,224.3,,,,23.11,21,AUTO.LOITER,0,0
2026-08-21T19:32:48,1787315568,13.821917,100.513397,,,-0.2,-1.8,-135.7,224.3,,,,23.11,21,AUTO.LOITER,0,0
2026-08-21T19:32:49,1787315569,13.821917,100.513397,,,-0.2,-1.8,-135.7,224.3,,,,23.11,21,AUTO.LOITER,0,0
2026-08-21T19:32:50,1787315570,13.821917,100.513397,,,-0.2,-1.8,-135.7,224.3,,,,23.11,21,AUTO.LOITER,0,0
2026-08-21T19:32:51,1787315571,13.821917,100.513397,,,-0.2,-1.8,-135.7,224.3,,,,23.11,21,AUTO.LOITER,0,0
2026-08-21T19:32:52,1787315572,13.821917,100.513397,,,-0.2,-1.8,-135.7,224.3,,,,23.11,21,AUTO.LOITER,0,0
2026-08-21T19:32:53,1787315573,13.821966,100.513329,,,-0.2,-1.8,-135.7,224.3,,,,23.11,21,AUTO.LOITER,0,0
2026-08-21T19:32:54,1787315574,13.821966,100.513329,,,-0.2,-1.8,-135.7,224.3,,,,23.11,21,AUTO.LOITER,0,0
2026-08-21T19:32:55,1787315575,13.821966,100.513329,,,-0.2,-1.8,-135.7,224.3,,,,23.11,21,AUTO.LOITER,0,0
2026-08-21T19:32:56,1787315576,13.821966,100.513329,,,-0.2,-1.8,-135.7,224.3,,,,23.11,21,AUTO.LOITER,0,0
2026-08-21T19:32:57,1787315577,13.821966,100.513329,,,-0.2,-1.8,-135.7,224.3,,,,23.11,21,AUTO.LOITER,0,0
2026-08-21T19:32:58,1787315578,13.821966,100.513329,,,-0.2,-1.8,-135.7,224.3,,,,23.11,21,AUTO.LOITER,0,0
2026-08-21T19:32:59,1787315579,13.821966,100.513329,,,-0.2,-1.8,-135.7,224.3,,,,23.11,21,AUTO.LOITER,0,0
2026-08-21T19:33:00,1787315580,13.821966,100.513329,,,-0.2,-1.8,-135.7,224.3,,,,23.11,21,AUTO.LOITER,0,0
2026-08-21T19:33:01,1787315581,13.821966,100.513329,,,-0.2,-1.8,-135.7,224.3,,,,23.11,21,AUTO.LOITER,0,0
2026-08-21T19:33:02,1787315582,13.821966,100.513329,,,-0.2,-1.8,-135.7,224.3,,,,23.11,21,AUTO.LOITER,0,0
2026-08-21T19:33:03,1787315583,13.821966,100.513329,,,-0.2,-1.8,-135.7,224.3,,,,23.11,21,AUTO.LOITER,0,0
2026-08-21T19:33:04,1787315584,13.821966,100.513329,,,-0.2,-1.8,-135.7,224.3,,,,23.11,21,AUTO.LOITER,0,0
2026-08-21T19:33:05,1787315585,13.821966,100.513329,,,-0.2,-1.8,-135.7,224.3,,,,23.11,21,AUTO.LOITER,0,0
2026-08-21T19:33:06,1787315586,13.821966,100.513329,,,-0.2,-1.8,-135.7,224.3,,,,23.11,21,AUTO.LOITER,0,0
2026-08-21T19:33:07,1787315587,13.821975,100.513125,,,-0.2,-1.8,-135.7,224.3,,,,23.11,21,AUTO.LOITER,0,0
2026-08-21T19:33:08,1787315588,13.821975,100.513125,,,-0.2,-1.8,-135.7,224.3,,,,23.11,21,AUTO.LOITER,0,0
2026-08-21T19:33:09,1787315589,13.821975,100.513125,,,-0.2,-1.8,-135.7,224.3,,,,23.11,21,AUTO.LOITER,0,0
2026-08-21T19:33:10,1787315590,13.821975,100.513125,,,-0.2,-1.8,-135.7,224.3,,,,23.11,21,AUTO.LOITER,0,0
2026-08-21T19:33:11,1787315591,13.821975,100.513125,,,-0.2,-1.8,-135.7,224.3,,,,23.11,21,AUTO.LOITER,0,0
2026-08-21T19:33:12,1787315592,13.822004,100.513147,,,-0.2,-1.8,-135.7,224.3,,,,23.11,21,AUTO.LOITER,0,0
2026-08-21T19:33:13,1787315593,13.822004,100.513147,,,-0.2,-1.8,-135.7,224.3,,,,23.11,21,AUTO.LOITER,0,0
2026-08-21T19:33:14,1787315594,13.822004,100.513147,,,-0.2,-1.8,-135.7,224.3,,,,23.11,21,AUTO.LOITER,0,0
2026-08-21T19:33:15,1787315595,13.822004,100.513147,,,-0.2,-1.8,-135.7,224.3,,,,23.11,21,AUTO.LOITER,0,0
2026-08-21T19:33:16,1787315596,13.822004,100.513147,,,-0.2,-1.8,-135.7,224.3,,,,23.11,21,AUTO.LOITER,0,0
2026-08-21T19:33:17,1787315597,13.821991,100.513146,,,-0.2,-1.8,-135.7,224.3,,,,23.11,21,AUTO.LOITER,0,0
2026-08-21T19:33:18,1787315598,13.821991,100.513146,,,-0.2,-1.8,-135.7,224.3,,,,23.11,21,AUTO.LOITER,0,0
2026-08-21T19:33:19,1787315599,13.821991,100.513146,,,-0.2,-1.8,-135.7,224.3,,,,23.11,21,AUTO.LOITER,0,0
2026-08-21T19:33:20,1787315600,13.821991,100.513146,,,-0.2,-1.8,-135.7,224.3,,,,23.11,21,AUTO.LOITER,0,0
2026-08-21T19:33:21,1787315601,13.821991,100.513146,,,-0.2,-1.8,-135.7,224.3,,,,23.11,21,AUTO.LOITER,0,0
2026-08-21T19:33:22,1787315602,13.821991,100.513146,,,-0.2,-1.8,-135.7,224.3,,,,23.11,21,AUTO.LOITER,0,0
2026-08-21T19:33:23,1787315603,13.821991,100.513146,,,-0.2,-1.8,-135.7,224.3,,,,23.11,21,AUTO.LOITER,0,0
2026-08-21T19:33:24,1787315604,13.821991,100.513146,,,-0.2,-1.8,-135.7,224.3,,,,23.11,21,AUTO.LOITER,0,0
2026-08-21T19:33:25,1787315605,13.821991,100.513146,,,-0.2,-1.8,-135.7,224.3,,,,23.11,21,AUTO.LOITER,0,0
2026-08-21T19:33:26,1787315606,13.821991,100.513146,,,-0.2,-1.8,-135.7,224.3,,,,23.11,21,AUTO.LOITER,0,0
2026-08-21T19:33:27,1787315607,13.82191,100.513203,,,-0.2,-1.8,-135.7,224.3,,,,23.11,21,AUTO.LOITER,0,0
2026-08-21T19:33:28,1787315608,13.82191,100.513203,,,-0.2,-1.8,-135.7,224.3,,,,23.11,21,AUTO.LOITER,0,0
2026-08-21T19:33:29,1787315609,13.82191,100.513203,,,-0.2,-1.8,-135.7,224.3,,,,23.11,21,AUTO.LOITER,0,0
2026-08-21T19:33:30,1787315610,13.82191,100.513203,,,-0.2,-1.8,-135.7,224.3,,,,23.11,21,AUTO.LOITER,0,0
2026-08-21T19:33:31,1787315611,13.82191,100.513203,,,-0.2,-1.8,-135.7,224.3,,,,23.11,21,AUTO.LOITER,0,0
2026-08-21T19:33:32,1787315612,13.82191,100.513203,,,-0.2,-1.8,-135.7,224.3,,,,23.11,21,AUTO.LOITER,0,0
2026-08-21T19:33:33,1787315613,13.821978,100.513334,,,-0.2,-1.8,-135.7,224.3,,,,23.11,21,AUTO.LOITER,0,0
2026-08-21T19:33:34,1787315614,13.821978,100.513334,,,-0.2,-1.8,-135.7,224.3,,,,23.11,21,AUTO.LOITER,0,0
2026-08-21T19:33:35,1787315615,13.821978,100.513334,,,-0.2,-1.8,-135.7,224.3,,,,23.11,21,AUTO.LOITER,0,0
2026-08-21T19:33:36,1787315616,13.821978,100.513334,,,-0.2,-1.8,-135.7,224.3,,,,23.11,21,AUTO.LOITER,0,0
2026-08-21T19:33:37,1787315617,13.821984,100.513333,,,-0.2,-1.8,-135.7,224.3,,,,23.11,21,AUTO.LOITER,0,0
2026-08-21T19:33:38,1787315618,13.821984,100.513333,,,-0.2,-1.8,-135.7,224.3,,,,23.11,21,AUTO.LOITER,0,0
2026-08-21T19:33:39,1787315619,13.821984,100.513333,,,-0.2,-1.8,-135.7,224.3,,,,23.11,21,AUTO.LOITER,0,0
2026-08-21T19:33:40,1787315620,13.821984,100.513333,,,-0.2,-1.8,-135.7,224.3,,,,23.11,21,AUTO.LOITER,0,0
2026-08-21T19:33:41,1787315621,13.821984,100.513333,,,-0.2,-1.8,-135.7,224.3,,,,23.11,21,AUTO.LOITER,0,0
2026-08-21T19:33:42,1787315622,13.821984,100.513333,,,-0.2,-1.8,-135.7,224.3,,,,23.11,21,AUTO.LOITER,0,0
2026-08-21T19:33:43,1787315623,13.821984,100.513333,,,-0.2,-1.8,-135.7,224.3,,,,23.11,21,AUTO.LOITER,0,0
2026-08-21T19:33:44,1787315624,13.821984,100.513333,,,-0.2,-1.8,-135.7,224.3,,,,23.11,21,AUTO.LOITER,0,0
2026-08-21T19:33:45,1787315625,13.82196,100.513253,,,-0.2,-1.8,-135.7,224.3,,,,23.11,21,AUTO.LOITER,0,0
2026-08-21T19:33:46,1787315626,13.82196,100.513253,,,-0.2,-1.8,-135.7,224.3,,,,23.11,21,AUTO.LOITER,0,0
2026-08-21T19:33:47,1787315627,13.82196,100.513253,,,-0.2,-1.7,-135.7,224.3,,,,23.11,21,AUTO.LOITER,0,0
2026-08-21T19:33:48,1787315628,13.82196,100.513253,,,-0.2,-1.7,-135.7,224.3,,,,23.11,21,AUTO.LOITER,0,0
2026-08-21T19:33:49,1787315629,13.82196,100.513253,,,-0.2,-1.7,-135.7,224.3,,,,23.11,21,AUTO.LOITER,0,0
2026-08-21T19:33:50,1787315630,13.82196,100.513253,,,-0.2,-1.7,-135.7,224.3,,,,23.11,21,AUTO.LOITER,0,0
2026-08-21T19:33:51,1787315631,13.821865,100.513114,,,-0.2,-1.7,-135.7,224.3,,,,23.11,21,AUTO.LOITER,0,0
2026-08-21T19:33:52,1787315632,13.821865,100.513114,,,-0.2,-1.7,-135.7,224.3,,,,23.11,21,AUTO.LOITER,0,0
2026-08-21T19:33:53,1787315633,13.821865,100.513114,,,-0.2,-1.7,-135.7,224.3,,,,23.11,21,AUTO.LOITER,0,0
2026-08-21T19:33:54,1787315634,13.821865,100.513114,,,-0.2,-1.7,-135.7,224.3,,,,23.11,21,AUTO.LOITER,0,0
2026-08-21T19:33:55,1787315635,13.821865,100.513114,,,-0.2,-1.8,-135.7,224.3,,,,23.11,21,AUTO.LOITER,0,0
2026-08-21T19:33:57,1787315637,13.821798,100.513059,,,-0.2,-1.8,-135.7,224.3,,,,23.11,21,AUTO.LOITER,0,0
2026-08-21T19:33:58,1787315638,13.821798,100.513059,,,-0.2,-1.8,-135.7,224.3,,,,23.11,21,AUTO.LOITER,0,0
2026-08-21T19:33:59,1787315639,13.821798,100.513059,,,-0.2,-1.8,-135.7,224.3,,,,23.11,21,AUTO.LOITER,0,0
2026-08-21T19:34:00,1787315640,13.821798,100.513059,,,-0.2,-1.8,-135.6,224.4,,,,23.11,21,AUTO.LOITER,0,0
2026-08-21T19:34:01,1787315641,13.821798,100.513059,,,-0.2,-1.8,-135.6,224.4,,,,23.11,21,AUTO.LOITER,0,0
2026-08-21T19:34:02,1787315642,13.821798,100.513059,,,-0.2,-1.8,-135.6,224.4,,,,23.11,21,AUTO.LOITER,0,0
2026-08-21T19:34:03,1787315643,13.821798,100.513059,,,-0.2,-1.8,-135.6,224.4,,,,23.11,21,AUTO.LOITER,0,0
2026-08-21T19:34:04,1787315644,13.821798,100.513059,,,-0.2,-1.8,-135.6,224.4,,,,23.11,21,AUTO.LOITER,0,0
2026-08-21T19:34:05,1787315645,13.821798,100.513059,,,-0.2,-1.8,-135.6,224.4,,,,23.11,21,AUTO.LOITER,0,0
2026-08-21T19:34:06,1787315646,13.821798,100.513059,,,-0.2,-1.8,-135.6,224.4,,,,23.11,21,AUTO.LOITER,0,0
2026-08-21T19:34:07,1787315647,13.821798,100.513059,,,-0.2,-1.7,-135.6,224.4,,,,23.11,21,AUTO.LOITER,0,0
2026-08-21T19:34:08,1787315648,13.821798,100.513059,,,-0.2,-1.7,-135.6,224.4,,,,23.11,21,AUTO.LOITER,0,0
2026-08-21T19:34:09,1787315649,13.821798,100.513059,,,-0.2,-1.7,-135.6,224.4,,,,23.11,21,AUTO.LOITER,0,0
2026-08-21T19:34:10,1787315650,13.821798,100.513059,,,-0.2,-1.7,-135.6,224.4,,,,23.11,21,AUTO.LOITER,0,0
2026-08-21T19:34:11,1787315651,13.821798,100.513059,,,-0.2,-1.7,-135.6,224.4,,,,23.11,21,AUTO.LOITER,0,0
2026-08-21T19:34:12,1787315652,13.821798,100.513059,,,-0.2,-1.7,-135.6,224.4,,,,23.11,21,AUTO.LOITER,0,0
2026-08-21T19:34:13,1787315653,13.821798,100.513059,,,-0.2,-1.7,-135.6,224.4,,,,23.11,21,AUTO.LOITER,0,0
2026-08-21T19:34:14,1787315654,13.821798,100.513059,,,-0.2,-1.7,-135.6,224.4,,,,23.11,21,AUTO.LOITER,0,0
2026-08-21T19:34:15,1787315655,13.821798,100.513059,,,-0.2,-1.7,-135.6,224.4,,,,23.11,21,AUTO.LOITER,0,0
2026-08-21T19:34:16,1787315656,13.821798,100.513059,,,-0.2,-1.7,-135.6,224.4,,,,23.1,21,AUTO.LOITER,0,0
2026-08-21T19:34:17,1787315657,13.821948,100.51336,,,-0.2,-1.8,-135.7,224.3,,,,23.1,21,AUTO.LOITER,0,0
2026-08-21T19:34:18,1787315658,13.821948,100.51336,,,-0.2,-1.8,-135.7,224.3,,,,23.1,21,AUTO.LOITER,0,0
2026-08-21T19:34:19,1787315659,13.821948,100.51336,,,-0.2,-1.8,-135.7,224.3,,,,23.1,21,AUTO.LOITER,0,0
2026-08-21T19:34:20,1787315660,13.821948,100.51336,,,-0.2,-1.8,-135.7,224.3,,,,23.1,21,AUTO.LOITER,0,0
2026-08-21T19:34:21,1787315661,13.821948,100.51336,,,-0.2,-1.8,-135.7,224.3,,,,23.1,21,AUTO.LOITER,0,0
2026-08-21T19:34:22,1787315662,13.821948,100.51336,,,-0.2,-1.8,-135.7,224.3,,,,23.1,21,AUTO.LOITER,0,0
2026-08-21T19:34:23,1787315663,13.821973,100.51335,,,-0.2,-1.8,-135.6,224.4,,,,23.1,21,AUTO.LOITER,0,0
2026-08-21T19:34:24,1787315664,13.821973,100.51335,,,-0.2,-1.8,-135.6,224.4,,,,23.1,21,AUTO.LOITER,0,0
2026-08-21T19:34:25,1787315665,13.821973,100.51335,,,-0.2,-1.8,-135.7,224.3,,,,23.1,21,AUTO.LOITER,0,0
2026-08-21T19:34:26,1787315666,13.821973,100.51335,,,-0.2,-1.8,-135.7,224.3,,,,23.1,21,AUTO.LOITER,0,0
2026-08-21T19:34:27,1787315667,13.821973,100.51335,,,-0.2,-1.8,-135.7,224.3,,,,23.1,21,AUTO.LOITER,0,0
2026-08-21T19:34:28,1787315668,13.821973,100.51335,,,-0.2,-1.8,-135.7,224.3,,,,23.1,21,AUTO.LOITER,0,0
2026-08-21T19:34:29,1787315669,13.821973,100.51335,,,-0.2,-1.8,-135.7,224.3,,,,23.1,21,AUTO.LOITER,0,0
2026-08-21T19:34:30,1787315670,13.821973,100.51335,,,-0.2,-1.8,-135.7,224.3,,,,23.1,21,AUTO.LOITER,0,0
2026-08-21T19:34:31,1787315671,13.821973,100.51335,,,-0.2,-1.8,-135.7,224.3,,,,23.1,21,AUTO.LOITER,0,0
2026-08-21T19:34:32,1787315672,13.821973,100.51335,,,-0.2,-1.8,-135.7,224.3,,,,23.1,21,AUTO.LOITER,0,0
2026-08-21T19:34:33,1787315673,13.821973,100.513359,,,-0.2,-1.8,-135.7,224.3,,,,23.1,21,AUTO.LOITER,0,0
2026-08-21T19:34:34,1787315674,13.821973,100.513359,,,-0.2,-1.8,-135.7,224.3,,,,23.1,21,AUTO.LOITER,0,0
2026-08-21T19:34:35,1787315675,13.821973,100.513359,,,-0.2,-1.8,-135.7,224.3,,,,23.1,21,AUTO.LOITER,0,0
2026-08-21T19:34:36,1787315676,13.821973,100.513359,,,-0.2,-1.8,-135.7,224.3,,,,23.1,21,AUTO.LOITER,0,0
2026-08-21T19:34:37,1787315677,13.821973,100.513359,,,-0.2,-1.8,-135.7,224.3,,,,23.1,21,AUTO.LOITER,0,0
2026-08-21T19:34:38,1787315678,13.822011,100.513367,,,-0.2,-1.8,-135.7,224.3,,,,23.1,21,AUTO.LOITER,0,0
2026-08-21T19:34:39,1787315679,13.822011,100.513367,,,-0.2,-1.8,-135.7,224.3,,,,23.1,21,AUTO.LOITER,0,0
2026-08-21T19:34:40,1787315680,13.822011,100.513367,,,-0.2,-1.8,-135.7,224.3,,,,23.1,21,AUTO.LOITER,0,0
2026-08-21T19:34:41,1787315681,13.822011,100.513367,,,-0.2,-1.8,-135.7,224.3,,,,23.1,21,AUTO.LOITER,0,0
2026-08-21T19:34:42,1787315682,13.822011,100.513367,,,-0.2,-1.8,-135.7,224.3,,,,23.1,21,AUTO.LOITER,0,0
2026-08-21T19:34:43,1787315683,13.822011,100.513367,,,-0.2,-1.8,-135.7,224.3,,,,23.1,21,AUTO.LOITER,0,0
2026-08-21T19:34:44,1787315684,13.822011,100.513367,,,-0.2,-1.8,-135.7,224.3,,,,23.1,21,AUTO.LOITER,0,0
2026-08-21T19:34:45,1787315685,13.822011,100.513367,,,-0.2,-1.8,-135.7,224.3,,,,23.1,21,AUTO.LOITER,0,0
2026-08-21T19:34:46,1787315686,13.822011,100.513367,,,-0.2,-1.8,-135.7,224.3,,,,23.1,21,AUTO.LOITER,0,0
2026-08-21T19:34:47,1787315687,13.822011,100.513367,,,-0.2,-1.8,-135.7,224.3,,,,23.1,21,AUTO.LOITER,0,0
2026-08-21T19:34:48,1787315688,13.822011,100.513367,,,-0.2,-1.8,-135.7,224.3,,,,23.1,21,AUTO.LOITER,0,0
2026-08-21T19:34:49,1787315689,13.822011,100.513367,,,-0.2,-1.8,-135.7,224.3,,,,23.1,21,AUTO.LOITER,0,0
2026-08-21T19:34:50,1787315690,13.822011,100.513367,,,-0.2,-1.8,-135.7,224.3,,,,23.1,21,AUTO.LOITER,0,0
2026-08-21T19:34:51,1787315691,13.822011,100.513367,,,-0.2,-1.8,-135.7,224.3,,,,23.1,21,AUTO.LOITER,0,0
2026-08-21T19:34:52,1787315692,13.822011,100.513367,,,-0.2,-1.8,-135.7,224.3,,,,23.1,21,AUTO.LOITER,0,0
2026-08-21T19:34:53,1787315693,13.822011,100.513367,,,-0.2,-1.8,-135.7,224.3,,,,23.1,21,AUTO.LOITER,0,0
2026-08-21T19:34:54,1787315694,13.822011,100.513367,,,-0.2,-1.8,-135.7,224.3,,,,23.1,21,AUTO.LOITER,0,0
2026-08-21T19:34:55,1787315695,13.822011,100.513367,,,-0.2,-1.8,-135.7,224.3,,,,23.1,21,AUTO.LOITER,0,0
2026-08-21T19:34:56,1787315696,13.822011,100.513367,,,-0.2,-1.8,-135.7,224.3,,,,23.1,21,AUTO.LOITER,0,0
2026-08-21T19:34:57,1787315697,13.822011,100.513367,,,-0.2,-1.8,-135.7,224.3,,,,23.1,21,AUTO.LOITER,0,0
2026-08-21T19:34:58,1787315698,13.822001,100.513471,,,-0.2,-1.8,-135.7,224.3,,,,23.1,21,AUTO.LOITER,0,0
2026-08-21T19:34:59,1787315699,13.822001,100.513471,,,-0.2,-1.8,-135.7,224.3,,,,23.1,21,AUTO.LOITER,0,0
2026-08-21T19:35:00,1787315700,13.822001,100.513471,,,-0.2,-1.8,-135.7,224.3,,,,23.1,21,AUTO.LOITER,0,0
2026-08-21T19:35:01,1787315701,13.822001,100.513471,,,-0.2,-1.8,-135.7,224.3,,,,23.1,21,AUTO.LOITER,0,0
2026-08-21T19:35:02,1787315702,13.822001,100.513471,,,-0.2,-1.8,-135.7,224.3,,,,23.1,21,AUTO.LOITER,0,0
2026-08-21T19:35:04,1787315704,13.822001,100.513471,,,-0.2,-1.8,-135.7,224.3,,,,23.1,21,AUTO.LOITER,0,0
2026-08-21T19:35:05,1787315705,13.822001,100.513471,,,-0.2,-1.8,-135.7,224.3,,,,23.1,21,AUTO.LOITER,0,0
2026-08-21T19:35:06,1787315706,13.822001,100.513471,,,-0.2,-1.8,-135.7,224.3,,,,23.1,21,AUTO.LOITER,0,0
2026-08-21T19:35:07,1787315707,13.822001,100.513471,,,-0.2,-1.8,-135.7,224.3,,,,23.1,21,AUTO.LOITER,0,0
2026-08-21T19:35:08,1787315708,13.822001,100.513471,,,-0.2,-1.8,-135.6,224.4,,,,23.1,21,AUTO.LOITER,0,0
2026-08-21T19:35:09,1787315709,13.822001,100.513471,,,-0.2,-1.8,-135.6,224.4,,,,23.1,21,AUTO.LOITER,0,0
2026-08-21T19:35:10,1787315710,13.822001,100.513471,,,-0.2,-1.8,-135.6,224.4,,,,23.1,21,AUTO.LOITER,0,0
2026-08-21T19:35:11,1787315711,13.822001,100.513471,,,-0.2,-1.8,-135.6,224.4,,,,23.1,21,AUTO.LOITER,0,0
2026-08-21T19:35:12,1787315712,13.822001,100.513471,,,-0.2,-1.8,-135.6,224.4,,,,23.1,21,AUTO.LOITER,0,0
2026-08-21T19:35:13,1787315713,13.822001,100.513471,,,-0.2,-1.8,-135.6,224.4,,,,23.1,21,AUTO.LOITER,0,0
2026-08-21T19:35:14,1787315714,13.821893,100.513629,,,-0.2,-1.8,-135.7,224.3,,,,23.1,21,AUTO.LOITER,0,0
2026-08-21T19:35:15,1787315715,13.821893,100.513629,,,-0.2,-1.8,-135.7,224.3,,,,23.1,21,AUTO.LOITER,0,0
2026-08-21T19:35:16,1787315716,13.821893,100.513629,,,-0.2,-1.8,-135.7,224.3,,,,23.1,21,AUTO.LOITER,0,0
2026-08-21T19:35:17,1787315717,13.821893,100.513629,,,-0.2,-1.8,-135.7,224.3,,,,23.1,21,AUTO.LOITER,0,0
2026-08-21T19:35:18,1787315718,13.821893,100.513629,,,-0.2,-1.8,-135.7,224.3,,,,23.1,21,AUTO.LOITER,0,0
2026-08-21T19:35:19,1787315719,13.821893,100.513629,,,-0.2,-1.8,-135.7,224.3,,,,23.1,21,AUTO.LOITER,0,0
2026-08-21T19:35:20,1787315720,13.821893,100.513629,,,-0.2,-1.8,-135.7,224.3,,,,23.1,21,AUTO.LOITER,0,0
2026-08-21T19:35:21,1787315721,13.821893,100.513629,,,-0.2,-1.8,-135.7,224.3,,,,23.1,21,AUTO.LOITER,0,0
2026-08-21T19:35:22,1787315722,13.821893,100.513629,,,-0.2,-1.8,-135.7,224.3,,,,23.1,21,AUTO.LOITER,0,0
2026-08-21T19:35:23,1787315723,13.821893,100.513629,,,-0.2,-1.8,-135.7,224.3,,,,23.1,21,AUTO.LOITER,0,0
2026-08-21T19:35:24,1787315724,13.821963,100.513497,,,-0.2,-1.8,-135.7,224.3,,,,23.1,21,AUTO.LOITER,0,0
2026-08-21T19:35:25,1787315725,13.821963,100.513497,,,-0.2,-1.8,-135.7,224.3,,,,23.1,21,AUTO.LOITER,0,0
2026-08-21T19:35:26,1787315726,13.821963,100.513497,,,-0.2,-1.8,-135.7,224.3,,,,23.1,21,AUTO.LOITER,0,0
2026-08-21T19:35:27,1787315727,13.821963,100.513497,,,-0.2,-1.8,-135.7,224.3,,,,23.1,21,AUTO.LOITER,0,0
2026-08-21T19:35:28,1787315728,13.821963,100.513497,,,-0.2,-1.8,-135.7,224.3,,,,23.1,21,AUTO.LOITER,0,0
2026-08-21T19:35:29,1787315729,13.821963,100.513497,,,-0.2,-1.8,-135.7,224.3,,,,23.1,21,AUTO.LOITER,0,0
2026-08-21T19:35:30,1787315730,13.821963,100.513497,,,-0.2,-1.8,-135.7,224.3,,,,23.1,21,AUTO.LOITER,0,0
2026-08-21T19:35:31,1787315731,13.821963,100.513497,,,-0.2,-1.8,-135.7,224.3,,,,23.1,21,AUTO.LOITER,0,0
2026-08-21T19:35:32,1787315732,13.821963,100.513497,,,-0.2,-1.8,-135.7,224.3,,,,23.1,21,AUTO.LOITER,0,0
2026-08-21T19:35:33,1787315733,13.821963,100.513497,,,-0.2,-1.8,-135.7,224.3,,,,23.1,21,AUTO.LOITER,0,0
2026-08-21T19:35:34,1787315734,13.821963,100.513497,,,-0.2,-1.8,-135.7,224.3,,,,23.1,21,AUTO.LOITER,0,0
2026-08-21T19:35:35,1787315735,13.821963,100.513497,,,-0.2,-1.8,-135.7,224.3,,,,23.1,21,AUTO.LOITER,0,0
2026-08-21T19:35:36,1787315736,13.821963,100.513497,,,-0.2,-1.8,-135.7,224.3,,,,23.1,21,AUTO.LOITER,0,0
2026-08-21T19:35:37,1787315737,13.821963,100.513497,,,-0.2,-1.8,-135.7,224.3,,,,23.1,21,AUTO.LOITER,0,0
2026-08-21T19:35:38,1787315738,13.821963,100.513497,,,-0.2,-1.8,-135.7,224.3,,,,23.1,21,AUTO.LOITER,0,0
2026-08-21T19:35:39,1787315739,13.821963,100.513497,,,-0.2,-1.8,-135.7,224.3,,,,23.1,21,AUTO.LOITER,0,0
2026-08-21T19:35:40,1787315740,13.821963,100.513497,,,-0.2,-1.8,-135.7,224.3,,,,23.1,21,AUTO.LOITER,0,0
2026-08-21T19:35:41,1787315741,13.821963,100.513497,,,-0.2,-1.8,-135.7,224.3,,,,23.1,21,AUTO.LOITER,0,0
2026-08-21T19:35:42,1787315742,13.822186,100.513323,,,-0.2,-1.8,-135.7,224.3,,,,23.1,21,AUTO.LOITER,0,0
2026-08-21T19:35:43,1787315743,13.822186,100.513323,,,-0.2,-1.8,-135.7,224.3,,,,23.1,21,AUTO.LOITER,0,0
2026-08-21T19:35:44,1787315744,13.822186,100.513323,,,-0.2,-1.8,-135.7,224.3,,,,23.1,21,AUTO.LOITER,0,0
2026-08-21T19:35:45,1787315745,13.822186,100.513323,,,-0.2,-1.8,-135.7,224.3,,,,23.1,21,AUTO.LOITER,0,0
2026-08-21T19:35:46,1787315746,13.822186,100.513323,,,-0.2,-1.8,-135.7,224.3,,,,23.1,21,AUTO.LOITER,0,0
2026-08-21T19:35:47,1787315747,13.822103,100.513261,,,-0.3,-1.8,-135.7,224.3,,,,23.1,21,AUTO.LOITER,0,0
2026-08-21T19:35:48,1787315748,13.822103,100.513261,,,-0.3,-1.8,-135.7,224.3,,,,23.1,21,AUTO.LOITER,0,0
2026-08-21T19:35:49,1787315749,13.822103,100.513261,,,-0.3,-1.8,-135.7,224.3,,,,23.1,21,AUTO.LOITER,0,0
2026-08-21T19:35:50,1787315750,13.822103,100.513261,,,-0.2,-1.8,-135.7,224.3,,,,23.1,21,AUTO.LOITER,0,0
2026-08-21T19:35:51,1787315751,13.822103,100.513261,,,-0.2,-1.8,-135.7,224.3,,,,23.1,21,AUTO.LOITER,0,0
2026-08-21T19:35:52,1787315752,13.822103,100.513261,,,-0.2,-1.8,-135.7,224.3,,,,23.1,21,AUTO.LOITER,0,0
2026-08-21T19:35:53,1787315753,13.822103,100.513261,,,-0.2,-1.8,-135.7,224.3,,,,23.1,21,AUTO.LOITER,0,0
2026-08-21T19:35:54,1787315754,13.822103,100.513261,,,-0.2,-1.8,-135.7,224.3,,,,23.1,21,AUTO.LOITER,0,0
2026-08-21T19:35:55,1787315755,13.822103,100.513261,,,-0.2,-1.8,-135.7,224.3,,,,23.1,21,AUTO.LOITER,0,0
2026-08-21T19:35:56,1787315756,13.822103,100.513261,,,-0.2,-1.8,-135.7,224.3,,,,23.1,21,AUTO.LOITER,0,0
2026-08-21T19:35:57,1787315757,13.822103,100.513261,,,-0.2,-1.8,-135.7,224.3,,,,23.1,21,AUTO.LOITER,0,0
2026-08-21T19:35:58,1787315758,13.822103,100.513261,,,-0.3,-1.8,-135.7,224.3,,,,23.1,21,AUTO.LOITER,0,0
2026-08-21T19:35:59,1787315759,13.822103,100.513261,,,-0.3,-1.8,-135.7,224.3,,,,23.09,21,AUTO.LOITER,0,0
2026-08-21T19:36:00,1787315760,13.822103,100.513261,,,-0.3,-1.8,-135.7,224.3,,,,23.09,21,AUTO.LOITER,0,0
2026-08-21T19:36:01,1787315761,13.822103,100.513261,,,-0.3,-1.8,-135.7,224.3,,,,23.09,21,AUTO.LOITER,0,0
2026-08-21T19:36:02,1787315762,13.822103,100.513261,,,-0.3,-1.8,-135.7,224.3,,,,23.09,21,AUTO.LOITER,0,0
2026-08-21T19:36:03,1787315763,13.822103,100.513261,,,-0.3,-1.8,-135.7,224.3,,,,23.09,21,AUTO.LOITER,0,0
2026-08-21T19:36:04,1787315764,13.822103,100.513261,,,-0.2,-1.8,-135.7,224.3,,,,23.09,21,AUTO.LOITER,0,0
2026-08-21T19:36:05,1787315765,13.822103,100.513261,,,-0.2,-1.8,-135.7,224.3,,,,23.09,21,AUTO.LOITER,0,0
2026-08-21T19:36:06,1787315766,13.822102,100.513344,,,-0.2,-1.8,-135.7,224.3,,,,23.09,21,AUTO.LOITER,0,0
2026-08-21T19:36:07,1787315767,13.822102,100.513344,,,-0.2,-1.8,-135.7,224.3,,,,23.09,21,AUTO.LOITER,0,0
2026-08-21T19:36:08,1787315768,13.822102,100.513344,,,-0.2,-1.8,-135.7,224.3,,,,23.09,21,AUTO.LOITER,0,0
2026-08-21T19:36:09,1787315769,13.822102,100.513344,,,-0.2,-1.8,-135.7,224.3,,,,23.09,21,AUTO.LOITER,0,0
2026-08-21T19:36:10,1787315770,13.822102,100.513344,,,-0.2,-1.8,-135.7,224.3,,,,23.09,21,AUTO.LOITER,0,0
2026-08-21T19:36:11,1787315771,13.822164,100.513543,,,-0.2,-1.8,-135.7,224.3,,,,23.09,21,AUTO.LOITER,0,0
2026-08-21T19:36:12,1787315772,13.822164,100.513543,,,-0.2,-1.8,-135.7,224.3,,,,23.09,21,AUTO.LOITER,0,0
2026-08-21T19:36:13,1787315773,13.822164,100.513543,,,-0.2,-1.8,-135.7,224.3,,,,23.09,21,AUTO.LOITER,0,0
2026-08-21T19:36:14,1787315774,13.822164,100.513543,,,-0.2,-1.8,-135.7,224.3,,,,23.09,21,AUTO.LOITER,0,0
2026-08-21T19:36:15,1787315775,13.822164,100.513543,,,-0.2,-1.8,-135.7,224.3,,,,23.09,21,AUTO.LOITER,0,0
2026-08-21T19:36:16,1787315776,13.822164,100.513543,,,-0.2,-1.8,-135.7,224.3,,,,23.09,21,AUTO.LOITER,0,0
2026-08-21T19:36:17,1787315777,13.822164,100.513543,,,-0.2,-1.8,-135.7,224.3,,,,23.09,21,AUTO.LOITER,0,0
2026-08-21T19:36:18,1787315778,13.822164,100.513543,,,-0.2,-1.8,-135.7,224.3,,,,23.09,21,AUTO.LOITER,0,0
2026-08-21T19:36:19,1787315779,13.822164,100.513543,,,-0.2,-1.8,-135.7,224.3,,,,23.09,21,AUTO.LOITER,0,0
2026-08-21T19:36:20,1787315780,13.822164,100.513543,,,-0.2,-1.8,-135.7,224.3,,,,23.09,21,AUTO.LOITER,0,0
2026-08-21T19:36:21,1787315781,13.822164,100.513543,,,-0.2,-1.8,-135.7,224.3,,,,23.09,21,AUTO.LOITER,0,0
2026-08-21T19:36:22,1787315782,13.822164,100.513543,,,-0.2,-1.8,-135.7,224.3,,,,23.09,21,AUTO.LOITER,0,0
2026-08-21T19:36:23,1787315783,13.822164,100.513543,,,-0.2,-1.8,-135.7,224.3,,,,23.09,21,AUTO.LOITER,0,0
2026-08-21T19:36:24,1787315784,13.822164,100.513543,,,-0.2,-1.8,-135.7,224.3,,,,23.09,21,AUTO.LOITER,0,0
2026-08-21T19:36:25,1787315785,13.822164,100.513543,,,-0.2,-1.8,-135.7,224.3,,,,23.09,21,AUTO.LOITER,0,0
2026-08-21T19:36:26,1787315786,13.822125,100.513667,,,-0.2,-1.8,-135.7,224.3,,,,23.09,21,AUTO.LOITER,0,0
2026-08-21T19:36:27,1787315787,13.822125,100.513667,,,-0.3,-1.8,-135.7,224.3,,,,23.09,21,AUTO.LOITER,0,0
2026-08-21T19:36:28,1787315788,13.822125,100.513667,,,-0.3,-1.8,-135.7,224.3,,,,23.09,21,AUTO.LOITER,0,0
2026-08-21T19:36:29,1787315789,13.822125,100.513667,,,-0.3,-1.8,-135.7,224.3,,,,23.09,21,AUTO.LOITER,0,0
2026-08-21T19:36:30,1787315790,13.822125,100.513667,,,-0.3,-1.8,-135.7,224.3,,,,23.09,21,AUTO.LOITER,0,0
2026-08-21T19:36:31,1787315791,13.822125,100.513667,,,-0.2,-1.8,-135.7,224.3,,,,23.09,21,AUTO.LOITER,0,0
2026-08-21T19:36:32,1787315792,13.822125,100.513667,,,-0.2,-1.8,-135.7,224.3,,,,23.09,21,AUTO.LOITER,0,0
2026-08-21T19:36:33,1787315793,13.822125,100.513667,,,-0.2,-1.8,-135.7,224.3,,,,23.09,21,AUTO.LOITER,0,0
2026-08-21T19:36:34,1787315794,13.822125,100.513667,,,-0.2,-1.8,-135.7,224.3,,,,23.09,21,AUTO.LOITER,0,0
2026-08-21T19:36:35,1787315795,13.822125,100.513667,,,-0.2,-1.8,-135.7,224.3,,,,23.09,21,AUTO.LOITER,0,0
2026-08-21T19:36:36,1787315796,13.822125,100.513667,,,-0.3,-1.8,-135.7,224.3,,,,23.09,21,AUTO.LOITER,0,0
2026-08-21T19:36:37,1787315797,13.822048,100.513681,,,-0.3,-1.8,-135.7,224.3,,,,23.09,21,AUTO.LOITER,0,0
2026-08-21T19:36:38,1787315798,13.822048,100.513681,,,-0.3,-1.8,-135.7,224.3,,,,23.09,21,AUTO.LOITER,0,0
2026-08-21T19:36:39,1787315799,13.822048,100.513681,,,-0.3,-1.8,-135.7,224.3,,,,23.09,21,AUTO.LOITER,0,0
2026-08-21T19:36:40,1787315800,13.822048,100.513681,,,-0.3,-1.8,-135.7,224.3,,,,23.09,21,AUTO.LOITER,0,0
2026-08-21T19:36:41,1787315801,13.822048,100.513681,,,-0.3,-1.8,-135.7,224.3,,,,23.09,21,AUTO.LOITER,0,0
2026-08-21T19:36:42,1787315802,13.822048,100.513681,,,-0.2,-1.8,-135.7,224.3,,,,23.09,21,AUTO.LOITER,0,0
2026-08-21T19:36:43,1787315803,13.822036,100.513655,,,-0.2,-1.8,-135.7,224.3,,,,23.09,21,AUTO.LOITER,0,0
2026-08-21T19:36:44,1787315804,13.822036,100.513655,,,-0.2,-1.8,-135.7,224.3,,,,23.09,21,AUTO.LOITER,0,0
2026-08-21T19:36:45,1787315805,13.822036,100.513655,,,-0.2,-1.8,-135.7,224.3,,,,23.09,21,AUTO.LOITER,0,0
2026-08-21T19:36:46,1787315806,13.822036,100.513655,,,-0.2,-1.8,-135.7,224.3,,,,23.09,20,AUTO.LOITER,0,0
2026-08-21T19:36:47,1787315807,13.822036,100.513655,,,-0.2,-1.8,-135.7,224.3,,,,23.09,20,AUTO.LOITER,0,0
2026-08-21T19:36:48,1787315808,13.822036,100.513655,,,-0.2,-1.8,-135.7,224.3,,,,23.09,20,AUTO.LOITER,0,0
2026-08-21T19:36:49,1787315809,13.822036,100.513655,,,-0.2,-1.8,-135.7,224.3,,,,23.09,20,AUTO.LOITER,0,0
2026-08-21T19:36:50,1787315810,13.822036,100.513655,,,-0.2,-1.8,-135.7,224.3,,,,23.09,20,AUTO.LOITER,0,0
2026-08-21T19:36:51,1787315811,13.822039,100.513639,,,-0.2,-1.8,-135.7,224.3,,,,23.09,20,AUTO.LOITER,0,0
2026-08-21T19:36:52,1787315812,13.822039,100.513639,,,-0.2,-1.8,-135.7,224.3,,,,23.09,20,AUTO.LOITER,0,0
2026-08-21T19:36:53,1787315813,13.822039,100.513639,,,-0.2,-1.8,-135.7,224.3,,,,23.09,20,AUTO.LOITER,0,0
2026-08-21T19:36:54,1787315814,13.822039,100.513639,,,-0.2,-1.8,-135.7,224.3,,,,23.09,20,AUTO.LOITER,0,0
2026-08-21T19:36:55,1787315815,13.822039,100.513639,,,-0.2,-1.8,-135.7,224.3,,,,23.09,20,AUTO.LOITER,0,0
2026-08-21T19:36:56,1787315816,13.822039,100.513639,,,-0.2,-1.8,-135.7,224.3,,,,23.09,20,AUTO.LOITER,0,0
2026-08-21T19:36:57,1787315817,13.822039,100.513639,,,-0.2,-1.8,-135.7,224.3,,,,23.09,20,AUTO.LOITER,0,0
2026-08-21T19:36:58,1787315818,13.822039,100.513639,,,-0.2,-1.8,-135.7,224.3,,,,23.09,20,AUTO.LOITER,0,0
2026-08-21T19:36:59,1787315819,13.822039,100.513639,,,-0.2,-1.8,-135.7,224.3,,,,23.09,20,AUTO.LOITER,0,0
2026-08-21T19:37:00,1787315820,13.822039,100.513639,,,-0.2,-1.8,-135.7,224.3,,,,23.09,20,AUTO.LOITER,0,0
2026-08-21T19:37:01,1787315821,13.822039,100.513639,,,-0.2,-1.8,-135.7,224.3,,,,23.09,20,AUTO.LOITER,0,0
2026-08-21T19:37:02,1787315822,13.822026,100.513669,,,-0.2,-1.8,-135.7,224.3,,,,23.09,20,AUTO.LOITER,0,0
2026-08-21T19:37:03,1787315823,13.822026,100.513669,,,-0.2,-1.8,-135.7,224.3,,,,23.09,20,AUTO.LOITER,0,0
2026-08-21T19:37:04,1787315824,13.822026,100.513669,,,-0.2,-1.8,-135.7,224.3,,,,23.09,20,AUTO.LOITER,0,0
2026-08-21T19:37:05,1787315825,13.822026,100.513669,,,-0.2,-1.8,-135.7,224.3,,,,23.09,20,AUTO.LOITER,0,0
2026-08-21T19:37:06,1787315826,13.822026,100.513669,,,-0.2,-1.8,-135.7,224.3,,,,23.09,20,AUTO.LOITER,0,0
2026-08-21T19:37:07,1787315827,13.822026,100.513669,,,-0.2,-1.8,-135.7,224.3,,,,23.09,20,AUTO.LOITER,0,0
2026-08-21T19:37:08,1787315828,13.822026,100.513669,,,-0.2,-1.8,-135.7,224.3,,,,23.09,20,AUTO.LOITER,0,0
2026-08-21T19:37:09,1787315829,13.822007,100.513714,,,-0.2,-1.8,-135.7,224.3,,,,23.09,20,AUTO.LOITER,0,0
2026-08-21T19:37:10,1787315830,13.822007,100.513714,,,-0.2,-1.8,-135.7,224.3,,,,23.09,20,AUTO.LOITER,0,0
2026-08-21T19:37:11,1787315831,13.822007,100.513714,,,-0.2,-1.8,-135.7,224.3,,,,23.09,20,AUTO.LOITER,0,0
2026-08-21T19:37:12,1787315832,13.822007,100.513714,,,-0.2,-1.8,-135.7,224.3,,,,23.09,20,AUTO.LOITER,0,0
2026-08-21T19:37:13,1787315833,13.822007,100.513714,,,-0.2,-1.8,-135.7,224.3,,,,23.09,20,AUTO.LOITER,0,0
2026-08-21T19:37:14,1787315834,13.822006,100.513758,,,-0.2,-1.8,-135.7,224.3,,,,23.09,20,AUTO.LOITER,0,0
2026-08-21T19:37:15,1787315835,13.822006,100.513758,,,-0.2,-1.8,-135.7,224.3,,,,23.09,20,AUTO.LOITER,0,0
2026-08-21T19:37:16,1787315836,13.822006,100.513758,,,-0.2,-1.8,-135.5,224.5,,,,23.09,20,AUTO.LOITER,0,0
2026-08-21T19:37:17,1787315837,13.822006,100.513758,,,-0.2,-1.8,-135.5,224.5,,,,23.09,20,AUTO.LOITER,0,0
2026-08-21T19:37:18,1787315838,13.822031,100.513767,,,-0.2,-1.8,-135.5,224.5,,,,23.09,20,AUTO.LOITER,0,0
2026-08-21T19:37:19,1787315839,13.822031,100.513767,,,-0.2,-1.7,-135.5,224.5,,,,23.09,20,AUTO.LOITER,0,0
2026-08-21T19:37:20,1787315840,13.822031,100.513767,,,-0.2,-1.7,-135.5,224.5,,,,23.09,20,AUTO.LOITER,0,0
2026-08-21T19:37:21,1787315841,13.822031,100.513767,,,-0.2,-1.7,-135.5,224.5,,,,23.09,20,AUTO.LOITER,0,0
2026-08-21T19:37:22,1787315842,13.822031,100.513767,,,-0.2,-1.7,-135.5,224.5,,,,23.09,20,AUTO.LOITER,0,0
2026-08-21T19:37:23,1787315843,13.822031,100.513767,,,-0.2,-1.7,-135.5,224.5,,,,23.09,20,AUTO.LOITER,0,0
2026-08-21T19:37:24,1787315844,13.822031,100.513767,,,-0.2,-1.7,-135.5,224.5,,,,23.09,20,AUTO.LOITER,0,0
2026-08-21T19:37:25,1787315845,13.822031,100.513767,,,-0.2,-1.8,-135.6,224.4,,,,23.09,20,AUTO.LOITER,0,0
2026-08-21T19:37:26,1787315846,13.822125,100.513809,,,-0.2,-1.8,-135.6,224.4,,,,23.09,20,AUTO.LOITER,0,0
2026-08-21T19:37:27,1787315847,13.822125,100.513809,,,-0.2,-1.8,-135.6,224.4,,,,23.09,20,AUTO.LOITER,0,0
2026-08-21T19:37:28,1787315848,13.822125,100.513809,,,-0.2,-1.8,-135.6,224.4,,,,23.09,20,AUTO.LOITER,0,0
2026-08-21T19:37:29,1787315849,13.822125,100.513809,,,-0.2,-1.8,-135.6,224.4,,,,23.09,20,AUTO.LOITER,0,0
2026-08-21T19:37:30,1787315850,13.822125,100.513809,,,-0.2,-1.8,-135.6,224.4,,,,23.09,20,AUTO.LOITER,0,0
2026-08-21T19:37:31,1787315851,13.822125,100.513809,,,-0.2,-1.8,-135.6,224.4,,,,23.09,20,AUTO.LOITER,0,0
2026-08-21T19:37:32,1787315852,13.822125,100.513809,,,-0.2,-1.8,-135.6,224.4,,,,23.09,20,AUTO.LOITER,0,0
2026-08-21T19:37:35,1787315855,13.822125,100.513809,,,-0.2,-1.8,-135.6,224.4,,,,23.09,20,AUTO.LOITER,0,0
2026-08-21T19:37:36,1787315856,13.822125,100.513809,,,-0.2,-1.8,-135.6,224.4,,,,23.09,20,AUTO.LOITER,0,0
2026-08-21T19:37:37,1787315857,13.822125,100.513809,,,-0.2,-1.8,-135.6,224.4,,,,23.09,20,AUTO.LOITER,0,0
2026-08-21T19:37:38,1787315858,13.822125,100.513809,,,-0.2,-1.8,-135.6,224.4,,,,23.09,20,AUTO.LOITER,0,0
2026-08-21T19:37:39,1787315859,13.82198,100.513501,,,-0.2,-1.8,-135.6,224.4,,,,23.09,20,AUTO.LOITER,0,0
2026-08-21T19:37:40,1787315860,13.82198,100.513501,,,-0.2,-1.8,-135.6,224.4,,,,23.09,20,AUTO.LOITER,0,0
2026-08-21T19:37:41,1787315861,13.82198,100.513501,,,-0.2,-1.8,-135.6,224.4,,,,23.09,20,AUTO.LOITER,0,0
2026-08-21T19:37:42,1787315862,13.82198,100.513501,,,-0.2,-1.8,-135.6,224.4,,,,23.09,20,AUTO.LOITER,0,0
2026-08-21T19:37:43,1787315863,13.82198,100.513501,,,-0.2,-1.8,-135.6,224.4,,,,23.09,20,AUTO.LOITER,0,0
2026-08-21T19:37:44,1787315864,13.821983,100.513472,,,-0.2,-1.8,-135.6,224.4,,,,23.09,20,AUTO.LOITER,0,0
2026-08-21T19:37:45,1787315865,13.821983,100.513472,,,-0.2,-1.8,-135.7,224.3,,,,23.09,20,AUTO.LOITER,0,0
2026-08-21T19:37:46,1787315866,13.821983,100.513472,,,-0.2,-1.8,-135.7,224.3,,,,23.09,20,AUTO.LOITER,0,0
2026-08-21T19:37:47,1787315867,13.821983,100.513472,,,-0.2,-1.8,-135.7,224.3,,,,23.09,20,AUTO.LOITER,0,0
2026-08-21T19:37:48,1787315868,13.821983,100.513472,,,-0.2,-1.8,-135.7,224.3,,,,23.09,20,AUTO.LOITER,0,0
2026-08-21T19:37:49,1787315869,13.821983,100.513472,,,-0.2,-1.8,-135.7,224.3,,,,23.09,20,AUTO.LOITER,0,0
2026-08-21T19:37:50,1787315870,13.821983,100.513472,,,-0.2,-1.8,-135.7,224.3,,,,23.09,20,AUTO.LOITER,0,0
2026-08-21T19:37:51,1787315871,13.821983,100.513472,,,-0.2,-1.8,-135.7,224.3,,,,23.09,20,AUTO.LOITER,0,0
2026-08-21T19:37:52,1787315872,13.821983,100.513472,,,-0.2,-1.8,-135.7,224.3,,,,23.09,20,AUTO.LOITER,0,0
2026-08-21T19:37:53,1787315873,13.821988,100.513455,,,-0.2,-1.8,-135.7,224.3,,,,23.09,20,AUTO.LOITER,0,0
2026-08-21T19:37:54,1787315874,13.821988,100.513455,,,-0.2,-1.8,-135.7,224.3,,,,23.09,20,AUTO.LOITER,0,0
2026-08-21T19:37:55,1787315875,13.821988,100.513455,,,-0.3,-1.8,-135.7,224.3,,,,23.09,20,AUTO.LOITER,0,0
2026-08-21T19:37:56,1787315876,13.821988,100.513455,,,-0.3,-1.8,-135.7,224.3,,,,23.09,20,AUTO.LOITER,0,0
2026-08-21T19:37:57,1787315877,13.821988,100.513455,,,-0.3,-1.8,-135.7,224.3,,,,23.09,20,AUTO.LOITER,0,0
2026-08-21T19:37:58,1787315878,13.821988,100.513455,,,-0.3,-1.8,-135.7,224.3,,,,23.09,20,AUTO.LOITER,0,0
2026-08-21T19:37:59,1787315879,13.822006,100.513451,,,-0.3,-1.8,-135.7,224.3,,,,23.09,20,AUTO.LOITER,0,0
2026-08-21T19:38:00,1787315880,13.822006,100.513451,,,-0.3,-1.8,-135.7,224.3,,,,23.09,20,AUTO.LOITER,0,0
2026-08-21T19:38:01,1787315881,13.822006,100.513451,,,-0.2,-1.8,-135.7,224.3,,,,23.09,20,AUTO.LOITER,0,0
2026-08-21T19:38:02,1787315882,13.822006,100.513451,,,-0.2,-1.8,-135.7,224.3,,,,23.09,20,AUTO.LOITER,0,0
2026-08-21T19:38:03,1787315883,13.822005,100.513448,,,-0.2,-1.8,-135.7,224.3,,,,23.09,20,AUTO.LOITER,0,0
2026-08-21T19:38:04,1787315884,13.822005,100.513448,,,-0.2,-1.8,-135.7,224.3,,,,23.09,20,AUTO.LOITER,0,0
2026-08-21T19:38:05,1787315885,13.822005,100.513448,,,-0.2,-1.8,-135.7,224.3,,,,23.09,20,AUTO.LOITER,0,0
2026-08-21T19:38:06,1787315886,13.822005,100.513448,,,-0.2,-1.8,-135.7,224.3,,,,23.09,20,AUTO.LOITER,0,0
2026-08-21T19:38:07,1787315887,13.822005,100.513448,,,-0.2,-1.8,-135.7,224.3,,,,23.09,20,AUTO.LOITER,0,0
2026-08-21T19:38:08,1787315888,13.822005,100.513448,,,-0.2,-1.8,-135.7,224.3,,,,23.09,20,AUTO.LOITER,0,0
2026-08-21T19:38:09,1787315889,13.822005,100.513448,,,-0.2,-1.8,-135.7,224.3,,,,23.09,20,AUTO.LOITER,0,0
2026-08-21T19:38:10,1787315890,13.822005,100.513448,,,-0.2,-1.7,-135.7,224.3,,,,23.08,20,AUTO.LOITER,0,0
2026-08-21T19:38:11,1787315891,13.822005,100.513448,,,-0.2,-1.7,-135.7,224.3,,,,23.08,20,AUTO.LOITER,0,0
2026-08-21T19:38:12,1787315892,13.822005,100.513448,,,-0.2,-1.7,-135.7,224.3,,,,23.08,20,AUTO.LOITER,0,0
2026-08-21T19:38:13,1787315893,13.822004,100.513427,,,-0.2,-1.7,-135.7,224.3,,,,23.08,20,AUTO.LOITER,0,0
2026-08-21T19:38:14,1787315894,13.822004,100.513427,,,-0.2,-1.7,-135.7,224.3,,,,23.08,20,AUTO.LOITER,0,0
2026-08-21T19:38:15,1787315895,13.822004,100.513427,,,-0.2,-1.7,-135.7,224.3,,,,23.08,20,AUTO.LOITER,0,0
2026-08-21T19:38:16,1787315896,13.822004,100.513427,,,-0.2,-1.7,-135.7,224.3,,,,23.08,20,AUTO.LOITER,0,0
2026-08-21T19:38:17,1787315897,13.822004,100.513427,,,-0.2,-1.7,-135.7,224.3,,,,23.08,20,AUTO.LOITER,0,0
2026-08-21T19:38:18,1787315898,13.822004,100.513427,,,-0.2,-1.7,-135.7,224.3,,,,23.08,20,AUTO.LOITER,0,0
2026-08-21T19:38:19,1787315899,13.822004,100.513427,,,-0.2,-1.7,-135.7,224.3,,,,23.08,20,AUTO.LOITER,0,0
2026-08-21T19:38:20,1787315900,13.822004,100.513427,,,-0.2,-1.7,-135.7,224.3,,,,23.08,20,AUTO.LOITER,0,0
2026-08-21T19:38:21,1787315901,13.822004,100.513427,,,-0.2,-1.7,-135.7,224.3,,,,23.08,20,AUTO.LOITER,0,0
2026-08-21T19:38:22,1787315902,13.821966,100.513445,,,-0.2,-1.7,-135.7,224.3,,,,23.08,20,AUTO.LOITER,0,0
2026-08-21T19:38:23,1787315903,13.821966,100.513445,,,-0.2,-1.7,-135.7,224.3,,,,23.08,20,AUTO.LOITER,0,0
2026-08-21T19:38:24,1787315904,13.821966,100.513445,,,-0.2,-1.7,-135.7,224.3,,,,23.08,20,AUTO.LOITER,0,0
2026-08-21T19:38:25,1787315905,13.821966,100.513445,,,-0.2,-1.7,-135.7,224.3,,,,23.08,20,AUTO.LOITER,0,0
2026-08-21T19:38:26,1787315906,13.821966,100.513445,,,-0.2,-1.7,-135.7,224.3,,,,23.08,20,AUTO.LOITER,0,0
2026-08-21T19:38:27,1787315907,13.821929,100.513459,,,-0.2,-1.7,-135.7,224.3,,,,23.08,20,AUTO.LOITER,0,0
2026-08-21T19:38:28,1787315908,13.821929,100.513459,,,-0.3,-1.8,-135.7,224.3,,,,23.08,20,AUTO.LOITER,0,0
2026-08-21T19:38:29,1787315909,13.821929,100.513459,,,-0.3,-1.8,-135.7,224.3,,,,23.08,20,AUTO.LOITER,0,0
2026-08-21T19:38:30,1787315910,13.821929,100.513459,,,-0.3,-1.8,-135.7,224.3,,,,23.08,20,AUTO.LOITER,0,0
2026-08-21T19:38:31,1787315911,13.821929,100.513459,,,-0.3,-1.8,-135.7,224.3,,,,23.08,20,AUTO.LOITER,0,0
2026-08-21T19:38:32,1787315912,13.821903,100.513424,,,-0.3,-1.8,-135.7,224.3,,,,23.08,20,AUTO.LOITER,0,0
2026-08-21T19:38:33,1787315913,13.821903,100.513424,,,-0.3,-1.8,-135.7,224.3,,,,23.08,20,AUTO.LOITER,0,0
2026-08-21T19:38:34,1787315914,13.821903,100.513424,,,-0.3,-1.8,-135.7,224.3,,,,23.08,20,AUTO.LOITER,0,0
2026-08-21T19:38:35,1787315915,13.821903,100.513424,,,-0.3,-1.8,-135.7,224.3,,,,23.08,20,AUTO.LOITER,0,0
2026-08-21T19:38:36,1787315916,13.821903,100.513424,,,-0.2,-1.8,-135.7,224.3,,,,23.08,20,AUTO.LOITER,0,0
2026-08-21T19:38:37,1787315917,13.821903,100.513424,,,-0.2,-1.8,-135.7,224.3,,,,23.08,20,AUTO.LOITER,0,0
2026-08-21T19:38:38,1787315918,13.821903,100.513424,,,-0.2,-1.8,-135.7,224.3,,,,23.08,20,AUTO.LOITER,0,0
2026-08-21T19:38:39,1787315919,13.821903,100.513424,,,-0.2,-1.8,-135.7,224.3,,,,23.08,20,AUTO.LOITER,0,0
2026-08-21T19:38:40,1787315920,13.821903,100.513424,,,-0.2,-1.8,-135.7,224.3,,,,23.08,20,AUTO.LOITER,0,0
2026-08-21T19:38:41,1787315921,13.821903,100.513424,,,-0.2,-1.8,-135.7,224.3,,,,23.08,20,AUTO.LOITER,0,0
2026-08-21T19:38:42,1787315922,13.821903,100.513424,,,-0.2,-1.8,-135.7,224.3,,,,23.08,20,AUTO.LOITER,0,0
2026-08-21T19:38:43,1787315923,13.821903,100.513424,,,-0.2,-1.8,-135.7,224.3,,,,23.08,20,AUTO.LOITER,0,0
2026-08-21T19:38:44,1787315924,13.821903,100.513424,,,-0.2,-1.8,-135.7,224.3,,,,23.08,20,AUTO.LOITER,0,0
2026-08-21T19:38:45,1787315925,13.821903,100.513424,,,-0.2,-1.8,-135.7,224.3,,,,23.08,20,AUTO.LOITER,0,0
2026-08-21T19:38:46,1787315926,13.821903,100.513424,,,-0.2,-1.8,-135.7,224.3,,,,23.08,20,AUTO.LOITER,0,0
2026-08-21T19:38:47,1787315927,13.821878,100.513365,,,-0.2,-1.8,-135.7,224.3,,,,23.08,20,AUTO.LOITER,0,0
2026-08-21T19:38:48,1787315928,13.821878,100.513365,,,-0.2,-1.8,-135.7,224.3,,,,23.08,20,AUTO.LOITER,0,0
2026-08-21T19:38:49,1787315929,13.821878,100.513365,,,-0.2,-1.8,-135.7,224.3,,,,23.08,20,AUTO.LOITER,0,0
2026-08-21T19:38:50,1787315930,13.821878,100.513365,,,-0.2,-1.8,-135.7,224.3,,,,23.08,20,AUTO.LOITER,0,0
2026-08-21T19:38:51,1787315931,13.821878,100.513365,,,-0.2,-1.8,-135.7,224.3,,,,23.08,20,AUTO.LOITER,0,0
2026-08-21T19:38:52,1787315932,13.821878,100.513365,,,-0.2,-1.8,-135.7,224.3,,,,23.08,20,AUTO.LOITER,0,0
2026-08-21T19:38:53,1787315933,13.821878,100.513365,,,-0.2,-1.8,-135.7,224.3,,,,23.08,20,AUTO.LOITER,0,0
2026-08-21T19:38:54,1787315934,13.821878,100.513365,,,-0.2,-1.8,-135.7,224.3,,,,23.08,20,AUTO.LOITER,0,0
2026-08-21T19:38:55,1787315935,13.821878,100.513365,,,-0.2,-1.8,-135.7,224.3,,,,23.08,20,AUTO.LOITER,0,0
2026-08-21T19:38:56,1787315936,13.821878,100.513365,,,-0.2,-1.8,-135.7,224.3,,,,23.08,20,AUTO.LOITER,0,0
2026-08-21T19:38:57,1787315937,13.821878,100.513365,,,-0.2,-1.8,-135.7,224.3,,,,23.08,20,AUTO.LOITER,0,0
2026-08-21T19:38:58,1787315938,13.821878,100.513365,,,-0.2,-1.8,-135.7,224.3,,,,23.08,20,AUTO.LOITER,0,0
2026-08-21T19:38:59,1787315939,13.821878,100.513365,,,-0.2,-1.8,-135.7,224.3,,,,23.08,20,AUTO.LOITER,0,0
2026-08-21T19:39:00,1787315940,13.822024,100.513654,,,-0.2,-1.8,-135.7,224.3,,,,23.08,20,AUTO.LOITER,0,0
2026-08-21T19:39:01,1787315941,13.822024,100.513654,,,-0.2,-1.8,-135.7,224.3,,,,23.08,20,AUTO.LOITER,0,0
2026-08-21T19:39:02,1787315942,13.822024,100.513654,,,-0.2,-1.8,-135.7,224.3,,,,23.08,20,AUTO.LOITER,0,0
2026-08-21T19:39:03,1787315943,13.822024,100.513654,,,-0.2,-1.8,-135.7,224.3,,,,23.08,20,AUTO.LOITER,0,0
2026-08-21T19:39:06,1787315946,13.822024,100.513654,,,-0.2,-1.8,-135.7,224.3,,,,23.08,20,AUTO.LOITER,0,0
2026-08-21T19:39:07,1787315947,13.822024,100.513654,,,-0.2,-1.8,-135.7,224.3,,,,23.08,20,AUTO.LOITER,0,0
2026-08-21T19:39:08,1787315948,13.822024,100.513654,,,-0.2,-1.8,-135.7,224.3,,,,23.08,20,AUTO.LOITER,0,0
2026-08-21T19:39:09,1787315949,13.822024,100.513654,,,-0.2,-1.8,-135.7,224.3,,,,23.08,20,AUTO.LOITER,0,0
2026-08-21T19:39:10,1787315950,13.822024,100.513654,,,-0.2,-1.8,-135.7,224.3,,,,23.08,20,AUTO.LOITER,0,0
2026-08-21T19:39:11,1787315951,13.822024,100.513654,,,-0.2,-1.8,-135.7,224.3,,,,23.08,20,AUTO.LOITER,0,0
2026-08-21T19:39:12,1787315952,13.822024,100.513654,,,-0.2,-1.8,-135.7,224.3,,,,23.08,20,AUTO.LOITER,0,0
2026-08-21T19:39:13,1787315953,13.822024,100.513654,,,-0.2,-1.8,-135.7,224.3,,,,23.08,20,AUTO.LOITER,0,0
2026-08-21T19:39:14,1787315954,13.822024,100.513654,,,-0.2,-1.8,-135.7,224.3,,,,23.08,20,AUTO.LOITER,0,0
2026-08-21T19:39:15,1787315955,13.822024,100.513654,,,-0.2,-1.8,-135.7,224.3,,,,23.08,20,AUTO.LOITER,0,0
2026-08-21T19:39:16,1787315956,13.822024,100.513654,,,-0.2,-1.8,-135.7,224.3,,,,23.08,20,AUTO.LOITER,0,0
2026-08-21T19:39:17,1787315957,13.822045,100.513663,,,-0.2,-1.8,-135.7,224.3,,,,23.08,20,AUTO.LOITER,0,0
2026-08-21T19:39:18,1787315958,13.822045,100.513663,,,-0.2,-1.7,-135.7,224.3,,,,23.08,20,AUTO.LOITER,0,0
2026-08-21T19:39:19,1787315959,13.822045,100.513663,,,-0.2,-1.7,-135.7,224.3,,,,23.08,20,AUTO.LOITER,0,0
2026-08-21T19:39:20,1787315960,13.822045,100.513663,,,-0.2,-1.7,-135.7,224.3,,,,23.08,20,AUTO.LOITER,0,0
2026-08-21T19:39:21,1787315961,13.822045,100.513663,,,-0.2,-1.7,-135.7,224.3,,,,23.08,20,AUTO.LOITER,0,0
2026-08-21T19:39:22,1787315962,13.822045,100.513663,,,-0.2,-1.7,-135.7,224.3,,,,23.08,20,AUTO.LOITER,0,0
2026-08-21T19:39:23,1787315963,13.822045,100.513663,,,-0.2,-1.8,-135.7,224.3,,,,23.08,20,AUTO.LOITER,0,0
2026-08-21T19:39:24,1787315964,13.822045,100.513663,,,-0.2,-1.8,-135.7,224.3,,,,23.08,20,AUTO.LOITER,0,0
2026-08-21T19:39:25,1787315965,13.822045,100.513663,,,-0.2,-1.8,-135.7,224.3,,,,23.08,20,AUTO.LOITER,0,0
2026-08-21T19:39:26,1787315966,13.822045,100.513663,,,-0.2,-1.8,-135.7,224.3,,,,23.08,20,AUTO.LOITER,0,0
2026-08-21T19:39:27,1787315967,13.822045,100.513663,,,-0.2,-1.8,-135.7,224.3,,,,23.08,20,AUTO.LOITER,0,0
2026-08-21T19:39:28,1787315968,13.822045,100.513663,,,-0.2,-1.8,-135.7,224.3,,,,23.08,20,AUTO.LOITER,0,0
2026-08-21T19:39:29,1787315969,13.822045,100.513663,,,-0.2,-1.8,-135.7,224.3,,,,23.08,20,AUTO.LOITER,0,0
2026-08-21T19:39:30,1787315970,13.822045,100.513663,,,-0.2,-1.8,-135.7,224.3,,,,23.08,20,AUTO.LOITER,0,0
2026-08-21T19:39:31,1787315971,13.822045,100.513663,,,-0.2,-1.8,-135.7,224.3,,,,23.08,20,AUTO.LOITER,0,0
2026-08-21T19:39:32,1787315972,13.822045,100.513663,,,-0.2,-1.8,-135.7,224.3,,,,23.08,20,AUTO.LOITER,0,0
2026-08-21T19:39:33,1787315973,13.822045,100.513663,,,-0.2,-1.8,-135.7,224.3,,,,23.08,20,AUTO.LOITER,0,0
2026-08-21T19:39:34,1787315974,13.822045,100.513663,,,-0.2,-1.8,-135.7,224.3,,,,23.08,20,AUTO.LOITER,0,0
2026-08-21T19:39:35,1787315975,13.822016,100.513629,,,-0.3,-1.8,-135.7,224.3,,,,23.08,20,AUTO.LOITER,0,0
2026-08-21T19:39:36,1787315976,13.822016,100.513629,,,-0.3,-1.8,-135.7,224.3,,,,23.08,20,AUTO.LOITER,0,0
2026-08-21T19:39:37,1787315977,13.822016,100.513629,,,-0.3,-1.8,-135.7,224.3,,,,23.08,20,AUTO.LOITER,0,0
2026-08-21T19:39:38,1787315978,13.822016,100.513629,,,-0.3,-1.8,-135.7,224.3,,,,23.08,20,AUTO.LOITER,0,0
2026-08-21T19:39:39,1787315979,13.822016,100.513629,,,-0.3,-1.8,-135.7,224.3,,,,23.08,20,AUTO.LOITER,0,0
2026-08-21T19:39:40,1787315980,13.821996,100.513562,,,-0.3,-1.8,-135.7,224.3,,,,23.08,20,AUTO.LOITER,0,0
2026-08-21T19:39:41,1787315981,13.821996,100.513562,,,-0.3,-1.8,-135.7,224.3,,,,23.08,20,AUTO.LOITER,0,0
2026-08-21T19:39:42,1787315982,13.821996,100.513562,,,-0.3,-1.8,-135.7,224.3,,,,23.08,20,AUTO.LOITER,0,0
2026-08-21T19:39:43,1787315983,13.821996,100.513562,,,-0.3,-1.8,-135.7,224.3,,,,23.08,20,AUTO.LOITER,0,0
2026-08-21T19:39:44,1787315984,13.821996,100.513562,,,-0.3,-1.8,-135.7,224.3,,,,23.08,20,AUTO.LOITER,0,0
2026-08-21T19:39:45,1787315985,13.821961,100.513506,,,-0.3,-1.8,-135.7,224.3,,,,23.08,20,AUTO.LOITER,0,0
2026-08-21T19:39:46,1787315986,13.821961,100.513506,,,-0.3,-1.8,-135.7,224.3,,,,23.08,20,AUTO.LOITER,0,0
2026-08-21T19:39:47,1787315987,13.821961,100.513506,,,-0.3,-1.8,-135.7,224.3,,,,23.08,20,AUTO.LOITER,0,0
2026-08-21T19:39:48,1787315988,13.821961,100.513506,,,-0.3,-1.8,-135.7,224.3,,,,23.08,20,AUTO.LOITER,0,0
2026-08-21T19:39:49,1787315989,13.821961,100.513506,,,-0.3,-1.8,-135.7,224.3,,,,23.08,20,AUTO.LOITER,0,0
2026-08-21T19:39:50,1787315990,13.821977,100.513522,,,-0.3,-1.8,-135.7,224.3,,,,23.08,20,AUTO.LOITER,0,0
2026-08-21T19:39:51,1787315991,13.821977,100.513522,,,-0.3,-1.8,-135.7,224.3,,,,23.08,20,AUTO.LOITER,0,0
2026-08-21T19:39:52,1787315992,13.821977,100.513522,,,-0.3,-1.8,-135.7,224.3,,,,23.08,20,AUTO.LOITER,0,0
2026-08-21T19:39:53,1787315993,13.821977,100.513522,,,-0.3,-1.8,-135.7,224.3,,,,23.08,20,AUTO.LOITER,0,0
2026-08-21T19:39:54,1787315994,13.821977,100.513522,,,-0.3,-1.8,-135.7,224.3,,,,23.08,20,AUTO.LOITER,0,0
2026-08-21T19:39:55,1787315995,13.821977,100.513522,,,-0.3,-1.8,-135.7,224.3,,,,23.07,20,AUTO.LOITER,0,0
2026-08-21T19:39:56,1787315996,13.821977,100.513522,,,-0.3,-1.8,-135.7,224.3,,,,23.07,20,AUTO.LOITER,0,0
2026-08-21T19:39:57,1787315997,13.821977,100.513522,,,-0.3,-1.8,-135.7,224.3,,,,23.07,20,AUTO.LOITER,0,0
2026-08-21T19:39:58,1787315998,13.821977,100.513522,,,-0.3,-1.8,-135.7,224.3,,,,23.07,20,AUTO.LOITER,0,0
2026-08-21T19:39:59,1787315999,13.821977,100.513522,,,-0.3,-1.8,-135.7,224.3,,,,23.07,20,AUTO.LOITER,0,0
2026-08-21T19:40:00,1787316000,13.821977,100.513522,,,-0.3,-1.8,-135.7,224.3,,,,23.07,20,AUTO.LOITER,0,0
2026-08-21T19:40:01,1787316001,13.821977,100.513522,,,-0.3,-1.8,-135.7,224.3,,,,23.07,20,AUTO.LOITER,0,0
2026-08-21T19:40:02,1787316002,13.821977,100.513522,,,-0.3,-1.8,-135.7,224.3,,,,23.07,20,AUTO.LOITER,0,0
2026-08-21T19:40:03,1787316003,13.821977,100.513522,,,-0.3,-1.8,-135.7,224.3,,,,23.07,20,AUTO.LOITER,0,0
2026-08-21T19:40:04,1787316004,13.821977,100.513522,,,-0.3,-1.8,-135.7,224.3,,,,23.07,20,AUTO.LOITER,0,0
2026-08-21T19:40:05,1787316006,13.821976,100.513462,,,-0.3,-1.8,-135.7,224.3,,,,23.07,20,AUTO.LOITER,0,0
2026-08-21T19:40:06,1787316007,13.821976,100.513462,,,-0.3,-1.8,-135.7,224.3,,,,23.07,20,AUTO.LOITER,0,0
2026-08-21T19:40:07,1787316008,13.821976,100.513462,,,-0.3,-1.8,-135.7,224.3,,,,23.07,20,AUTO.LOITER,0,0
2026-08-21T19:40:08,1787316009,13.821976,100.513462,,,-0.3,-1.8,-135.7,224.3,,,,23.07,20,AUTO.LOITER,0,0
2026-08-21T19:40:09,1787316010,13.821976,100.513462,,,-0.3,-1.8,-135.7,224.3,,,,23.07,20,AUTO.LOITER,0,0
2026-08-21T19:40:10,1787316011,13.821976,100.513462,,,-0.3,-1.8,-135.7,224.3,,,,23.07,20,AUTO.LOITER,0,0
2026-08-21T19:40:11,1787316012,13.821976,100.513462,,,-0.3,-1.8,-135.7,224.3,,,,23.07,20,AUTO.LOITER,0,0
2026-08-21T19:40:12,1787316013,13.821976,100.513462,,,-0.3,-1.8,-135.7,224.3,,,,23.07,20,AUTO.LOITER,0,0
2026-08-21T19:40:13,1787316014,13.821976,100.513462,,,-0.3,-1.8,-135.7,224.3,,,,23.07,20,AUTO.LOITER,0,0
2026-08-21T19:40:14,1787316015,13.821976,100.513462,,,-0.3,-1.7,-135.7,224.3,,,,23.07,20,AUTO.LOITER,0,0
2026-08-21T19:40:15,1787316016,13.821976,100.513462,,,-0.3,-1.7,-135.7,224.3,,,,23.07,20,AUTO.LOITER,0,0
2026-08-21T19:40:16,1787316017,13.821976,100.513462,,,-0.3,-1.7,-135.7,224.3,,,,23.07,20,AUTO.LOITER,0,0
2026-08-21T19:40:17,1787316018,13.821976,100.513462,,,-0.3,-1.7,-135.7,224.3,,,,23.07,20,AUTO.LOITER,0,0
2026-08-21T19:40:18,1787316019,13.821976,100.513462,,,-0.3,-1.7,-135.7,224.3,,,,23.07,20,AUTO.LOITER,0,0
2026-08-21T19:40:19,1787316020,13.821976,100.513462,,,-0.3,-1.7,-135.7,224.3,,,,23.07,20,AUTO.LOITER,0,0
2026-08-21T19:40:20,1787316021,13.821976,100.513462,,,-0.3,-1.7,-135.7,224.3,,,,23.07,20,AUTO.LOITER,0,0
2026-08-21T19:40:21,1787316022,13.821976,100.513462,,,-0.3,-1.7,-135.7,224.3,,,,23.07,20,AUTO.LOITER,0,0
2026-08-21T19:40:22,1787316023,13.821976,100.513462,,,-0.3,-1.7,-135.7,224.3,,,,23.07,20,AUTO.LOITER,0,0
2026-08-21T19:40:23,1787316024,13.821976,100.513462,,,-0.3,-1.7,-135.7,224.3,,,,23.07,20,AUTO.LOITER,0,0
2026-08-21T19:40:24,1787316025,13.821976,100.513462,,,-0.3,-1.7,-135.7,224.3,,,,23.07,20,AUTO.LOITER,0,0
2026-08-21T19:40:25,1787316026,13.821976,100.513462,,,-0.3,-1.8,-135.7,224.3,,,,23.07,20,AUTO.LOITER,0,0
2026-08-21T19:40:26,1787316027,13.821976,100.513462,,,-0.3,-1.8,-135.7,224.3,,,,23.07,20,AUTO.LOITER,0,0
2026-08-21T19:40:27,1787316028,13.821851,100.513226,,,-0.3,-1.8,-135.7,224.3,,,,23.07,20,AUTO.LOITER,0,0
2026-08-21T19:40:28,1787316029,13.821851,100.513226,,,-0.3,-1.8,-135.7,224.3,,,,23.07,20,AUTO.LOITER,0,0
2026-08-21T19:40:29,1787316030,13.821851,100.513226,,,-0.3,-1.8,-135.7,224.3,,,,23.07,20,AUTO.LOITER,0,0
2026-08-21T19:40:30,1787316031,13.821851,100.513226,,,-0.3,-1.8,-135.7,224.3,,,,23.07,20,AUTO.LOITER,0,0
2026-08-21T19:40:31,1787316032,13.820594,100.511744,,,-0.3,-1.8,-135.7,224.3,,,,23.07,20,AUTO.LOITER,0,0
2026-08-21T19:40:32,1787316033,13.820594,100.511744,,,-0.3,-1.8,-135.7,224.3,,,,23.07,20,AUTO.LOITER,0,0
2026-08-21T19:40:33,1787316034,13.820594,100.511744,,,-0.3,-1.8,-135.7,224.3,,,,23.07,20,AUTO.LOITER,0,0
2026-08-21T19:40:34,1787316035,13.820594,100.511744,,,-0.3,-1.8,-135.7,224.3,,,,23.07,20,AUTO.LOITER,0,0
2026-08-21T19:40:35,1787316036,13.820594,100.511744,,,-0.3,-1.8,-135.7,224.3,,,,23.07,20,AUTO.LOITER,0,0
2026-08-21T19:40:36,1787316037,13.820594,100.511744,,,-0.3,-1.8,-135.7,224.3,,,,23.07,20,AUTO.LOITER,0,0
2026-08-21T19:40:37,1787316038,13.820594,100.511744,,,-0.3,-1.8,-135.7,224.3,,,,23.07,20,AUTO.LOITER,0,0
2026-08-21T19:40:38,1787316039,13.820594,100.511744,,,-0.3,-1.8,-135.7,224.3,,,,23.07,20,AUTO.LOITER,0,0
2026-08-21T19:40:39,1787316040,13.820594,100.511744,,,-0.3,-1.8,-135.7,224.3,,,,23.07,20,AUTO.LOITER,0,0
2026-08-21T19:40:40,1787316041,13.820015,100.510828,,,-0.3,-1.8,-135.7,224.3,,,,23.07,20,AUTO.LOITER,0,0
2026-08-21T19:40:41,1787316042,13.820015,100.510828,,,-0.2,-1.8,-135.7,224.3,,,,23.07,20,AUTO.LOITER,0,0
2026-08-21T19:40:42,1787316043,13.820015,100.510828,,,-0.2,-1.8,-135.7,224.3,,,,23.07,20,AUTO.LOITER,0,0
2026-08-21T19:40:43,1787316044,13.820015,100.510828,,,-0.2,-1.8,-135.7,224.3,,,,23.07,20,AUTO.LOITER,0,0
2026-08-21T19:40:44,1787316045,13.820015,100.510828,,,-0.2,-1.8,-135.7,224.3,,,,23.07,20,AUTO.LOITER,0,0
2026-08-21T19:40:45,1787316046,13.820015,100.510828,,,-0.2,-1.8,-135.7,224.3,,,,23.07,20,AUTO.LOITER,0,0
2026-08-21T19:40:46,1787316047,13.820015,100.510828,,,-0.2,-1.8,-135.7,224.3,,,,23.07,20,AUTO.LOITER,0,0
2026-08-21T19:40:50,1787316051,13.820015,100.510828,,,-0.2,-1.8,-135.7,224.3,,,,23.07,20,AUTO.LOITER,0,0
2026-08-21T19:40:51,1787316052,13.820015,100.510828,,,-0.2,-1.8,-135.7,224.3,,,,23.07,20,AUTO.LOITER,0,0
2026-08-21T19:40:52,1787316053,13.820015,100.510828,,,-0.2,-1.8,-135.7,224.3,,,,23.07,20,AUTO.LOITER,0,0
2026-08-21T19:40:53,1787316054,13.820015,100.510828,,,-0.2,-1.8,-135.7,224.3,,,,23.07,20,AUTO.LOITER,0,0
2026-08-21T19:40:54,1787316055,13.820015,100.510828,,,-0.2,-1.8,-135.7,224.3,,,,23.07,20,AUTO.LOITER,0,0
2026-08-21T19:40:55,1787316056,13.820015,100.510828,,,-0.2,-1.8,-135.7,224.3,,,,23.07,20,AUTO.LOITER,0,0
2026-08-21T19:40:56,1787316057,13.820015,100.510828,,,-0.2,-1.8,-135.7,224.3,,,,23.07,20,AUTO.LOITER,0,0
2026-08-21T19:40:57,1787316058,13.820015,100.510828,,,-0.2,-1.8,-135.7,224.3,,,,23.07,20,AUTO.LOITER,0,0
2026-08-21T19:40:58,1787316059,13.820015,100.510828,,,-0.2,-1.8,-135.7,224.3,,,,23.07,20,AUTO.LOITER,0,0
2026-08-21T19:40:59,1787316060,13.820015,100.510828,,,-0.2,-1.8,-135.7,224.3,,,,23.07,20,AUTO.LOITER,0,0
2026-08-21T19:41:00,1787316061,13.820015,100.510828,,,-0.3,-1.8,-135.7,224.3,,,,23.07,20,AUTO.LOITER,0,0
2026-08-21T19:41:01,1787316062,13.820015,100.510828,,,-0.3,-1.8,-135.7,224.3,,,,23.07,20,AUTO.LOITER,0,0
2026-08-21T19:41:02,1787316063,13.818354,100.508457,,,-0.3,-1.8,-135.7,224.3,,,,23.07,20,AUTO.LOITER,0,0
2026-08-21T19:41:03,1787316064,13.818354,100.508457,,,-0.3,-1.8,-135.7,224.3,,,,23.07,20,AUTO.LOITER,0,0
2026-08-21T19:41:04,1787316065,13.818354,100.508457,,,-0.3,-1.8,-135.7,224.3,,,,23.07,20,AUTO.LOITER,0,0
2026-08-21T19:41:05,1787316066,13.818354,100.508457,,,-0.3,-1.8,-135.7,224.3,,,,23.07,20,AUTO.LOITER,0,0
2026-08-21T19:41:06,1787316067,13.816528,100.506752,,,-0.3,-1.8,-135.7,224.3,,,,23.07,20,AUTO.LOITER,0,0
2026-08-21T19:41:07,1787316068,13.816528,100.506752,,,-0.3,-1.7,-135.7,224.3,,,,23.07,20,AUTO.LOITER,0,0
2026-08-21T19:41:08,1787316069,13.816528,100.506752,,,-0.3,-1.7,-135.7,224.3,,,,23.07,20,AUTO.LOITER,0,0
2026-08-21T19:41:09,1787316070,13.816528,100.506752,,,-0.3,-1.7,-135.7,224.3,,,,23.07,20,AUTO.LOITER,0,0
2026-08-21T19:41:10,1787316071,13.816528,100.506752,,,-0.3,-1.7,-135.7,224.3,,,,23.07,20,AUTO.LOITER,0,0
2026-08-21T19:41:11,1787316072,13.816528,100.506752,,,-0.3,-1.7,-135.7,224.3,,,,23.07,20,AUTO.LOITER,0,0
2026-08-21T19:41:12,1787316073,13.816528,100.506752,,,-0.3,-1.7,-135.7,224.3,,,,23.07,20,AUTO.LOITER,0,0
2026-08-21T19:41:13,1787316074,13.816528,100.506752,,,-0.3,-1.7,-135.7,224.3,,,,23.07,20,AUTO.LOITER,0,0
2026-08-21T19:41:14,1787316075,13.816528,100.506752,,,-0.3,-1.7,-135.7,224.3,,,,23.07,20,AUTO.LOITER,0,0
2026-08-21T19:41:15,1787316076,13.814282,100.504693,,,-0.3,-1.7,-135.7,224.3,,,,23.07,20,AUTO.LOITER,0,0
2026-08-21T19:41:16,1787316077,13.814282,100.504693,,,-0.3,-1.7,-135.7,224.3,,,,23.07,20,AUTO.LOITER,0,0
2026-08-21T19:41:17,1787316078,13.814282,100.504693,,,-0.3,-1.7,-135.7,224.3,,,,23.07,20,AUTO.LOITER,0,0
2026-08-21T19:41:18,1787316079,13.814282,100.504693,,,-0.3,-1.7,-135.7,224.3,,,,23.07,20,AUTO.LOITER,0,0
2026-08-21T19:41:19,1787316080,13.814282,100.504693,,,-0.3,-1.7,-135.7,224.3,,,,23.07,20,AUTO.LOITER,0,0
2026-08-21T19:41:20,1787316081,13.814282,100.504693,,,-0.3,-1.7,-135.7,224.3,,,,23.07,20,AUTO.LOITER,0,0
2026-08-21T19:41:21,1787316082,13.814282,100.504693,,,-0.3,-1.7,-135.7,224.3,,,,23.07,20,AUTO.LOITER,0,0
2026-08-21T19:41:22,1787316083,13.814282,100.504693,,,-0.3,-1.7,-135.7,224.3,,,,23.07,20,AUTO.LOITER,0,0
2026-08-21T19:41:23,1787316084,13.821879,100.513695,,,-0.3,-1.7,-135.7,224.3,,,,23.07,20,AUTO.LOITER,0,0
2026-08-21T19:41:24,1787316085,13.821879,100.513695,,,-0.3,-1.7,-135.7,224.3,,,,23.07,20,AUTO.LOITER,0,0
2026-08-21T19:41:25,1787316086,13.821879,100.513695,,,-0.3,-1.7,-135.7,224.3,,,,23.07,20,AUTO.LOITER,0,0
2026-08-21T19:41:26,1787316087,13.821879,100.513695,,,-0.3,-1.7,-135.7,224.3,,,,23.07,20,AUTO.LOITER,0,0
2026-08-21T19:41:27,1787316088,13.821879,100.513695,,,-0.3,-1.8,-135.7,224.3,,,,23.07,20,AUTO.LOITER,0,0
2026-08-21T19:41:28,1787316089,13.821879,100.513695,,,-0.3,-1.8,-135.7,224.3,,,,23.07,20,AUTO.LOITER,0,0
2026-08-21T19:41:29,1787316090,13.821879,100.513695,,,-0.3,-1.8,-135.7,224.3,,,,23.07,20,AUTO.LOITER,0,0
2026-08-21T19:41:30,1787316091,13.821879,100.513695,,,-0.3,-1.8,-135.7,224.3,,,,23.07,20,AUTO.LOITER,0,0
2026-08-21T19:41:31,1787316092,13.821879,100.513695,,,-0.3,-1.8,-135.7,224.3,,,,23.07,20,AUTO.LOITER,0,0
2026-08-21T19:41:32,1787316093,13.821879,100.513695,,,-0.3,-1.8,-135.7,224.3,,,,23.07,20,AUTO.LOITER,0,0
2026-08-21T19:41:33,1787316094,13.821858,100.513539,,,-0.3,-1.8,-135.7,224.3,,,,23.07,20,AUTO.LOITER,0,0
2026-08-21T19:41:34,1787316095,13.821858,100.513539,,,-0.3,-1.8,-135.7,224.3,,,,23.07,20,AUTO.LOITER,0,0
2026-08-21T19:41:35,1787316096,13.821858,100.513539,,,-0.3,-1.8,-135.7,224.3,,,,23.07,20,AUTO.LOITER,0,0
2026-08-21T19:41:36,1787316097,13.821858,100.513539,,,-0.3,-1.8,-135.7,224.3,,,,23.07,20,AUTO.LOITER,0,0
2026-08-21T19:41:37,1787316098,13.821858,100.513539,,,-0.3,-1.8,-135.7,224.3,,,,23.07,20,AUTO.LOITER,0,0
2026-08-21T19:41:38,1787316099,13.821858,100.513539,,,-0.3,-1.8,-135.7,224.3,,,,23.07,20,AUTO.LOITER,0,0
2026-08-21T19:41:39,1787316100,13.821858,100.513539,,,-0.3,-1.8,-135.7,224.3,,,,23.07,20,AUTO.LOITER,0,0
2026-08-21T19:41:40,1787316101,13.821858,100.513539,,,-0.3,-1.8,-135.7,224.3,,,,23.07,20,AUTO.LOITER,0,0
2026-08-21T19:41:41,1787316102,13.821858,100.513539,,,-0.3,-1.8,-135.7,224.3,,,,23.07,20,AUTO.LOITER,0,0
2026-08-21T19:41:42,1787316103,13.821858,100.513539,,,-0.3,-1.8,-135.7,224.3,,,,23.07,20,AUTO.LOITER,0,0
2026-08-21T19:41:43,1787316104,13.821858,100.513539,,,-0.3,-1.7,-135.7,224.3,,,,23.07,20,AUTO.LOITER,0,0
2026-08-21T19:41:44,1787316105,13.822024,100.513358,,,-0.3,-1.7,-135.7,224.3,,,,23.07,20,AUTO.LOITER,0,0
2026-08-21T19:41:45,1787316106,13.822024,100.513358,,,-0.3,-1.7,-135.7,224.3,,,,23.07,20,AUTO.LOITER,0,0
2026-08-21T19:41:46,1787316107,13.822024,100.513358,,,-0.3,-1.7,-135.7,224.3,,,,23.07,19,AUTO.LOITER,0,0
2026-08-21T19:41:47,1787316108,13.822024,100.513358,,,-0.3,-1.7,-135.7,224.3,,,,23.07,19,AUTO.LOITER,0,0
2026-08-21T19:41:48,1787316109,13.822024,100.513358,,,-0.3,-1.7,-135.7,224.3,,,,23.07,19,AUTO.LOITER,0,0
2026-08-21T19:41:49,1787316110,13.822024,100.513358,,,-0.3,-1.7,-135.7,224.3,,,,23.07,19,AUTO.LOITER,0,0
2026-08-21T19:41:50,1787316111,13.822024,100.513358,,,-0.3,-1.7,-135.7,224.3,,,,23.07,19,AUTO.LOITER,0,0
2026-08-21T19:41:51,1787316112,13.822024,100.513358,,,-0.3,-1.7,-135.7,224.3,,,,23.07,19,AUTO.LOITER,0,0
2026-08-21T19:41:52,1787316113,13.822024,100.513358,,,-0.3,-1.7,-135.7,224.3,,,,23.07,19,AUTO.LOITER,0,0
2026-08-21T19:41:53,1787316114,13.822166,100.513263,,,-0.3,-1.7,-135.7,224.3,,,,23.07,19,AUTO.LOITER,0,0
2026-08-21T19:41:54,1787316115,13.822166,100.513263,,,-0.3,-1.7,-135.7,224.3,,,,23.07,19,AUTO.LOITER,0,0
2026-08-21T19:41:55,1787316116,13.822166,100.513263,,,-0.3,-1.8,-135.7,224.3,,,,23.07,19,AUTO.LOITER,0,0
2026-08-21T19:41:56,1787316117,13.822166,100.513263,,,-0.3,-1.8,-135.7,224.3,,,,23.07,19,AUTO.LOITER,0,0
2026-08-21T19:41:57,1787316118,13.822166,100.513263,,,-0.3,-1.8,-135.7,224.3,,,,23.07,19,AUTO.LOITER,0,0
2026-08-21T19:41:58,1787316119,13.822166,100.513263,,,-0.3,-1.8,-135.7,224.3,,,,23.07,19,AUTO.LOITER,0,0
2026-08-21T19:41:59,1787316120,13.822166,100.513263,,,-0.3,-1.8,-135.7,224.3,,,,23.07,19,AUTO.LOITER,0,0
2026-08-21T19:42:00,1787316121,13.822166,100.513263,,,-0.3,-1.8,-135.7,224.3,,,,23.07,19,AUTO.LOITER,0,0
2026-08-21T19:42:01,1787316122,13.822166,100.513263,,,-0.3,-1.8,-135.7,224.3,,,,23.06,19,AUTO.LOITER,0,0
2026-08-21T19:42:02,1787316123,13.822166,100.513263,,,-0.3,-1.8,-135.7,224.3,,,,23.06,19,AUTO.LOITER,0,0
2026-08-21T19:42:03,1787316124,13.822166,100.513263,,,-0.3,-1.8,-135.7,224.3,,,,23.06,19,AUTO.LOITER,0,0
2026-08-21T19:42:04,1787316125,13.822108,100.513277,,,-0.3,-1.8,-135.7,224.3,,,,23.06,19,AUTO.LOITER,0,0
2026-08-21T19:42:05,1787316126,13.822108,100.513277,,,-0.3,-1.8,-135.7,224.3,,,,23.06,19,AUTO.LOITER,0,0
2026-08-21T19:42:06,1787316127,13.822108,100.513277,,,-0.3,-1.8,-135.7,224.3,,,,23.06,19,AUTO.LOITER,0,0
2026-08-21T19:42:07,1787316128,13.822108,100.513277,,,-0.3,-1.8,-135.7,224.3,,,,23.06,19,AUTO.LOITER,0,0
2026-08-21T19:42:08,1787316129,13.822108,100.513277,,,-0.3,-1.8,-135.7,224.3,,,,23.06,19,AUTO.LOITER,0,0
2026-08-21T19:42:09,1787316130,13.822108,100.513277,,,-0.3,-1.8,-135.7,224.3,,,,23.06,19,AUTO.LOITER,0,0
2026-08-21T19:42:11,1787316132,13.822108,100.513277,,,-0.3,-1.8,-135.7,224.3,,,,23.06,19,AUTO.LOITER,0,0
2026-08-21T19:42:12,1787316133,13.822108,100.513277,,,-0.3,-1.8,-135.7,224.3,,,,23.06,19,AUTO.LOITER,0,0
2026-08-21T19:42:13,1787316134,13.822108,100.513277,,,-0.3,-1.8,-135.7,224.3,,,,23.06,19,AUTO.LOITER,0,0
2026-08-21T19:42:14,1787316135,13.822004,100.513303,,,-0.3,-1.8,-135.7,224.3,,,,23.06,19,AUTO.LOITER,0,0
2026-08-21T19:42:15,1787316136,13.822004,100.513303,,,-0.3,-1.8,-135.7,224.3,,,,23.06,19,AUTO.LOITER,0,0
2026-08-21T19:42:16,1787316137,13.822004,100.513303,,,-0.3,-1.8,-135.7,224.3,,,,23.06,19,AUTO.LOITER,0,0
2026-08-21T19:42:17,1787316138,13.822004,100.513303,,,-0.3,-1.8,-135.7,224.3,,,,23.06,19,AUTO.LOITER,0,0
2026-08-21T19:42:18,1787316139,13.822004,100.513303,,,-0.3,-1.8,-135.7,224.3,,,,23.06,19,AUTO.LOITER,0,0
2026-08-21T19:42:19,1787316140,13.822004,100.513303,,,-0.3,-1.8,-135.7,224.3,,,,23.06,19,AUTO.LOITER,0,0
2026-08-21T19:42:20,1787316141,13.822004,100.513303,,,-0.3,-1.8,-135.7,224.3,,,,23.06,19,AUTO.LOITER,0,0
2026-08-21T19:42:21,1787316142,13.822004,100.513303,,,-0.3,-1.8,-135.7,224.3,,,,23.06,19,AUTO.LOITER,0,0
2026-08-21T19:42:22,1787316143,13.822004,100.513303,,,-0.3,-1.8,-135.7,224.3,,,,23.06,19,AUTO.LOITER,0,0
2026-08-21T19:42:23,1787316144,13.822004,100.513303,,,-0.3,-1.7,-135.7,224.3,,,,23.06,19,AUTO.LOITER,0,0
2026-08-21T19:42:24,1787316145,13.82197,100.513297,,,-0.3,-1.7,-135.7,224.3,,,,23.06,19,AUTO.LOITER,0,0
2026-08-21T19:42:25,1787316146,13.82197,100.513297,,,-0.3,-1.7,-135.7,224.3,,,,23.06,19,AUTO.LOITER,0,0
2026-08-21T19:42:26,1787316147,13.82197,100.513297,,,-0.3,-1.7,-135.7,224.3,,,,23.06,19,AUTO.LOITER,0,0
2026-08-21T19:42:27,1787316148,13.82197,100.513297,,,-0.3,-1.7,-135.7,224.3,,,,23.06,19,AUTO.LOITER,0,0
2026-08-21T19:42:28,1787316149,13.821964,100.51329,,,-0.3,-1.8,-135.7,224.3,,,,23.06,19,AUTO.LOITER,0,0
2026-08-21T19:42:29,1787316150,13.821964,100.51329,,,-0.3,-1.8,-135.7,224.3,,,,23.06,19,AUTO.LOITER,0,0
2026-08-21T19:42:30,1787316151,13.821964,100.51329,,,-0.3,-1.8,-135.7,224.3,,,,23.06,19,AUTO.LOITER,0,0
2026-08-21T19:42:31,1787316152,13.821964,100.51329,,,-0.3,-1.8,-135.7,224.3,,,,23.06,19,AUTO.LOITER,0,0
2026-08-21T19:42:32,1787316153,13.821964,100.51329,,,-0.3,-1.8,-135.7,224.3,,,,23.06,19,AUTO.LOITER,0,0
2026-08-21T19:42:33,1787316154,13.821965,100.513287,,,-0.3,-1.8,-135.7,224.3,,,,23.06,19,AUTO.LOITER,0,0
2026-08-21T19:42:34,1787316155,13.821965,100.513287,,,-0.3,-1.8,-135.7,224.3,,,,23.06,19,AUTO.LOITER,0,0
2026-08-21T19:42:35,1787316156,13.821965,100.513287,,,-0.3,-1.8,-135.7,224.3,,,,23.06,19,AUTO.LOITER,0,0
2026-08-21T19:42:36,1787316157,13.821965,100.513287,,,-0.3,-1.8,-135.7,224.3,,,,23.06,19,AUTO.LOITER,0,0
2026-08-21T19:42:37,1787316158,13.821965,100.513287,,,-0.3,-1.8,-135.7,224.3,,,,23.06,19,AUTO.LOITER,0,0
2026-08-21T19:42:38,1787316159,13.822005,100.51324,,,-0.3,-1.8,-135.7,224.3,,,,23.06,19,AUTO.LOITER,0,0
2026-08-21T19:42:39,1787316160,13.822005,100.51324,,,-0.3,-1.8,-135.7,224.3,,,,23.06,19,AUTO.LOITER,0,0
2026-08-21T19:42:40,1787316161,13.822005,100.51324,,,-0.3,-1.8,-135.7,224.3,,,,23.06,19,AUTO.LOITER,0,0
2026-08-21T19:42:41,1787316162,13.822005,100.51324,,,-0.3,-1.8,-135.7,224.3,,,,23.06,19,AUTO.LOITER,0,0
2026-08-21T19:42:42,1787316163,13.822005,100.51324,,,-0.3,-1.7,-135.7,224.3,,,,23.06,19,AUTO.LOITER,0,0
2026-08-21T19:42:43,1787316164,13.822005,100.51324,,,-0.3,-1.7,-135.7,224.3,,,,23.06,19,AUTO.LOITER,0,0
2026-08-21T19:42:44,1787316165,13.822005,100.51324,,,-0.3,-1.7,-135.7,224.3,,,,23.06,19,AUTO.LOITER,0,0
2026-08-21T19:42:45,1787316166,13.822005,100.51324,,,-0.3,-1.8,-135.7,224.3,,,,23.06,19,AUTO.LOITER,0,0
2026-08-21T19:42:46,1787316167,13.822005,100.51324,,,-0.3,-1.8,-135.7,224.3,,,,23.06,19,AUTO.LOITER,0,0
2026-08-21T19:42:47,1787316168,13.822005,100.51324,,,-0.3,-1.8,-135.7,224.3,,,,23.06,19,AUTO.LOITER,0,0
2026-08-21T19:42:48,1787316169,13.822015,100.513211,,,-0.3,-1.8,-135.7,224.3,,,,23.06,19,AUTO.LOITER,0,0
2026-08-21T19:42:49,1787316170,13.822015,100.513211,,,-0.3,-1.8,-135.7,224.3,,,,23.06,19,AUTO.LOITER,0,0
2026-08-21T19:42:50,1787316171,13.822015,100.513211,,,-0.3,-1.8,-135.7,224.3,,,,23.06,19,AUTO.LOITER,0,0
2026-08-21T19:42:51,1787316172,13.822015,100.513211,,,-0.3,-1.8,-135.7,224.3,,,,23.06,19,AUTO.LOITER,0,0
2026-08-21T19:42:52,1787316173,13.822015,100.513211,,,-0.3,-1.8,-135.7,224.3,,,,23.06,19,AUTO.LOITER,0,0
2026-08-21T19:42:53,1787316174,13.821998,100.51324,,,-0.2,-1.8,-135.7,224.3,,,,23.06,19,AUTO.LOITER,0,0
2026-08-21T19:42:54,1787316175,13.821998,100.51324,,,-0.2,-1.8,-135.7,224.3,,,,23.06,19,AUTO.LOITER,0,0
2026-08-21T19:42:55,1787316176,13.821998,100.51324,,,-0.2,-1.7,-135.7,224.3,,,,23.06,19,AUTO.LOITER,0,0
2026-08-21T19:42:56,1787316177,13.821998,100.51324,,,-0.2,-1.7,-135.7,224.3,,,,23.06,19,AUTO.LOITER,0,0
2026-08-21T19:42:57,1787316178,13.821998,100.51324,,,-0.2,-1.7,-135.7,224.3,,,,23.06,19,AUTO.LOITER,0,0
2026-08-21T19:42:58,1787316179,13.821998,100.51324,,,-0.2,-1.8,-135.7,224.3,,,,23.06,19,AUTO.LOITER,0,0
2026-08-21T19:42:59,1787316180,13.821998,100.51324,,,-0.2,-1.8,-135.7,224.3,,,,23.06,19,AUTO.LOITER,0,0
2026-08-21T19:43:00,1787316181,13.821998,100.51324,,,-0.2,-1.8,-135.7,224.3,,,,23.06,19,AUTO.LOITER,0,0
2026-08-21T19:43:01,1787316182,13.821998,100.51324,,,-0.2,-1.8,-135.7,224.3,,,,23.06,19,AUTO.LOITER,0,0
2026-08-21T19:43:02,1787316183,13.821998,100.51324,,,-0.3,-1.8,-135.7,224.3,,,,23.06,19,AUTO.LOITER,0,0
2026-08-21T19:43:03,1787316184,13.821975,100.513287,,,-0.3,-1.8,-135.7,224.3,,,,23.06,19,AUTO.LOITER,0,0
2026-08-21T19:43:04,1787316185,13.821975,100.513287,,,-0.3,-1.8,-135.7,224.3,,,,23.06,19,AUTO.LOITER,0,0
2026-08-21T19:43:05,1787316186,13.821975,100.513287,,,-0.3,-1.8,-135.7,224.3,,,,23.06,19,AUTO.LOITER,0,0
2026-08-21T19:43:06,1787316187,13.821975,100.513287,,,-0.3,-1.8,-135.7,224.3,,,,23.06,19,AUTO.LOITER,0,0
2026-08-21T19:43:07,1787316188,13.821975,100.513287,,,-0.3,-1.8,-135.7,224.3,,,,23.06,19,AUTO.LOITER,0,0
2026-08-21T19:43:08,1787316189,13.821959,100.513322,,,-0.3,-1.8,-135.7,224.3,,,,23.06,19,AUTO.LOITER,0,0
2026-08-21T19:43:09,1787316190,13.821959,100.513322,,,-0.3,-1.8,-135.7,224.3,,,,23.06,19,AUTO.LOITER,0,0
2026-08-21T19:43:10,1787316191,13.821959,100.513322,,,-0.3,-1.8,-135.7,224.3,,,,23.06,19,AUTO.LOITER,0,0
2026-08-21T19:43:11,1787316192,13.821959,100.513322,,,-0.3,-1.8,-135.7,224.3,,,,23.06,19,AUTO.LOITER,0,0
2026-08-21T19:43:12,1787316193,13.821959,100.513322,,,-0.2,-1.7,-135.6,224.4,,,,23.06,19,AUTO.LOITER,0,0
2026-08-21T19:43:13,1787316194,13.821959,100.513322,,,-0.2,-1.7,-135.6,224.4,,,,23.06,19,AUTO.LOITER,0,0
2026-08-21T19:43:14,1787316195,13.821959,100.513322,,,-0.2,-1.7,-135.6,224.4,,,,23.06,19,AUTO.LOITER,0,0
2026-08-21T19:43:15,1787316196,13.821959,100.513322,,,-0.2,-1.7,-135.6,224.4,,,,23.06,19,AUTO.LOITER,0,0
2026-08-21T19:43:16,1787316197,13.821959,100.513322,,,-0.2,-1.7,-135.6,224.4,,,,23.06,19,AUTO.LOITER,0,0
2026-08-21T19:43:17,1787316198,13.821959,100.513322,,,-0.2,-1.7,-135.6,224.4,,,,23.06,19,AUTO.LOITER,0,0
2026-08-21T19:43:18,1787316199,13.821959,100.513322,,,-0.2,-1.7,-135.6,224.4,,,,23.06,19,AUTO.LOITER,0,0
2026-08-21T19:43:19,1787316200,13.821959,100.513322,,,-0.2,-1.7,-135.6,224.4,,,,23.06,19,AUTO.LOITER,0,0
2026-08-21T19:43:20,1787316201,13.821959,100.513322,,,-0.2,-1.7,-135.6,224.4,,,,23.06,19,AUTO.LOITER,0,0
2026-08-21T19:43:21,1787316202,13.821959,100.513322,,,-0.3,-1.8,-135.6,224.4,,,,23.06,19,AUTO.LOITER,0,0
2026-08-21T19:43:22,1787316203,13.821959,100.513322,,,-0.3,-1.8,-135.6,224.4,,,,23.06,19,AUTO.LOITER,0,0
2026-08-21T19:43:23,1787316204,13.822,100.513277,,,-0.3,-1.8,-135.6,224.4,,,,23.06,19,AUTO.LOITER,0,0
2026-08-21T19:43:24,1787316205,13.822,100.513277,,,-0.3,-1.8,-135.6,224.4,,,,23.06,19,AUTO.LOITER,0,0
2026-08-21T19:43:25,1787316206,13.822,100.513277,,,-0.3,-1.8,-135.6,224.4,,,,23.06,19,AUTO.LOITER,0,0
2026-08-21T19:43:26,1787316207,13.822,100.513277,,,-0.3,-1.8,-135.6,224.4,,,,23.06,19,AUTO.LOITER,0,0
2026-08-21T19:43:27,1787316208,13.822,100.513277,,,-0.3,-1.8,-135.6,224.4,,,,23.06,19,AUTO.LOITER,0,0
2026-08-21T19:43:28,1787316209,13.822,100.513277,,,-0.3,-1.8,-135.6,224.4,,,,23.06,19,AUTO.LOITER,0,0
2026-08-21T19:43:29,1787316210,13.822,100.513277,,,-0.3,-1.8,-135.6,224.4,,,,23.06,19,AUTO.LOITER,0,0
2026-08-21T19:43:30,1787316211,13.822,100.513277,,,-0.3,-1.8,-135.6,224.4,,,,23.06,19,AUTO.LOITER,0,0
2026-08-21T19:43:31,1787316212,13.821952,100.513337,,,-0.3,-1.8,-135.7,224.3,,,,23.06,19,AUTO.LOITER,0,0
2026-08-21T19:43:32,1787316213,13.821952,100.513337,,,-0.3,-1.8,-135.7,224.3,,,,23.06,19,AUTO.LOITER,0,0
2026-08-21T19:43:33,1787316214,13.821952,100.513337,,,-0.3,-1.8,-135.7,224.3,,,,23.06,19,AUTO.LOITER,0,0
2026-08-21T19:43:34,1787316215,13.821952,100.513337,,,-0.3,-1.8,-135.7,224.3,,,,23.06,19,AUTO.LOITER,0,0
2026-08-21T19:43:35,1787316216,13.821952,100.513337,,,-0.3,-1.8,-135.7,224.3,,,,23.06,19,AUTO.LOITER,0,0
2026-08-21T19:43:36,1787316217,13.821952,100.513337,,,-0.3,-1.8,-135.7,224.3,,,,23.06,19,AUTO.LOITER,0,0
2026-08-21T19:43:37,1787316218,13.821931,100.513384,,,-0.3,-1.8,-135.7,224.3,,,,23.06,19,AUTO.LOITER,0,0
2026-08-21T19:43:38,1787316219,13.821931,100.513384,,,-0.3,-1.8,-135.7,224.3,,,,23.06,19,AUTO.LOITER,0,0
2026-08-21T19:43:39,1787316220,13.821931,100.513384,,,-0.3,-1.8,-135.7,224.3,,,,23.06,19,AUTO.LOITER,0,0
2026-08-21T19:43:40,1787316221,13.821931,100.513384,,,-0.3,-1.8,-135.7,224.3,,,,23.06,19,AUTO.LOITER,0,0
2026-08-21T19:43:41,1787316222,13.821931,100.513384,,,-0.3,-1.8,-135.7,224.3,,,,23.06,19,AUTO.LOITER,0,0
2026-08-21T19:43:42,1787316223,13.821931,100.513384,,,-0.3,-1.8,-135.7,224.3,,,,23.06,19,AUTO.LOITER,0,0
2026-08-21T19:43:43,1787316224,13.821931,100.513384,,,-0.3,-1.8,-135.7,224.3,,,,23.06,19,AUTO.LOITER,0,0
2026-08-21T19:43:44,1787316225,13.821931,100.513384,,,-0.3,-1.8,-135.7,224.3,,,,23.06,19,AUTO.LOITER,0,0
2026-08-21T19:43:46,1787316227,13.821931,100.513384,,,-0.3,-1.8,-135.7,224.3,,,,23.06,19,AUTO.LOITER,0,0
2026-08-21T19:43:47,1787316228,13.821931,100.513384,,,-0.3,-1.8,-135.7,224.3,,,,23.06,19,AUTO.LOITER,0,0
2026-08-21T19:43:48,1787316229,13.821916,100.51342,,,-0.3,-1.8,-135.7,224.3,,,,23.06,19,AUTO.LOITER,0,0
2026-08-21T19:43:49,1787316230,13.821916,100.51342,,,-0.3,-1.8,-135.7,224.3,,,,23.06,19,AUTO.LOITER,0,0
2026-08-21T19:43:50,1787316231,13.821916,100.51342,,,-0.3,-1.8,-135.7,224.3,,,,23.06,19,AUTO.LOITER,0,0
2026-08-21T19:43:51,1787316232,13.821916,100.51342,,,-0.3,-1.8,-135.7,224.3,,,,23.06,19,AUTO.LOITER,0,0
2026-08-21T19:43:52,1787316233,13.821916,100.51342,,,-0.3,-1.8,-135.7,224.3,,,,23.06,19,AUTO.LOITER,0,0
2026-08-21T19:43:53,1787316234,13.821916,100.51342,,,-0.3,-1.8,-135.7,224.3,,,,23.06,19,AUTO.LOITER,0,0
2026-08-21T19:43:54,1787316235,13.821916,100.51342,,,-0.3,-1.8,-135.7,224.3,,,,23.06,19,AUTO.LOITER,0,0
2026-08-21T19:43:55,1787316236,13.821916,100.51342,,,-0.3,-1.8,-135.7,224.3,,,,23.06,19,AUTO.LOITER,0,0
2026-08-21T19:43:56,1787316237,13.821916,100.51342,,,-0.3,-1.8,-135.7,224.3,,,,23.06,19,AUTO.LOITER,0,0
2026-08-21T19:43:57,1787316238,13.821916,100.51342,,,-0.3,-1.8,-135.7,224.3,,,,23.06,19,AUTO.LOITER,0,0
2026-08-21T19:43:58,1787316239,13.821907,100.513449,,,-0.3,-1.8,-135.7,224.3,,,,23.06,19,AUTO.LOITER,0,0
2026-08-21T19:43:59,1787316240,13.821907,100.513449,,,-0.3,-1.8,-135.7,224.3,,,,23.06,19,AUTO.LOITER,0,0
2026-08-21T19:44:00,1787316241,13.821907,100.513449,,,-0.3,-1.8,-135.7,224.3,,,,23.06,19,AUTO.LOITER,0,0
2026-08-21T19:44:01,1787316242,13.821907,100.513449,,,-0.3,-1.8,-135.7,224.3,,,,23.06,19,AUTO.LOITER,0,0
2026-08-21T19:44:02,1787316243,13.821787,100.513401,,,-0.3,-1.8,-135.7,224.3,,,,23.06,19,AUTO.LOITER,0,0
2026-08-21T19:44:03,1787316244,13.821787,100.513401,,,-0.3,-1.8,-135.7,224.3,,,,23.06,19,AUTO.LOITER,0,0
2026-08-21T19:44:04,1787316245,13.821787,100.513401,,,-0.3,-1.8,-135.7,224.3,,,,23.06,19,AUTO.LOITER,0,0
2026-08-21T19:44:05,1787316246,13.821787,100.513401,,,-0.3,-1.8,-135.7,224.3,,,,23.06,19,AUTO.LOITER,0,0
2026-08-21T19:44:06,1787316247,13.821787,100.513401,,,-0.3,-1.8,-135.7,224.3,,,,23.06,19,AUTO.LOITER,0,0
2026-08-21T19:44:07,1787316248,13.821787,100.513401,,,-0.3,-1.8,-135.7,224.3,,,,23.06,19,AUTO.LOITER,0,0
2026-08-21T19:44:08,1787316249,13.821787,100.513401,,,-0.3,-1.8,-135.7,224.3,,,,23.06,19,AUTO.LOITER,0,0
2026-08-21T19:44:09,1787316250,13.821787,100.513401,,,-0.3,-1.8,-135.7,224.3,,,,23.06,19,AUTO.LOITER,0,0
2026-08-21T19:44:10,1787316251,13.821787,100.513401,,,-0.3,-1.8,-135.7,224.3,,,,23.06,19,AUTO.LOITER,0,0
2026-08-21T19:44:11,1787316252,13.821787,100.513401,,,-0.3,-1.8,-135.7,224.3,,,,23.06,19,AUTO.LOITER,0,0
2026-08-21T19:44:12,1787316253,13.821787,100.513401,,,-0.3,-1.8,-135.7,224.3,,,,23.05,19,AUTO.LOITER,0,0
2026-08-21T19:44:13,1787316254,13.821787,100.513401,,,-0.3,-1.7,-135.7,224.3,,,,23.05,19,AUTO.LOITER,0,0
2026-08-21T19:44:14,1787316255,13.821787,100.513401,,,-0.3,-1.7,-135.7,224.3,,,,23.05,19,AUTO.LOITER,0,0
2026-08-21T19:44:15,1787316256,13.821777,100.513644,,,-0.3,-1.7,-135.7,224.3,,,,23.05,19,AUTO.LOITER,0,0
2026-08-21T19:44:16,1787316257,13.821777,100.513644,,,-0.3,-1.7,-135.7,224.3,,,,23.05,19,AUTO.LOITER,0,0
2026-08-21T19:44:17,1787316258,13.821777,100.513644,,,-0.3,-1.7,-135.7,224.3,,,,23.05,19,AUTO.LOITER,0,0
2026-08-21T19:44:18,1787316259,13.821777,100.513644,,,-0.3,-1.7,-135.7,224.3,,,,23.05,19,AUTO.LOITER,0,0
2026-08-21T19:44:19,1787316260,13.821777,100.513644,,,-0.3,-1.7,-135.7,224.3,,,,23.05,19,AUTO.LOITER,0,0
2026-08-21T19:44:20,1787316261,13.821777,100.513644,,,-0.3,-1.8,-135.7,224.3,,,,23.05,19,AUTO.LOITER,0,0
2026-08-21T19:44:21,1787316262,13.821777,100.513644,,,-0.3,-1.8,-135.7,224.3,,,,23.05,19,AUTO.LOITER,0,0
2026-08-21T19:44:22,1787316263,13.821777,100.513644,,,-0.3,-1.8,-135.7,224.3,,,,23.05,19,AUTO.LOITER,0,0
2026-08-21T19:44:23,1787316264,13.821777,100.513644,,,-0.3,-1.8,-135.7,224.3,,,,23.05,19,AUTO.LOITER,0,0
2026-08-21T19:44:24,1787316265,13.821777,100.513644,,,-0.3,-1.8,-135.7,224.3,,,,23.05,19,AUTO.LOITER,0,0
2026-08-21T19:44:25,1787316266,13.821777,100.513644,,,-0.3,-1.8,-135.7,224.3,,,,23.05,19,AUTO.LOITER,0,0
2026-08-21T19:44:26,1787316267,13.821777,100.513644,,,-0.3,-1.8,-135.7,224.3,,,,23.05,19,AUTO.LOITER,0,0
2026-08-21T19:44:27,1787316268,13.821777,100.513644,,,-0.3,-1.8,-135.7,224.3,,,,23.05,19,AUTO.LOITER,0,0
2026-08-21T19:44:28,1787316269,13.821777,100.513644,,,-0.3,-1.8,-135.7,224.3,,,,23.05,19,AUTO.LOITER,0,0
2026-08-21T19:44:29,1787316270,13.821805,100.513622,,,-0.3,-1.8,-135.7,224.3,,,,23.05,19,AUTO.LOITER,0,0
2026-08-21T19:44:30,1787316271,13.821805,100.513622,,,-0.3,-1.8,-135.7,224.3,,,,23.05,19,AUTO.LOITER,0,0
2026-08-21T19:44:31,1787316272,13.821805,100.513622,,,-0.3,-1.8,-135.7,224.3,,,,23.05,19,AUTO.LOITER,0,0
2026-08-21T19:44:32,1787316273,13.821805,100.513622,,,-0.3,-1.8,-135.7,224.3,,,,23.05,19,AUTO.LOITER,0,0
2026-08-21T19:44:33,1787316274,13.821805,100.513622,,,-0.3,-1.8,-135.7,224.3,,,,23.05,19,AUTO.LOITER,0,0
2026-08-21T19:44:34,1787316275,13.821805,100.513622,,,-0.3,-1.8,-135.7,224.3,,,,23.05,19,AUTO.LOITER,0,0
2026-08-21T19:44:35,1787316276,13.821791,100.513496,,,-0.3,-1.8,-135.7,224.3,,,,23.05,19,AUTO.LOITER,0,0
2026-08-21T19:44:36,1787316277,13.821791,100.513496,,,-0.3,-1.8,-135.7,224.3,,,,23.05,19,AUTO.LOITER,0,0
2026-08-21T19:44:37,1787316278,13.821791,100.513496,,,-0.3,-1.8,-135.7,224.3,,,,23.05,19,AUTO.LOITER,0,0
2026-08-21T19:44:38,1787316279,13.821791,100.513496,,,-0.3,-1.8,-135.7,224.3,,,,23.05,19,AUTO.LOITER,0,0
2026-08-21T19:44:39,1787316280,13.821791,100.513496,,,-0.3,-1.8,-135.7,224.3,,,,23.05,19,AUTO.LOITER,0,0
2026-08-21T19:44:40,1787316281,13.821791,100.513496,,,-0.3,-1.8,-135.7,224.3,,,,23.05,19,AUTO.LOITER,0,0
2026-08-21T19:44:41,1787316282,13.821791,100.513496,,,-0.3,-1.8,-135.7,224.3,,,,23.05,19,AUTO.LOITER,0,0
2026-08-21T19:44:42,1787316283,13.821791,100.513496,,,-0.3,-1.8,-135.7,224.3,,,,23.05,19,AUTO.LOITER,0,0
2026-08-21T19:44:43,1787316284,13.821791,100.513496,,,-0.3,-1.8,-135.7,224.3,,,,23.05,19,AUTO.LOITER,0,0
2026-08-21T19:44:44,1787316285,13.821791,100.513496,,,-0.3,-1.8,-135.7,224.3,,,,23.05,19,AUTO.LOITER,0,0
2026-08-21T19:44:45,1787316286,13.821791,100.513496,,,-0.3,-1.8,-135.7,224.3,,,,23.05,19,AUTO.LOITER,0,0
2026-08-21T19:44:46,1787316287,13.821996,100.51336,,,-0.3,-1.8,-135.7,224.3,,,,23.05,19,AUTO.LOITER,0,0
2026-08-21T19:44:47,1787316288,13.821996,100.51336,,,-0.3,-1.8,-135.7,224.3,,,,23.05,19,AUTO.LOITER,0,0
2026-08-21T19:44:48,1787316289,13.821996,100.51336,,,-0.3,-1.8,-135.7,224.3,,,,23.05,19,AUTO.LOITER,0,0
2026-08-21T19:44:49,1787316290,13.821996,100.51336,,,-0.3,-1.8,-135.7,224.3,,,,23.05,19,AUTO.LOITER,0,0
2026-08-21T19:44:50,1787316291,13.822244,100.513246,,,-0.3,-1.8,-135.7,224.3,,,,23.05,19,AUTO.LOITER,0,0
2026-08-21T19:44:51,1787316292,13.822244,100.513246,,,-0.3,-1.8,-135.7,224.3,,,,23.05,19,AUTO.LOITER,0,0
2026-08-21T19:44:52,1787316293,13.822244,100.513246,,,-0.3,-1.8,-135.7,224.3,,,,23.05,19,AUTO.LOITER,0,0
2026-08-21T19:44:53,1787316294,13.822244,100.513246,,,-0.3,-1.8,-135.7,224.3,,,,23.05,19,AUTO.LOITER,0,0
2026-08-21T19:44:54,1787316295,13.822244,100.513246,,,-0.3,-1.8,-135.7,224.3,,,,23.05,19,AUTO.LOITER,0,0
2026-08-21T19:44:55,1787316296,13.822244,100.513246,,,-0.3,-1.8,-135.7,224.3,,,,23.05,19,AUTO.LOITER,0,0
2026-08-21T19:44:56,1787316297,13.822244,100.513246,,,-0.3,-1.8,-135.7,224.3,,,,23.05,19,AUTO.LOITER,0,0
2026-08-21T19:44:57,1787316298,13.822244,100.513246,,,-0.3,-1.8,-135.7,224.3,,,,23.05,19,AUTO.LOITER,0,0
2026-08-21T19:44:58,1787316299,13.822244,100.513246,,,-0.3,-1.8,-135.7,224.3,,,,23.05,19,AUTO.LOITER,0,0
2026-08-21T19:44:59,1787316300,13.822244,100.513246,,,-0.3,-1.8,-135.7,224.3,,,,23.05,19,AUTO.LOITER,0,0
2026-08-21T19:45:00,1787316301,13.822244,100.513246,,,-0.3,-1.8,-135.7,224.3,,,,23.05,19,AUTO.LOITER,0,0
2026-08-21T19:45:01,1787316302,13.822225,100.513342,,,-0.3,-1.8,-135.7,224.3,,,,23.05,19,AUTO.LOITER,0,0
2026-08-21T19:45:02,1787316303,13.822225,100.513342,,,-0.2,-1.8,-135.7,224.3,,,,23.05,19,AUTO.LOITER,0,0
2026-08-21T19:45:03,1787316304,13.822225,100.513342,,,-0.2,-1.8,-135.7,224.3,,,,23.05,19,AUTO.LOITER,0,0
2026-08-21T19:45:04,1787316305,13.822225,100.513342,,,-0.2,-1.8,-135.7,224.3,,,,23.05,19,AUTO.LOITER,0,0
2026-08-21T19:45:05,1787316306,13.822225,100.513342,,,-0.2,-1.8,-135.7,224.3,,,,23.05,19,AUTO.LOITER,0,0
2026-08-21T19:45:06,1787316307,13.822225,100.513342,,,-0.2,-1.8,-135.7,224.3,,,,23.05,19,AUTO.LOITER,0,0
2026-08-21T19:45:07,1787316308,13.822225,100.513342,,,-0.2,-1.8,-135.7,224.3,,,,23.05,19,AUTO.LOITER,0,0
2026-08-21T19:45:08,1787316309,13.822225,100.513342,,,-0.3,-1.8,-135.7,224.3,,,,23.05,19,AUTO.LOITER,0,0
2026-08-21T19:45:09,1787316310,13.822225,100.513342,,,-0.3,-1.8,-135.7,224.3,,,,23.05,19,AUTO.LOITER,0,0
2026-08-21T19:45:10,1787316311,13.822225,100.513342,,,-0.3,-1.8,-135.7,224.3,,,,23.05,19,AUTO.LOITER,0,0
2026-08-21T19:45:11,1787316312,13.822108,100.513463,,,-0.3,-1.8,-135.7,224.3,,,,23.05,19,AUTO.LOITER,0,0
2026-08-21T19:45:12,1787316313,13.822108,100.513463,,,-0.3,-1.8,-135.7,224.3,,,,23.05,19,AUTO.LOITER,0,0
2026-08-21T19:45:13,1787316314,13.822108,100.513463,,,-0.3,-1.8,-135.7,224.3,,,,23.05,19,AUTO.LOITER,0,0
2026-08-21T19:45:14,1787316315,13.822108,100.513463,,,-0.3,-1.8,-135.7,224.3,,,,23.05,19,AUTO.LOITER,0,0
2026-08-21T19:45:15,1787316316,13.822108,100.513463,,,-0.3,-1.8,-135.7,224.3,,,,23.05,19,AUTO.LOITER,0,0
2026-08-21T19:45:16,1787316317,13.822095,100.513519,,,-0.3,-1.8,-135.7,224.3,,,,23.05,19,AUTO.LOITER,0,0
2026-08-21T19:45:17,1787316318,13.822095,100.513519,,,-0.3,-1.8,-135.7,224.3,,,,23.05,19,AUTO.LOITER,0,0
2026-08-21T19:45:18,1787316319,13.822095,100.513519,,,-0.3,-1.8,-135.7,224.3,,,,23.05,19,AUTO.LOITER,0,0
2026-08-21T19:45:19,1787316320,13.822095,100.513519,,,-0.3,-1.8,-135.7,224.3,,,,23.05,19,AUTO.LOITER,0,0
2026-08-21T19:45:20,1787316321,13.822095,100.513519,,,-0.3,-1.8,-135.7,224.3,,,,23.05,19,AUTO.LOITER,0,0
2026-08-21T19:45:21,1787316322,13.822011,100.513554,,,-0.3,-1.8,-135.7,224.3,,,,23.05,19,AUTO.LOITER,0,0
2026-08-21T19:45:22,1787316323,13.822011,100.513554,,,-0.3,-1.8,-135.7,224.3,,,,23.05,19,AUTO.LOITER,0,0
2026-08-21T19:45:23,1787316324,13.822011,100.513554,,,-0.3,-1.8,-135.7,224.3,,,,23.05,19,AUTO.LOITER,0,0
2026-08-21T19:45:24,1787316325,13.822011,100.513554,,,-0.3,-1.8,-135.7,224.3,,,,23.05,19,AUTO.LOITER,0,0
2026-08-21T19:45:25,1787316326,13.822011,100.513554,,,-0.3,-1.8,-135.7,224.3,,,,23.05,19,AUTO.LOITER,0,0
2026-08-21T19:45:26,1787316327,13.822011,100.513554,,,-0.3,-1.8,-135.7,224.3,,,,23.05,19,AUTO.LOITER,0,0
2026-08-21T19:45:27,1787316328,13.822011,100.513554,,,-0.3,-1.8,-135.7,224.3,,,,23.05,19,AUTO.LOITER,0,0
2026-08-21T19:45:28,1787316329,13.822011,100.513554,,,-0.3,-1.7,-135.7,224.3,,,,23.05,19,AUTO.LOITER,0,0
2026-08-21T19:45:29,1787316330,13.822011,100.513554,,,-0.3,-1.7,-135.7,224.3,,,,23.05,19,AUTO.LOITER,0,0
2026-08-21T19:45:30,1787316331,13.822011,100.513554,,,-0.3,-1.7,-135.7,224.3,,,,23.05,19,AUTO.LOITER,0,0
2026-08-21T19:45:31,1787316332,13.821937,100.513585,,,-0.3,-1.7,-135.7,224.3,,,,23.05,19,AUTO.LOITER,0,0
2026-08-21T19:45:32,1787316333,13.821937,100.513585,,,-0.3,-1.7,-135.7,224.3,,,,23.05,19,AUTO.LOITER,0,0
2026-08-21T19:45:33,1787316334,13.821937,100.513585,,,-0.3,-1.7,-135.7,224.3,,,,23.05,19,AUTO.LOITER,0,0
2026-08-21T19:45:34,1787316335,13.821937,100.513585,,,-0.3,-1.7,-135.7,224.3,,,,23.05,19,AUTO.LOITER,0,0
2026-08-21T19:45:35,1787316336,13.821937,100.513585,,,-0.3,-1.8,-135.7,224.3,,,,23.05,19,AUTO.LOITER,0,0
2026-08-21T19:45:36,1787316337,13.821937,100.513585,,,-0.3,-1.8,-135.7,224.3,,,,23.05,19,AUTO.LOITER,0,0
2026-08-21T19:45:37,1787316338,13.821905,100.513596,,,-0.3,-1.8,-135.7,224.3,,,,23.05,19,AUTO.LOITER,0,0
2026-08-21T19:45:38,1787316339,13.821905,100.513596,,,-0.3,-1.8,-135.7,224.3,,,,23.05,19,AUTO.LOITER,0,0
2026-08-21T19:45:39,1787316340,13.821905,100.513596,,,-0.3,-1.8,-135.7,224.3,,,,23.05,19,AUTO.LOITER,0,0
2026-08-21T19:45:40,1787316341,13.821905,100.513596,,,-0.3,-1.8,-135.7,224.3,,,,23.05,19,AUTO.LOITER,0,0
2026-08-21T19:45:41,1787316342,13.821905,100.513596,,,-0.3,-1.8,-135.7,224.3,,,,23.05,19,AUTO.LOITER,0,0
2026-08-21T19:45:42,1787316343,13.821905,100.513596,,,-0.3,-1.8,-135.7,224.3,,,,23.05,19,AUTO.LOITER,0,0
2026-08-21T19:45:43,1787316344,13.821905,100.513596,,,-0.3,-1.8,-135.7,224.3,,,,23.05,19,AUTO.LOITER,0,0
2026-08-21T19:45:44,1787316345,13.821905,100.513596,,,-0.3,-1.8,-135.7,224.3,,,,23.05,19,AUTO.LOITER,0,0
2026-08-21T19:45:45,1787316346,13.821869,100.513562,,,-0.3,-1.8,-135.7,224.3,,,,23.05,19,AUTO.LOITER,0,0
2026-08-21T19:45:46,1787316347,13.821869,100.513562,,,-0.3,-1.8,-135.7,224.3,,,,23.05,19,AUTO.LOITER,0,0
2026-08-21T19:45:47,1787316348,13.821869,100.513562,,,-0.3,-1.8,-135.7,224.3,,,,23.05,19,AUTO.LOITER,0,0
2026-08-21T19:45:48,1787316349,13.821869,100.513562,,,-0.3,-1.8,-135.7,224.3,,,,23.05,19,AUTO.LOITER,0,0
2026-08-21T19:45:49,1787316350,13.821862,100.513543,,,-0.3,-1.8,-135.7,224.3,,,,23.05,19,AUTO.LOITER,0,0
2026-08-21T19:45:50,1787316351,13.821862,100.513543,,,-0.3,-1.8,-135.7,224.3,,,,23.05,19,AUTO.LOITER,0,0
2026-08-21T19:45:51,1787316352,13.821862,100.513543,,,-0.3,-1.8,-135.7,224.3,,,,23.05,19,AUTO.LOITER,0,0
2026-08-21T19:45:52,1787316353,13.821862,100.513543,,,-0.3,-1.8,-135.7,224.3,,,,23.05,19,AUTO.LOITER,0,0
2026-08-21T19:45:53,1787316354,13.821862,100.513543,,,-0.3,-1.8,-135.7,224.3,,,,23.05,19,AUTO.LOITER,0,0
2026-08-21T19:45:54,1787316355,13.821862,100.513543,,,-0.3,-1.8,-135.7,224.3,,,,23.05,19,AUTO.LOITER,0,0
2026-08-21T19:45:55,1787316356,13.821862,100.513543,,,-0.3,-1.8,-135.7,224.3,,,,23.05,19,AUTO.LOITER,0,0
2026-08-21T19:45:56,1787316357,13.821862,100.513543,,,-0.3,-1.8,-135.7,224.3,,,,23.05,19,AUTO.LOITER,0,0
2026-08-21T19:45:57,1787316358,13.821862,100.513543,,,-0.3,-1.8,-135.7,224.3,,,,23.05,19,AUTO.LOITER,0,0
2026-08-21T19:45:58,1787316359,13.821862,100.513543,,,-0.3,-1.8,-135.7,224.3,,,,23.05,19,AUTO.LOITER,0,0
2026-08-21T19:45:59,1787316360,13.821862,100.513543,,,-0.3,-1.8,-135.7,224.3,,,,23.05,19,AUTO.LOITER,0,0
2026-08-21T19:46:00,1787316361,13.821862,100.513543,,,-0.3,-1.8,-135.7,224.3,,,,23.05,19,AUTO.LOITER,0,0
2026-08-21T19:46:01,1787316362,13.821862,100.513543,,,-0.3,-1.8,-135.7,224.3,,,,23.05,19,AUTO.LOITER,0,0
2026-08-21T19:46:02,1787316363,13.821862,100.513543,,,-0.3,-1.8,-135.7,224.3,,,,23.05,19,AUTO.LOITER,0,0
2026-08-21T19:46:03,1787316364,13.821862,100.513543,,,-0.3,-1.8,-135.7,224.3,,,,23.05,19,AUTO.LOITER,0,0
2026-08-21T19:46:04,1787316365,13.821862,100.513543,,,-0.3,-1.8,-135.7,224.3,,,,23.05,19,AUTO.LOITER,0,0
2026-08-21T19:46:05,1787316366,13.821862,100.513543,,,-0.3,-1.8,-135.7,224.3,,,,23.05,19,AUTO.LOITER,0,0
2026-08-21T19:46:06,1787316367,13.821862,100.513543,,,-0.3,-1.8,-135.7,224.3,,,,23.05,19,AUTO.LOITER,0,0
2026-08-21T19:46:07,1787316368,13.821862,100.513543,,,-0.3,-1.8,-135.7,224.3,,,,23.05,19,AUTO.LOITER,0,0
2026-08-21T19:46:08,1787316369,13.821862,100.513543,,,-0.3,-1.8,-135.7,224.3,,,,23.05,19,AUTO.LOITER,0,0
2026-08-21T19:46:09,1787316370,13.821862,100.513543,,,-0.3,-1.8,-135.7,224.3,,,,23.05,19,AUTO.LOITER,0,0
2026-08-21T19:46:10,1787316371,13.821862,100.513543,,,-0.3,-1.7,-135.7,224.3,,,,23.05,19,AUTO.LOITER,0,0
2026-08-21T19:46:11,1787316372,13.821846,100.513711,,,-0.3,-1.7,-135.7,224.3,,,,23.05,19,AUTO.LOITER,0,0
2026-08-21T19:46:12,1787316373,13.821846,100.513711,,,-0.3,-1.7,-135.7,224.3,,,,23.05,19,AUTO.LOITER,0,0
2026-08-21T19:46:13,1787316374,13.821846,100.513711,,,-0.3,-1.7,-135.7,224.3,,,,23.05,19,AUTO.LOITER,0,0
2026-08-21T19:46:14,1787316375,13.821846,100.513711,,,-0.3,-1.7,-135.7,224.3,,,,23.05,19,AUTO.LOITER,0,0
2026-08-21T19:46:15,1787316376,13.821846,100.513711,,,-0.3,-1.8,-135.7,224.3,,,,23.05,19,AUTO.LOITER,0,0
2026-08-21T19:46:16,1787316377,13.821846,100.513711,,,-0.3,-1.8,-135.7,224.3,,,,23.05,19,AUTO.LOITER,0,0
2026-08-21T19:46:17,1787316378,13.821846,100.513711,,,-0.3,-1.8,-135.7,224.3,,,,23.05,19,AUTO.LOITER,0,0
2026-08-21T19:46:18,1787316379,13.821816,100.513755,,,-0.3,-1.8,-135.7,224.3,,,,23.05,19,AUTO.LOITER,0,0
2026-08-21T19:46:19,1787316380,13.821816,100.513755,,,-0.3,-1.8,-135.7,224.3,,,,23.05,19,AUTO.LOITER,0,0
2026-08-21T19:46:20,1787316381,13.821816,100.513755,,,-0.3,-1.7,-135.7,224.3,,,,23.05,19,AUTO.LOITER,0,0
2026-08-21T19:46:21,1787316382,13.821816,100.513755,,,-0.3,-1.7,-135.7,224.3,,,,23.05,19,AUTO.LOITER,0,0
2026-08-21T19:46:22,1787316383,13.821816,100.513755,,,-0.3,-1.7,-135.7,224.3,,,,23.05,19,AUTO.LOITER,0,0
2026-08-21T19:46:23,1787316384,13.821816,100.513755,,,-0.3,-1.7,-135.7,224.3,,,,23.05,19,AUTO.LOITER,0,0
2026-08-21T19:46:24,1787316385,13.821816,100.513755,,,-0.3,-1.7,-135.7,224.3,,,,23.05,19,AUTO.LOITER,0,0
2026-08-21T19:46:25,1787316386,13.821816,100.513755,,,-0.3,-1.7,-135.7,224.3,,,,23.05,19,AUTO.LOITER,0,0
2026-08-21T19:46:26,1787316387,13.821888,100.513802,,,-0.3,-1.7,-135.7,224.3,,,,23.05,19,AUTO.LOITER,0,0
2026-08-21T19:46:27,1787316388,13.821888,100.513802,,,-0.3,-1.7,-135.7,224.3,,,,23.05,19,AUTO.LOITER,0,0
2026-08-21T19:46:28,1787316389,13.821888,100.513802,,,-0.3,-1.7,-135.7,224.3,,,,23.05,19,AUTO.LOITER,0,0
2026-08-21T19:46:29,1787316390,13.821888,100.513802,,,-0.3,-1.7,-135.7,224.3,,,,23.05,19,AUTO.LOITER,0,0
2026-08-21T19:46:30,1787316391,13.821888,100.513802,,,-0.3,-1.8,-135.7,224.3,,,,23.05,19,AUTO.LOITER,0,0
2026-08-21T19:46:31,1787316392,13.821888,100.513802,,,-0.3,-1.8,-135.7,224.3,,,,23.04,19,AUTO.LOITER,0,0
2026-08-21T19:46:32,1787316393,13.821888,100.513802,,,-0.3,-1.8,-135.7,224.3,,,,23.04,19,AUTO.LOITER,0,0
2026-08-21T19:46:33,1787316394,13.821888,100.513802,,,-0.3,-1.8,-135.7,224.3,,,,23.04,19,AUTO.LOITER,0,0
2026-08-21T19:46:34,1787316395,13.821888,100.513802,,,-0.3,-1.7,-135.7,224.3,,,,23.04,19,AUTO.LOITER,0,0
2026-08-21T19:46:35,1787316396,13.821888,100.513802,,,-0.3,-1.7,-135.7,224.3,,,,23.04,19,AUTO.LOITER,0,0
2026-08-21T19:46:36,1787316397,13.821888,100.513802,,,-0.3,-1.7,-135.7,224.3,,,,23.04,19,AUTO.LOITER,0,0
2026-08-21T19:46:37,1787316398,13.821888,100.513802,,,-0.3,-1.7,-135.7,224.3,,,,23.04,19,AUTO.LOITER,0,0
2026-08-21T19:46:38,1787316399,13.821888,100.513802,,,-0.3,-1.7,-135.7,224.3,,,,23.04,19,AUTO.LOITER,0,0
2026-08-21T19:46:39,1787316400,13.821888,100.513802,,,-0.3,-1.7,-135.7,224.3,,,,23.04,19,AUTO.LOITER,0,0
2026-08-21T19:46:40,1787316401,13.821888,100.513802,,,-0.3,-1.7,-135.7,224.3,,,,23.04,19,AUTO.LOITER,0,0
2026-08-21T19:46:41,1787316402,13.821888,100.513802,,,-0.3,-1.7,-135.7,224.3,,,,23.04,19,AUTO.LOITER,0,0
2026-08-21T19:46:42,1787316403,13.821888,100.513802,,,-0.3,-1.7,-135.7,224.3,,,,23.04,19,AUTO.LOITER,0,0
2026-08-21T19:46:43,1787316404,13.821955,100.513639,,,-0.3,-1.7,-135.7,224.3,,,,23.04,19,AUTO.LOITER,0,0
2026-08-21T19:46:44,1787316405,13.821955,100.513639,,,-0.3,-1.7,-135.7,224.3,,,,23.04,19,AUTO.LOITER,0,0
2026-08-21T19:46:45,1787316406,13.821955,100.513639,,,-0.3,-1.7,-135.7,224.3,,,,23.04,19,AUTO.LOITER,0,0
2026-08-21T19:46:46,1787316407,13.821955,100.513639,,,-0.3,-1.8,-135.7,224.3,,,,23.04,19,AUTO.LOITER,0,0
2026-08-21T19:46:47,1787316408,13.821955,100.513639,,,-0.3,-1.8,-135.7,224.3,,,,23.04,19,AUTO.LOITER,0,0
2026-08-21T19:46:48,1787316409,13.821925,100.513528,,,-0.3,-1.8,-135.7,224.3,,,,23.04,19,AUTO.LOITER,0,0
2026-08-21T19:46:49,1787316410,13.821925,100.513528,,,-0.3,-1.8,-135.7,224.3,,,,23.04,19,AUTO.LOITER,0,0
2026-08-21T19:46:50,1787316411,13.821925,100.513528,,,-0.3,-1.8,-135.7,224.3,,,,23.04,19,AUTO.LOITER,0,0
2026-08-21T19:46:51,1787316412,13.821925,100.513528,,,-0.3,-1.8,-135.7,224.3,,,,23.04,18,AUTO.LOITER,0,0
2026-08-21T19:46:52,1787316413,13.821916,100.513515,,,-0.3,-1.8,-135.7,224.3,,,,23.04,18,AUTO.LOITER,0,0
2026-08-21T19:46:53,1787316414,13.821916,100.513515,,,-0.3,-1.8,-135.7,224.3,,,,23.04,18,AUTO.LOITER,0,0
2026-08-21T19:46:54,1787316415,13.821916,100.513515,,,-0.3,-1.7,-135.7,224.3,,,,23.04,18,AUTO.LOITER,0,0
2026-08-21T19:46:55,1787316416,13.821916,100.513515,,,-0.3,-1.7,-135.7,224.3,,,,23.04,18,AUTO.LOITER,0,0
2026-08-21T19:46:56,1787316417,13.821921,100.513466,,,-0.3,-1.7,-135.7,224.3,,,,23.04,18,AUTO.LOITER,0,0
2026-08-21T19:46:57,1787316418,13.821921,100.513466,,,-0.3,-1.7,-135.7,224.3,,,,23.04,18,AUTO.LOITER,0,0
2026-08-21T19:46:58,1787316419,13.821921,100.513466,,,-0.3,-1.7,-135.7,224.3,,,,23.04,18,AUTO.LOITER,0,0
2026-08-21T19:46:59,1787316420,13.821921,100.513466,,,-0.3,-1.7,-135.7,224.3,,,,23.04,18,AUTO.LOITER,0,0
2026-08-21T19:47:00,1787316421,13.821921,100.513466,,,-0.3,-1.7,-135.7,224.3,,,,23.04,18,AUTO.LOITER,0,0
2026-08-21T19:47:01,1787316422,13.821921,100.513466,,,-0.3,-1.7,-135.7,224.3,,,,23.04,18,AUTO.LOITER,0,0
2026-08-21T19:47:02,1787316423,13.821921,100.513466,,,-0.3,-1.7,-135.7,224.3,,,,23.04,18,AUTO.LOITER,0,0
2026-08-21T19:47:03,1787316424,13.821921,100.513466,,,-0.3,-1.7,-135.7,224.3,,,,23.04,18,AUTO.LOITER,0,0
2026-08-21T19:47:04,1787316425,13.821921,100.513466,,,-0.3,-1.8,-135.7,224.3,,,,23.04,18,AUTO.LOITER,0,0
2026-08-21T19:47:05,1787316426,13.821921,100.513466,,,-0.3,-1.8,-135.7,224.3,,,,23.04,18,AUTO.LOITER,0,0
2026-08-21T19:47:06,1787316427,13.821921,100.513466,,,-0.3,-1.8,-135.7,224.3,,,,23.04,18,AUTO.LOITER,0,0
2026-08-21T19:47:07,1787316428,13.821921,100.513466,,,-0.3,-1.8,-135.7,224.3,,,,23.04,18,AUTO.LOITER,0,0
2026-08-21T19:47:08,1787316429,13.821921,100.513466,,,-0.3,-1.8,-135.7,224.3,,,,23.04,18,AUTO.LOITER,0,0
2026-08-21T19:47:09,1787316430,13.821921,100.513466,,,-0.3,-1.8,-135.7,224.3,,,,23.04,18,AUTO.LOITER,0,0
2026-08-21T19:47:10,1787316431,13.821921,100.513466,,,-0.3,-1.8,-135.7,224.3,,,,23.04,18,AUTO.LOITER,0,0
2026-08-21T19:47:11,1787316432,13.821921,100.513466,,,-0.3,-1.8,-135.7,224.3,,,,23.04,18,AUTO.LOITER,0,0
2026-08-21T19:47:12,1787316433,13.821921,100.513466,,,-0.3,-1.8,-135.7,224.3,,,,23.04,18,AUTO.LOITER,0,0
2026-08-21T19:47:13,1787316434,13.821921,100.513466,,,-0.3,-1.8,-135.7,224.3,,,,23.04,18,AUTO.LOITER,0,0
2026-08-21T19:47:14,1787316435,13.821921,100.513466,,,-0.3,-1.8,-135.7,224.3,,,,23.04,18,AUTO.LOITER,0,0
2026-08-21T19:47:15,1787316436,13.821921,100.513466,,,-0.3,-1.8,-135.7,224.3,,,,23.04,18,AUTO.LOITER,0,0
2026-08-21T19:47:16,1787316437,13.821921,100.513466,,,-0.3,-1.8,-135.7,224.3,,,,23.04,18,AUTO.LOITER,0,0
2026-08-21T19:47:17,1787316438,13.821921,100.513466,,,-0.3,-1.8,-135.7,224.3,,,,23.04,18,AUTO.LOITER,0,0
2026-08-21T19:47:18,1787316439,13.821921,100.513466,,,-0.3,-1.8,-135.7,224.3,,,,23.04,18,AUTO.LOITER,0,0
2026-08-21T19:47:19,1787316440,13.821921,100.513466,,,-0.3,-1.8,-135.7,224.3,,,,23.04,18,AUTO.LOITER,0,0
2026-08-21T19:47:20,1787316441,13.821921,100.513466,,,-0.3,-1.8,-135.7,224.3,,,,23.04,18,AUTO.LOITER,0,0
2026-08-21T19:47:21,1787316442,13.821851,100.513623,,,-0.3,-1.8,-135.7,224.3,,,,23.04,18,AUTO.LOITER,0,0
2026-08-21T19:47:22,1787316443,13.821851,100.513623,,,-0.3,-1.8,-135.7,224.3,,,,23.04,18,AUTO.LOITER,0,0
2026-08-21T19:47:23,1787316444,13.821851,100.513623,,,-0.3,-1.8,-135.7,224.3,,,,23.04,18,AUTO.LOITER,0,0
2026-08-21T19:47:24,1787316445,13.821851,100.513623,,,-0.3,-1.8,-135.7,224.3,,,,23.04,18,AUTO.LOITER,0,0
2026-08-21T19:47:25,1787316446,13.821851,100.513623,,,-0.3,-1.8,-135.7,224.3,,,,23.04,18,AUTO.LOITER,0,0
2026-08-21T19:47:26,1787316447,13.821851,100.513623,,,-0.3,-1.8,-135.7,224.3,,,,23.04,18,AUTO.LOITER,0,0
2026-08-21T19:47:27,1787316448,13.821851,100.513623,,,-0.3,-1.8,-135.7,224.3,,,,23.04,18,AUTO.LOITER,0,0
2026-08-21T19:47:28,1787316449,13.821851,100.513623,,,-0.3,-1.8,-135.7,224.3,,,,23.04,18,AUTO.LOITER,0,0
2026-08-21T19:47:30,1787316451,13.821845,100.513649,,,-0.3,-1.8,-135.7,224.3,,,,23.04,18,AUTO.LOITER,0,0
2026-08-21T19:47:31,1787316452,13.821845,100.513649,,,-0.3,-1.8,-135.7,224.3,,,,23.04,18,AUTO.LOITER,0,0
2026-08-21T19:47:32,1787316453,13.821845,100.513649,,,-0.3,-1.8,-135.7,224.3,,,,23.04,18,AUTO.LOITER,0,0
2026-08-21T19:47:33,1787316454,13.821845,100.513649,,,-0.3,-1.8,-135.7,224.3,,,,23.04,18,AUTO.LOITER,0,0
2026-08-21T19:47:34,1787316455,13.821879,100.513656,,,-0.3,-1.8,-135.7,224.3,,,,23.04,18,AUTO.LOITER,0,0
2026-08-21T19:47:35,1787316456,13.821879,100.513656,,,-0.3,-1.8,-135.7,224.3,,,,23.04,18,AUTO.LOITER,0,0
2026-08-21T19:47:36,1787316457,13.821879,100.513656,,,-0.3,-1.8,-135.7,224.3,,,,23.04,18,AUTO.LOITER,0,0
2026-08-21T19:47:37,1787316458,13.821879,100.513656,,,-0.3,-1.8,-135.7,224.3,,,,23.04,18,AUTO.LOITER,0,0
2026-08-21T19:47:38,1787316459,13.821879,100.513656,,,-0.3,-1.8,-135.7,224.3,,,,23.04,18,AUTO.LOITER,0,0
2026-08-21T19:47:39,1787316460,13.821879,100.513656,,,-0.3,-1.8,-135.7,224.3,,,,23.04,18,AUTO.LOITER,0,0
2026-08-21T19:47:40,1787316461,13.821879,100.513656,,,-0.3,-1.8,-135.7,224.3,,,,23.04,18,AUTO.LOITER,0,0
2026-08-21T19:47:41,1787316462,13.821879,100.513656,,,-0.3,-1.8,-135.7,224.3,,,,23.04,18,AUTO.LOITER,0,0
2026-08-21T19:47:42,1787316463,13.821879,100.513656,,,-0.3,-1.8,-135.7,224.3,,,,23.04,18,AUTO.LOITER,0,0
2026-08-21T19:47:43,1787316464,13.821904,100.513663,,,-0.3,-1.8,-135.7,224.3,,,,23.04,18,AUTO.LOITER,0,0
2026-08-21T19:47:44,1787316465,13.821904,100.513663,,,-0.3,-1.8,-135.7,224.3,,,,23.04,18,AUTO.LOITER,0,0
2026-08-21T19:47:45,1787316466,13.821904,100.513663,,,-0.3,-1.8,-135.7,224.3,,,,23.04,18,AUTO.LOITER,0,0
2026-08-21T19:47:46,1787316467,13.821904,100.513663,,,-0.3,-1.8,-135.7,224.3,,,,23.04,18,AUTO.LOITER,0,0
2026-08-21T19:47:47,1787316468,13.821904,100.513663,,,-0.3,-1.8,-135.7,224.3,,,,23.04,18,AUTO.LOITER,0,0
2026-08-21T19:47:48,1787316469,13.821904,100.513663,,,-0.3,-1.8,-135.7,224.3,,,,23.04,18,AUTO.LOITER,0,0
2026-08-21T19:47:49,1787316470,13.821904,100.513663,,,-0.3,-1.8,-135.7,224.3,,,,23.04,18,AUTO.LOITER,0,0
2026-08-21T19:47:50,1787316471,13.821904,100.513663,,,-0.3,-1.8,-135.7,224.3,,,,23.04,18,AUTO.LOITER,0,0
2026-08-21T19:47:51,1787316472,13.821904,100.513663,,,-0.3,-1.8,-135.7,224.3,,,,23.04,18,AUTO.LOITER,0,0
2026-08-21T19:47:52,1787316473,13.821904,100.513663,,,-0.3,-1.8,-135.7,224.3,,,,23.04,18,AUTO.LOITER,0,0
2026-08-21T19:47:53,1787316474,13.821904,100.513663,,,-0.3,-1.8,-135.7,224.3,,,,23.04,18,AUTO.LOITER,0,0
2026-08-21T19:47:54,1787316475,13.821904,100.513663,,,-0.3,-1.8,-135.7,224.3,,,,23.04,18,AUTO.LOITER,0,0
2026-08-21T19:47:55,1787316476,13.821904,100.513663,,,-0.3,-1.8,-135.7,224.3,,,,23.04,18,AUTO.LOITER,0,0
2026-08-21T19:47:56,1787316477,13.821896,100.513646,,,-0.3,-1.8,-135.7,224.3,,,,23.04,18,AUTO.LOITER,0,0
2026-08-21T19:47:57,1787316478,13.821896,100.513646,,,-0.3,-1.8,-135.7,224.3,,,,23.04,18,AUTO.LOITER,0,0
2026-08-21T19:47:59,1787316480,13.821896,100.513646,,,-0.3,-1.8,-135.7,224.3,,,,23.04,18,AUTO.LOITER,0,0
2026-08-21T19:48:00,1787316481,13.821896,100.513646,,,-0.3,-1.8,-135.7,224.3,,,,23.04,18,AUTO.LOITER,0,0
2026-08-21T19:48:01,1787316482,13.821886,100.513636,,,-0.3,-1.7,-135.7,224.3,,,,23.04,18,AUTO.LOITER,0,0
2026-08-21T19:48:02,1787316483,13.821886,100.513636,,,-0.3,-1.7,-135.7,224.3,,,,23.04,18,AUTO.LOITER,0,0
2026-08-21T19:48:03,1787316484,13.821886,100.513636,,,-0.3,-1.7,-135.7,224.3,,,,23.04,18,AUTO.LOITER,0,0
2026-08-21T19:48:04,1787316485,13.821886,100.513636,,,-0.3,-1.7,-135.7,224.3,,,,23.04,18,AUTO.LOITER,0,0
2026-08-21T19:48:05,1787316486,13.821871,100.513625,,,-0.3,-1.7,-135.7,224.3,,,,23.04,18,AUTO.LOITER,0,0
2026-08-21T19:48:06,1787316487,13.821871,100.513625,,,-0.3,-1.7,-135.7,224.3,,,,23.04,18,AUTO.LOITER,0,0
2026-08-21T19:48:07,1787316488,13.821871,100.513625,,,-0.3,-1.7,-135.7,224.3,,,,23.04,18,AUTO.LOITER,0,0
2026-08-21T19:48:08,1787316489,13.821871,100.513625,,,-0.3,-1.7,-135.7,224.3,,,,23.04,18,AUTO.LOITER,0,0
2026-08-21T19:48:09,1787316490,13.821871,100.513625,,,-0.3,-1.7,-135.7,224.3,,,,23.04,18,AUTO.LOITER,0,0
2026-08-21T19:48:10,1787316491,13.821867,100.513609,,,-0.3,-1.7,-135.7,224.3,,,,23.04,18,AUTO.LOITER,0,0
2026-08-21T19:48:11,1787316492,13.821867,100.513609,,,-0.3,-1.7,-135.6,224.4,,,,23.04,18,AUTO.LOITER,0,0
2026-08-21T19:48:12,1787316493,13.821867,100.513609,,,-0.3,-1.7,-135.6,224.4,,,,23.04,18,AUTO.LOITER,0,0
2026-08-21T19:48:13,1787316494,13.821867,100.513609,,,-0.3,-1.7,-135.7,224.3,,,,23.04,18,AUTO.LOITER,0,0
2026-08-21T19:48:14,1787316495,13.821867,100.513609,,,-0.3,-1.7,-135.7,224.3,,,,23.04,18,AUTO.LOITER,0,0
2026-08-21T19:48:15,1787316496,13.821874,100.513605,,,-0.3,-1.7,-135.7,224.3,,,,23.04,18,AUTO.LOITER,0,0
2026-08-21T19:48:16,1787316497,13.821874,100.513605,,,-0.3,-1.7,-135.7,224.3,,,,23.04,18,AUTO.LOITER,0,0
2026-08-21T19:48:17,1787316498,13.821874,100.513605,,,-0.3,-1.7,-135.7,224.3,,,,23.04,18,AUTO.LOITER,0,0
2026-08-21T19:48:18,1787316499,13.821874,100.513605,,,-0.3,-1.7,-135.7,224.3,,,,23.04,18,AUTO.LOITER,0,0
2026-08-21T19:48:19,1787316500,13.821874,100.513605,,,-0.3,-1.7,-135.7,224.3,,,,23.04,18,AUTO.LOITER,0,0
2026-08-21T19:48:20,1787316501,13.821861,100.51358,,,-0.3,-1.8,-135.7,224.3,,,,23.04,18,AUTO.LOITER,0,0
2026-08-21T19:48:21,1787316502,13.821861,100.51358,,,-0.3,-1.8,-135.7,224.3,,,,23.04,18,AUTO.LOITER,0,0
2026-08-21T19:48:22,1787316503,13.821861,100.51358,,,-0.3,-1.8,-135.7,224.3,,,,23.04,18,AUTO.LOITER,0,0
2026-08-21T19:48:23,1787316504,13.821861,100.51358,,,-0.3,-1.7,-135.6,224.4,,,,23.04,18,AUTO.LOITER,0,0
2026-08-21T19:48:24,1787316505,13.821861,100.51358,,,-0.3,-1.7,-135.6,224.4,,,,23.04,18,AUTO.LOITER,0,0
2026-08-21T19:48:25,1787316506,13.821858,100.513553,,,-0.3,-1.7,-135.6,224.4,,,,23.04,18,AUTO.LOITER,0,0
2026-08-21T19:48:26,1787316507,13.821858,100.513553,,,-0.3,-1.7,-135.6,224.4,,,,23.04,18,AUTO.LOITER,0,0
2026-08-21T19:48:27,1787316508,13.821858,100.513553,,,-0.3,-1.7,-135.6,224.4,,,,23.04,18,AUTO.LOITER,0,0
2026-08-21T19:48:28,1787316509,13.821858,100.513553,,,-0.3,-1.7,-135.6,224.4,,,,23.04,18,AUTO.LOITER,0,0
2026-08-21T19:48:29,1787316510,13.821858,100.513553,,,-0.3,-1.7,-135.6,224.4,,,,23.04,18,AUTO.LOITER,0,0
2026-08-21T19:48:30,1787316511,13.821858,100.513553,,,-0.3,-1.7,-135.6,224.4,,,,23.04,18,AUTO.LOITER,0,0
2026-08-21T19:48:31,1787316512,13.821858,100.513553,,,-0.3,-1.7,-135.6,224.4,,,,23.04,18,AUTO.LOITER,0,0
2026-08-21T19:48:32,1787316513,13.821858,100.513553,,,-0.3,-1.7,-135.6,224.4,,,,23.04,18,AUTO.LOITER,0,0
2026-08-21T19:48:33,1787316514,13.821858,100.513553,,,-0.3,-1.7,-135.7,224.3,,,,23.04,18,AUTO.LOITER,0,0
2026-08-21T19:48:34,1787316515,13.821858,100.513553,,,-0.3,-1.7,-135.7,224.3,,,,23.04,18,AUTO.LOITER,0,0
2026-08-21T19:48:35,1787316516,13.82186,100.513552,,,-0.2,-1.7,-135.7,224.3,,,,23.04,18,AUTO.LOITER,0,0
2026-08-21T19:48:36,1787316517,13.82186,100.513552,,,-0.2,-1.7,-135.7,224.3,,,,23.04,18,AUTO.LOITER,0,0
2026-08-21T19:48:37,1787316518,13.82186,100.513552,,,-0.2,-1.8,-135.7,224.3,,,,23.04,18,AUTO.LOITER,0,0
2026-08-21T19:48:38,1787316519,13.82186,100.513552,,,-0.2,-1.8,-135.7,224.3,,,,23.04,18,AUTO.LOITER,0,0
2026-08-21T19:48:39,1787316520,13.82186,100.513552,,,-0.2,-1.8,-135.7,224.3,,,,23.04,18,AUTO.LOITER,0,0
2026-08-21T19:48:40,1787316521,13.821866,100.513569,,,-0.2,-1.8,-135.7,224.3,,,,23.04,18,AUTO.LOITER,0,0
2026-08-21T19:48:41,1787316522,13.821866,100.513569,,,-0.2,-1.8,-135.7,224.3,,,,23.04,18,AUTO.LOITER,0,0
2026-08-21T19:48:42,1787316523,13.821866,100.513569,,,-0.3,-1.8,-135.7,224.3,,,,23.04,18,AUTO.LOITER,0,0
2026-08-21T19:48:43,1787316524,13.821866,100.513569,,,-0.3,-1.8,-135.7,224.3,,,,23.04,18,AUTO.LOITER,0,0
2026-08-21T19:48:44,1787316525,13.821866,100.513569,,,-0.3,-1.8,-135.7,224.3,,,,23.04,18,AUTO.LOITER,0,0
2026-08-21T19:48:45,1787316526,13.821866,100.513569,,,-0.3,-1.8,-135.7,224.3,,,,23.04,18,AUTO.LOITER,0,0
2026-08-21T19:48:46,1787316527,13.821866,100.513569,,,-0.3,-1.8,-135.7,224.3,,,,23.04,18,AUTO.LOITER,0,0
2026-08-21T19:48:47,1787316528,13.821866,100.513569,,,-0.3,-1.8,-135.7,224.3,,,,23.04,18,AUTO.LOITER,0,0
2026-08-21T19:48:48,1787316529,13.821866,100.513569,,,-0.3,-1.8,-135.7,224.3,,,,23.04,18,AUTO.LOITER,0,0
2026-08-21T19:48:49,1787316530,13.821866,100.513569,,,-0.3,-1.8,-135.7,224.3,,,,23.04,18,AUTO.LOITER,0,0
2026-08-21T19:48:50,1787316531,13.821866,100.513569,,,-0.3,-1.8,-135.7,224.3,,,,23.04,18,AUTO.LOITER,0,0
2026-08-21T19:48:51,1787316532,13.821954,100.513653,,,-0.3,-1.8,-135.7,224.3,,,,23.04,18,AUTO.LOITER,0,0
2026-08-21T19:48:52,1787316533,13.821954,100.513653,,,-0.3,-1.8,-135.7,224.3,,,,23.03,18,AUTO.LOITER,0,0
2026-08-21T19:48:53,1787316534,13.821954,100.513653,,,-0.3,-1.8,-135.7,224.3,,,,23.03,18,AUTO.LOITER,0,0
2026-08-21T19:48:54,1787316535,13.821954,100.513653,,,-0.3,-1.8,-135.7,224.3,,,,23.03,18,AUTO.LOITER,0,0
2026-08-21T19:48:55,1787316536,13.821954,100.513653,,,-0.3,-1.8,-135.7,224.3,,,,23.03,18,AUTO.LOITER,0,0
2026-08-21T19:48:56,1787316537,13.821954,100.513653,,,-0.3,-1.8,-135.7,224.3,,,,23.03,18,AUTO.LOITER,0,0
2026-08-21T19:48:57,1787316538,13.821954,100.513653,,,-0.3,-1.8,-135.7,224.3,,,,23.03,18,AUTO.LOITER,0,0
2026-08-21T19:48:58,1787316539,13.821954,100.513653,,,-0.3,-1.8,-135.7,224.3,,,,23.03,18,AUTO.LOITER,0,0
2026-08-21T19:48:59,1787316540,13.821954,100.513653,,,-0.3,-1.8,-135.7,224.3,,,,23.03,18,AUTO.LOITER,0,0
2026-08-21T19:49:00,1787316541,13.821954,100.513653,,,-0.3,-1.8,-135.7,224.3,,,,23.03,18,AUTO.LOITER,0,0
2026-08-21T19:49:01,1787316542,13.821954,100.513653,,,-0.3,-1.8,-135.7,224.3,,,,23.03,18,AUTO.LOITER,0,0
2026-08-21T19:49:02,1787316543,13.821954,100.513653,,,-0.3,-1.8,-135.7,224.3,,,,23.03,18,AUTO.LOITER,0,0
2026-08-21T19:49:03,1787316544,13.82208,100.513762,,,-0.3,-1.8,-135.7,224.3,,,,23.03,18,AUTO.LOITER,0,0
2026-08-21T19:49:04,1787316545,13.82208,100.513762,,,-0.3,-1.8,-135.7,224.3,,,,23.03,18,AUTO.LOITER,0,0
2026-08-21T19:49:05,1787316546,13.82208,100.513762,,,-0.3,-1.8,-135.7,224.3,,,,23.03,18,AUTO.LOITER,0,0
2026-08-21T19:49:06,1787316547,13.82208,100.513762,,,-0.3,-1.8,-135.7,224.3,,,,23.03,18,AUTO.LOITER,0,0
2026-08-21T19:49:07,1787316548,13.82208,100.513762,,,-0.3,-1.8,-135.7,224.3,,,,23.03,18,AUTO.LOITER,0,0
2026-08-21T19:49:08,1787316549,13.82208,100.513762,,,-0.3,-1.8,-135.7,224.3,,,,23.03,18,AUTO.LOITER,0,0
2026-08-21T19:49:09,1787316550,13.82208,100.513762,,,-0.3,-1.8,-135.7,224.3,,,,23.03,18,AUTO.LOITER,0,0
2026-08-21T19:49:10,1787316551,13.822078,100.513764,,,-0.3,-1.8,-135.7,224.3,,,,23.03,18,AUTO.LOITER,0,0
2026-08-21T19:49:11,1787316552,13.822078,100.513764,,,-0.3,-1.8,-135.7,224.3,,,,23.03,18,AUTO.LOITER,0,0
2026-08-21T19:49:12,1787316553,13.822078,100.513764,,,-0.3,-1.8,-135.7,224.3,,,,23.03,18,AUTO.LOITER,0,0
2026-08-21T19:49:13,1787316554,13.822078,100.513764,,,-0.3,-1.8,-135.7,224.3,,,,23.03,18,AUTO.LOITER,0,0
2026-08-21T19:49:14,1787316555,13.822078,100.513764,,,-0.3,-1.8,-135.7,224.3,,,,23.03,18,AUTO.LOITER,0,0
2026-08-21T19:49:15,1787316556,13.822078,100.513764,,,-0.3,-1.7,-135.7,224.3,,,,23.03,18,AUTO.LOITER,0,0
2026-08-21T19:49:16,1787316557,13.822078,100.513764,,,-0.3,-1.7,-135.7,224.3,,,,23.03,18,AUTO.LOITER,0,0
2026-08-21T19:49:17,1787316558,13.822078,100.513764,,,-0.3,-1.7,-135.7,224.3,,,,23.03,18,AUTO.LOITER,0,0
2026-08-21T19:49:18,1787316559,13.822069,100.513704,,,-0.3,-1.7,-135.7,224.3,,,,23.03,18,AUTO.LOITER,0,0
2026-08-21T19:49:19,1787316560,13.822069,100.513704,,,-0.3,-1.7,-135.7,224.3,,,,23.03,18,AUTO.LOITER,0,0
2026-08-21T19:49:20,1787316561,13.822069,100.513704,,,-0.3,-1.8,-135.7,224.3,,,,23.03,18,AUTO.LOITER,0,0
2026-08-21T19:49:21,1787316562,13.822069,100.513704,,,-0.3,-1.8,-135.7,224.3,,,,23.03,18,AUTO.LOITER,0,0
2026-08-21T19:49:22,1787316563,13.822069,100.513704,,,-0.3,-1.8,-135.7,224.3,,,,23.03,18,AUTO.LOITER,0,0
2026-08-21T19:49:23,1787316564,13.822069,100.513704,,,-0.3,-1.8,-135.7,224.3,,,,23.03,18,AUTO.LOITER,0,0
2026-08-21T19:49:24,1787316565,13.822069,100.513704,,,-0.3,-1.8,-135.7,224.3,,,,23.03,18,AUTO.LOITER,0,0
2026-08-21T19:49:25,1787316566,13.822069,100.513704,,,-0.3,-1.8,-135.7,224.3,,,,23.03,18,AUTO.LOITER,0,0
2026-08-21T19:49:26,1787316567,13.822069,100.513704,,,-0.3,-1.8,-135.7,224.3,,,,23.03,18,AUTO.LOITER,0,0
2026-08-21T19:49:27,1787316568,13.822123,100.513616,,,-0.3,-1.8,-135.7,224.3,,,,23.03,18,AUTO.LOITER,0,0
2026-08-21T19:49:28,1787316569,13.822123,100.513616,,,-0.3,-1.8,-135.7,224.3,,,,23.03,18,AUTO.LOITER,0,0
2026-08-21T19:49:29,1787316570,13.822123,100.513616,,,-0.3,-1.7,-135.7,224.3,,,,23.03,18,AUTO.LOITER,0,0
2026-08-21T19:49:30,1787316571,13.822123,100.513616,,,-0.3,-1.7,-135.7,224.3,,,,23.03,18,AUTO.LOITER,0,0
2026-08-21T19:49:31,1787316572,13.822123,100.513616,,,-0.3,-1.7,-135.7,224.3,,,,23.03,18,AUTO.LOITER,0,0
2026-08-21T19:49:32,1787316573,13.822123,100.513616,,,-0.3,-1.7,-135.7,224.3,,,,23.03,18,AUTO.LOITER,0,0
2026-08-21T19:49:33,1787316574,13.822123,100.513616,,,-0.3,-1.7,-135.7,224.3,,,,23.03,18,AUTO.LOITER,0,0
2026-08-21T19:49:35,1787316576,13.822123,100.513616,,,-0.3,-1.7,-135.7,224.3,,,,23.03,18,AUTO.LOITER,0,0
2026-08-21T19:49:36,1787316577,13.822123,100.513616,,,-0.3,-1.7,-135.7,224.3,,,,23.03,18,AUTO.LOITER,0,0
2026-08-21T19:49:37,1787316578,13.822289,100.513648,,,-0.3,-1.7,-135.7,224.3,,,,23.03,18,AUTO.LOITER,0,0
2026-08-21T19:49:38,1787316579,13.822289,100.513648,,,-0.3,-1.7,-135.7,224.3,,,,23.03,18,AUTO.LOITER,0,0
2026-08-21T19:49:39,1787316580,13.822289,100.513648,,,-0.3,-1.7,-135.7,224.3,,,,23.03,18,AUTO.LOITER,0,0
2026-08-21T19:49:40,1787316581,13.822289,100.513648,,,-0.3,-1.7,-135.7,224.3,,,,23.03,18,AUTO.LOITER,0,0
2026-08-21T19:49:41,1787316582,13.822289,100.513648,,,-0.3,-1.7,-135.7,224.3,,,,23.03,18,AUTO.LOITER,0,0
2026-08-21T19:49:42,1787316583,13.822289,100.513648,,,-0.3,-1.7,-135.7,224.3,,,,23.03,18,AUTO.LOITER,0,0
2026-08-21T19:49:43,1787316584,13.822289,100.513648,,,-0.3,-1.7,-135.7,224.3,,,,23.03,18,AUTO.LOITER,0,0
2026-08-21T19:49:44,1787316585,13.822289,100.513648,,,-0.3,-1.7,-135.7,224.3,,,,23.03,18,AUTO.LOITER,0,0
2026-08-21T19:49:45,1787316586,13.822289,100.513648,,,-0.3,-1.7,-135.7,224.3,,,,23.03,18,AUTO.LOITER,0,0
2026-08-21T19:49:46,1787316587,13.822289,100.513648,,,-0.3,-1.7,-135.7,224.3,,,,23.03,18,AUTO.LOITER,0,0
2026-08-21T19:49:47,1787316588,13.822289,100.513648,,,-0.3,-1.8,-135.7,224.3,,,,23.03,18,AUTO.LOITER,0,0
2026-08-21T19:49:48,1787316589,13.822289,100.513648,,,-0.3,-1.8,-135.7,224.3,,,,23.03,18,AUTO.LOITER,0,0
2026-08-21T19:49:49,1787316590,13.822289,100.513742,,,-0.3,-1.8,-135.7,224.3,,,,23.03,18,AUTO.LOITER,0,0
2026-08-21T19:49:50,1787316591,13.822289,100.513742,,,-0.3,-1.8,-135.7,224.3,,,,23.03,18,AUTO.LOITER,0,0
2026-08-21T19:49:51,1787316592,13.822289,100.513742,,,-0.3,-1.7,-135.7,224.3,,,,23.03,18,AUTO.LOITER,0,0
2026-08-21T19:49:52,1787316593,13.822289,100.513742,,,-0.3,-1.7,-135.7,224.3,,,,23.03,18,AUTO.LOITER,0,0
2026-08-21T19:49:53,1787316594,13.822289,100.513742,,,-0.3,-1.7,-135.7,224.3,,,,23.03,18,AUTO.LOITER,0,0
2026-08-21T19:49:54,1787316595,13.822289,100.513742,,,-0.3,-1.7,-135.7,224.3,,,,23.03,18,AUTO.LOITER,0,0
2026-08-21T19:49:55,1787316596,13.822179,100.513683,,,-0.3,-1.7,-135.7,224.3,,,,23.03,18,AUTO.LOITER,0,0
2026-08-21T19:49:56,1787316597,13.822179,100.513683,,,-0.3,-1.8,-135.7,224.3,,,,23.03,18,AUTO.LOITER,0,0
2026-08-21T19:49:57,1787316598,13.822179,100.513683,,,-0.3,-1.8,-135.7,224.3,,,,23.03,18,AUTO.LOITER,0,0
2026-08-21T19:49:58,1787316599,13.822179,100.513683,,,-0.3,-1.8,-135.7,224.3,,,,23.03,18,AUTO.LOITER,0,0
2026-08-21T19:49:59,1787316600,13.822179,100.513683,,,-0.3,-1.8,-135.7,224.3,,,,23.03,18,AUTO.LOITER,0,0
2026-08-21T19:50:00,1787316601,13.822117,100.513657,,,-0.3,-1.8,-135.7,224.3,,,,23.03,18,AUTO.LOITER,0,0
2026-08-21T19:50:01,1787316602,13.822117,100.513657,,,-0.3,-1.8,-135.7,224.3,,,,23.03,18,AUTO.LOITER,0,0
2026-08-21T19:50:02,1787316603,13.822117,100.513657,,,-0.3,-1.8,-135.7,224.3,,,,23.03,18,AUTO.LOITER,0,0
2026-08-21T19:50:03,1787316604,13.822117,100.513657,,,-0.3,-1.8,-135.7,224.3,,,,23.03,18,AUTO.LOITER,0,0
2026-08-21T19:50:04,1787316605,13.822117,100.513657,,,-0.3,-1.8,-135.7,224.3,,,,23.03,18,AUTO.LOITER,0,0
2026-08-21T19:50:05,1787316606,13.822059,100.513724,,,-0.3,-1.8,-135.7,224.3,,,,23.03,18,AUTO.LOITER,0,0
2026-08-21T19:50:06,1787316607,13.822059,100.513724,,,-0.3,-1.8,-135.7,224.3,,,,23.03,18,AUTO.LOITER,0,0
2026-08-21T19:50:07,1787316608,13.822059,100.513724,,,-0.3,-1.8,-135.7,224.3,,,,23.03,18,AUTO.LOITER,0,0
2026-08-21T19:50:08,1787316609,13.822059,100.513724,,,-0.3,-1.7,-135.7,224.3,,,,23.03,18,AUTO.LOITER,0,0
2026-08-21T19:50:09,1787316610,13.822059,100.513724,,,-0.3,-1.7,-135.7,224.3,,,,23.03,18,AUTO.LOITER,0,0
2026-08-21T19:50:10,1787316611,13.822059,100.513724,,,-0.3,-1.7,-135.7,224.3,,,,23.03,18,AUTO.LOITER,0,0
2026-08-21T19:50:11,1787316612,13.822059,100.513724,,,-0.3,-1.7,-135.7,224.3,,,,23.03,18,AUTO.LOITER,0,0
2026-08-21T19:50:12,1787316613,13.822059,100.513724,,,-0.3,-1.8,-135.7,224.3,,,,23.03,18,AUTO.LOITER,0,0
2026-08-21T19:50:13,1787316614,13.822106,100.513735,,,-0.3,-1.8,-135.7,224.3,,,,23.03,18,AUTO.LOITER,0,0
2026-08-21T19:50:14,1787316615,13.822106,100.513735,,,-0.3,-1.8,-135.7,224.3,,,,23.03,18,AUTO.LOITER,0,0
2026-08-21T19:50:15,1787316616,13.822106,100.513735,,,-0.3,-1.8,-135.7,224.3,,,,23.03,18,AUTO.LOITER,0,0
2026-08-21T19:50:16,1787316617,13.822106,100.513735,,,-0.3,-1.8,-135.7,224.3,,,,23.03,18,AUTO.LOITER,0,0
2026-08-21T19:50:17,1787316618,13.822106,100.513735,,,-0.3,-1.8,-135.7,224.3,,,,23.03,18,AUTO.LOITER,0,0
2026-08-21T19:50:18,1787316619,13.822178,100.513702,,,-0.3,-1.8,-135.7,224.3,,,,23.03,18,AUTO.LOITER,0,0
2026-08-21T19:50:19,1787316620,13.822178,100.513702,,,-0.3,-1.8,-135.7,224.3,,,,23.03,18,AUTO.LOITER,0,0
2026-08-21T19:50:21,1787316622,13.822178,100.513702,,,-0.3,-1.8,-135.7,224.3,,,,23.03,18,AUTO.LOITER,0,0
2026-08-21T19:50:22,1787316623,13.822178,100.513702,,,-0.3,-1.7,-135.7,224.3,,,,23.03,18,AUTO.LOITER,0,0
2026-08-21T19:50:23,1787316624,13.822178,100.513702,,,-0.3,-1.7,-135.7,224.3,,,,23.03,18,AUTO.LOITER,0,0
2026-08-21T19:50:24,1787316625,13.822178,100.513702,,,-0.3,-1.7,-135.7,224.3,,,,23.03,18,AUTO.LOITER,0,0
2026-08-21T19:50:25,1787316626,13.822178,100.513702,,,-0.3,-1.7,-135.7,224.3,,,,23.03,18,AUTO.LOITER,0,0
2026-08-21T19:50:26,1787316627,13.822178,100.513702,,,-0.2,-1.7,-135.7,224.3,,,,23.03,18,AUTO.LOITER,0,0
2026-08-21T19:50:27,1787316628,13.822178,100.513702,,,-0.2,-1.7,-135.7,224.3,,,,23.02,18,AUTO.LOITER,0,0
2026-08-21T19:50:28,1787316629,13.822178,100.513702,,,-0.2,-1.7,-135.7,224.3,,,,23.02,18,AUTO.LOITER,0,0
2026-08-21T19:50:32,1787316633,13.822035,100.513871,,,-0.3,-1.8,-135.7,224.3,,,,23.02,18,AUTO.LOITER,0,0
2026-08-21T19:50:33,1787316634,13.822035,100.513871,,,-0.3,-1.8,-135.7,224.3,,,,23.02,18,AUTO.LOITER,0,0
2026-08-21T19:50:34,1787316635,13.822035,100.513871,,,-0.3,-1.8,-135.7,224.3,,,,23.02,18,AUTO.LOITER,0,0
2026-08-21T19:50:35,1787316636,13.822035,100.513871,,,-0.3,-1.8,-135.7,224.3,,,,23.02,18,AUTO.LOITER,0,0
2026-08-21T19:50:36,1787316637,13.821968,100.513873,,,-0.3,-1.8,-135.7,224.3,,,,23.02,18,AUTO.LOITER,0,0
2026-08-21T19:50:37,1787316638,13.821968,100.513873,,,-0.3,-1.8,-135.7,224.3,,,,23.02,18,AUTO.LOITER,0,0
2026-08-21T19:50:41,1787316642,13.821926,100.513835,,,-0.3,-1.8,-135.7,224.3,,,,23.02,18,AUTO.LOITER,0,0
2026-08-21T19:50:42,1787316643,13.821926,100.513835,,,-0.3,-1.8,-135.7,224.3,,,,23.02,18,AUTO.LOITER,0,0
2026-08-21T19:50:43,1787316644,13.821926,100.513835,,,-0.3,-1.8,-135.7,224.3,,,,23.02,18,AUTO.LOITER,0,0
2026-08-21T19:50:44,1787316645,13.821926,100.513835,,,-0.3,-1.8,-135.7,224.3,,,,23.02,18,AUTO.LOITER,0,0
2026-08-21T19:50:45,1787316646,13.82189,100.513797,,,-0.3,-1.8,-135.7,224.3,,,,23.02,18,AUTO.LOITER,0,0
2026-08-21T19:50:46,1787316647,13.82189,100.513797,,,-0.3,-1.8,-135.7,224.3,,,,23.02,18,AUTO.LOITER,0,0
2026-08-21T19:50:47,1787316648,13.82189,100.513797,,,-0.3,-1.8,-135.7,224.3,,,,23.02,18,AUTO.LOITER,0,0
2026-08-21T19:50:49,1787316650,13.82189,100.513797,,,-0.3,-1.8,-135.7,224.3,,,,23.02,18,AUTO.LOITER,0,0
2026-08-21T19:50:50,1787316651,13.821817,100.513796,,,-0.3,-1.8,-135.7,224.3,,,,23.02,18,AUTO.LOITER,0,0
2026-08-21T19:50:51,1787316652,13.821817,100.513796,,,-0.3,-1.8,-135.7,224.3,,,,23.02,18,AUTO.LOITER,0,0
2026-08-21T19:50:52,1787316653,13.821817,100.513796,,,-0.3,-1.8,-135.7,224.3,,,,23.02,18,AUTO.LOITER,0,0
2026-08-21T19:50:53,1787316654,13.821817,100.513796,,,-0.3,-1.8,-135.7,224.3,,,,23.02,18,AUTO.LOITER,0,0
2026-08-21T19:50:54,1787316655,13.821817,100.513796,,,-0.3,-1.7,-135.7,224.3,,,,23.02,18,AUTO.LOITER,0,0
2026-08-21T19:50:55,1787316656,13.821786,100.513747,,,-0.3,-1.7,-135.7,224.3,,,,23.02,18,AUTO.LOITER,0,0
2026-08-21T19:50:56,1787316657,13.821786,100.513747,,,-0.3,-1.7,-135.7,224.3,,,,23.02,18,AUTO.LOITER,0,0
2026-08-21T19:50:57,1787316658,13.821786,100.513747,,,-0.3,-1.7,-135.7,224.3,,,,23.02,18,AUTO.LOITER,0,0
2026-08-21T19:50:58,1787316659,13.821786,100.513747,,,-0.3,-1.7,-135.7,224.3,,,,23.02,18,AUTO.LOITER,0,0
2026-08-21T19:50:59,1787316660,13.821786,100.513747,,,-0.3,-1.8,-135.6,224.4,,,,23.02,18,AUTO.LOITER,0,0
2026-08-21T19:51:00,1787316661,13.821761,100.51373,,,-0.3,-1.8,-135.6,224.4,,,,23.02,18,AUTO.LOITER,0,0
2026-08-21T19:51:01,1787316662,13.821761,100.51373,,,-0.3,-1.8,-135.6,224.4,,,,23.02,18,AUTO.LOITER,0,0
2026-08-21T19:51:02,1787316663,13.821761,100.51373,,,-0.3,-1.8,-135.6,224.4,,,,23.02,18,AUTO.LOITER,0,0
2026-08-21T19:51:03,1787316664,13.821761,100.51373,,,-0.3,-1.8,-135.6,224.4,,,,23.02,18,AUTO.LOITER,0,0
2026-08-21T19:51:04,1787316665,13.821752,100.513724,,,-0.3,-1.8,-135.6,224.4,,,,23.02,18,AUTO.LOITER,0,0
2026-08-21T19:51:05,1787316666,13.821752,100.513724,,,-0.3,-1.8,-135.6,224.4,,,,23.02,18,AUTO.LOITER,0,0
2026-08-21T19:51:06,1787316667,13.821752,100.513724,,,-0.3,-1.8,-135.6,224.4,,,,23.02,18,AUTO.LOITER,0,0
2026-08-21T19:51:07,1787316668,13.821752,100.513724,,,-0.3,-1.8,-135.6,224.4,,,,23.02,18,AUTO.LOITER,0,0
2026-08-21T19:51:08,1787316669,13.821738,100.51373,,,-0.3,-1.8,-135.6,224.4,,,,23.02,18,AUTO.LOITER,0,0
2026-08-21T19:51:09,1787316670,13.821738,100.51373,,,-0.3,-1.8,-135.6,224.4,,,,23.02,18,AUTO.LOITER,0,0
2026-08-21T19:51:10,1787316671,13.821738,100.51373,,,-0.3,-1.8,-135.6,224.4,,,,23.02,18,AUTO.LOITER,0,0
2026-08-21T19:51:11,1787316672,13.821738,100.51373,,,-0.3,-1.8,-135.6,224.4,,,,23.02,18,AUTO.LOITER,0,0
2026-08-21T19:51:12,1787316673,13.821738,100.51373,,,-0.3,-1.7,-135.7,224.3,,,,23.02,18,AUTO.LOITER,0,0
2026-08-21T19:51:13,1787316674,13.821738,100.51373,,,-0.3,-1.7,-135.7,224.3,,,,23.02,18,AUTO.LOITER,0,0
2026-08-21T19:51:14,1787316675,13.821738,100.51373,,,-0.3,-1.7,-135.7,224.3,,,,23.02,18,AUTO.LOITER,0,0
2026-08-21T19:51:15,1787316676,13.821738,100.51373,,,-0.3,-1.7,-135.7,224.3,,,,23.02,18,AUTO.LOITER,0,0
2026-08-21T19:51:16,1787316677,13.821738,100.51373,,,-0.3,-1.7,-135.7,224.3,,,,23.02,18,AUTO.LOITER,0,0
2026-08-21T19:51:17,1787316678,13.821738,100.51373,,,-0.3,-1.7,-135.7,224.3,,,,23.02,18,AUTO.LOITER,0,0
2026-08-21T19:51:18,1787316679,13.821715,100.513739,,,-0.3,-1.7,-135.7,224.3,,,,23.02,18,AUTO.LOITER,0,0
2026-08-21T19:51:19,1787316680,13.821715,100.513739,,,-0.3,-1.7,-135.7,224.3,,,,23.02,18,AUTO.LOITER,0,0
2026-08-21T19:51:20,1787316681,13.821715,100.513739,,,-0.3,-1.7,-135.7,224.3,,,,23.02,18,AUTO.LOITER,0,0
2026-08-21T19:51:21,1787316682,13.821715,100.513739,,,-0.3,-1.7,-135.7,224.3,,,,23.02,18,AUTO.LOITER,0,0
2026-08-21T19:51:22,1787316683,13.821715,100.513739,,,-0.3,-1.7,-135.7,224.3,,,,23.02,18,AUTO.LOITER,0,0
2026-08-21T19:51:23,1787316684,13.821715,100.513739,,,-0.3,-1.7,-135.7,224.3,,,,23.02,18,AUTO.LOITER,0,0
2026-08-21T19:51:24,1787316685,13.821715,100.513739,,,-0.3,-1.7,-135.7,224.3,,,,23.02,18,AUTO.LOITER,0,0
2026-08-21T19:51:25,1787316686,13.821715,100.513739,,,-0.3,-1.8,-135.7,224.3,,,,23.02,18,AUTO.LOITER,0,0
2026-08-21T19:51:26,1787316687,13.821715,100.513739,,,-0.3,-1.8,-135.7,224.3,,,,23.02,18,AUTO.LOITER,0,0
2026-08-21T19:51:27,1787316688,13.821715,100.513739,,,-0.3,-1.8,-135.7,224.3,,,,23.02,18,AUTO.LOITER,0,0
2026-08-21T19:51:28,1787316689,13.821715,100.513739,,,-0.3,-1.8,-135.7,224.3,,,,23.02,18,AUTO.LOITER,0,0
2026-08-21T19:51:29,1787316690,13.821741,100.513674,,,-0.3,-1.8,-135.7,224.3,,,,23.02,18,AUTO.LOITER,0,0
2026-08-21T19:51:30,1787316691,13.821741,100.513674,,,-0.3,-1.8,-135.7,224.3,,,,23.02,18,AUTO.LOITER,0,0
2026-08-21T19:51:31,1787316692,13.821741,100.513674,,,-0.3,-1.8,-135.7,224.3,,,,23.02,18,AUTO.LOITER,0,0
2026-08-21T19:51:32,1787316693,13.821741,100.513674,,,-0.3,-1.8,-135.7,224.3,,,,23.02,18,AUTO.LOITER,0,0
2026-08-21T19:51:33,1787316694,13.821741,100.513674,,,-0.3,-1.8,-135.7,224.3,,,,23.02,18,AUTO.LOITER,0,0
2026-08-21T19:51:34,1787316695,13.821808,100.51358,,,-0.3,-1.8,-135.7,224.3,,,,23.02,18,AUTO.LOITER,0,0
2026-08-21T19:51:35,1787316696,13.821808,100.51358,,,-0.3,-1.8,-135.7,224.3,,,,23.02,18,AUTO.LOITER,0,0
2026-08-21T19:51:36,1787316697,13.821808,100.51358,,,-0.3,-1.8,-135.7,224.3,,,,23.02,18,AUTO.LOITER,0,0
2026-08-21T19:51:37,1787316698,13.821808,100.51358,,,-0.3,-1.8,-135.7,224.3,,,,23.02,18,AUTO.LOITER,0,0
2026-08-21T19:51:38,1787316699,13.821808,100.51358,,,-0.3,-1.8,-135.7,224.3,,,,23.02,18,AUTO.LOITER,0,0
2026-08-21T19:51:39,1787316700,13.821841,100.513541,,,-0.3,-1.8,-135.7,224.3,,,,23.02,18,AUTO.LOITER,0,0
2026-08-21T19:51:40,1787316701,13.821841,100.513541,,,-0.3,-1.8,-135.7,224.3,,,,23.02,18,AUTO.LOITER,0,0
2026-08-21T19:51:41,1787316702,13.821841,100.513541,,,-0.3,-1.8,-135.7,224.3,,,,23.02,18,AUTO.LOITER,0,0
2026-08-21T19:51:42,1787316703,13.821841,100.513541,,,-0.3,-1.8,-135.7,224.3,,,,23.02,18,AUTO.LOITER,0,0
2026-08-21T19:51:43,1787316704,13.821841,100.513541,,,-0.3,-1.8,-135.7,224.3,,,,23.02,18,AUTO.LOITER,0,0
2026-08-21T19:51:44,1787316705,13.821908,100.51358,,,-0.3,-1.7,-135.7,224.3,,,,23.02,18,AUTO.LOITER,0,0
2026-08-21T19:51:45,1787316706,13.821908,100.51358,,,-0.3,-1.7,-135.7,224.3,,,,23.02,18,AUTO.LOITER,0,0
2026-08-21T19:51:46,1787316707,13.821908,100.51358,,,-0.3,-1.7,-135.6,224.4,,,,23.02,18,AUTO.LOITER,0,0
2026-08-21T19:51:47,1787316708,13.821908,100.51358,,,-0.3,-1.7,-135.6,224.4,,,,23.02,18,AUTO.LOITER,0,0
2026-08-21T19:51:48,1787316709,13.821908,100.51358,,,-0.3,-1.7,-135.6,224.4,,,,23.02,18,AUTO.LOITER,0,0
2026-08-21T19:51:49,1787316710,13.821908,100.51358,,,-0.3,-1.7,-135.7,224.3,,,,23.02,18,AUTO.LOITER,0,0
2026-08-21T19:51:50,1787316711,13.821908,100.51358,,,-0.3,-1.7,-135.7,224.3,,,,23.02,18,AUTO.LOITER,0,0
2026-08-21T19:51:51,1787316712,13.821908,100.51358,,,-0.3,-1.7,-135.7,224.3,,,,23.02,18,AUTO.LOITER,0,0
2026-08-21T19:51:52,1787316713,13.821908,100.51358,,,-0.2,-1.7,-135.7,224.3,,,,23.02,18,AUTO.LOITER,0,0
2026-08-21T19:51:53,1787316714,13.821908,100.51358,,,-0.2,-1.7,-135.7,224.3,,,,23.02,18,AUTO.LOITER,0,0
2026-08-21T19:51:54,1787316715,13.821908,100.51358,,,-0.2,-1.7,-135.7,224.3,,,,23.02,18,AUTO.LOITER,0,0
2026-08-21T19:51:55,1787316716,13.821907,100.513647,,,-0.2,-1.7,-135.7,224.3,,,,23.02,18,AUTO.LOITER,0,0
2026-08-21T19:51:56,1787316717,13.821907,100.513647,,,-0.2,-1.7,-135.7,224.3,,,,23.02,18,AUTO.LOITER,0,0
2026-08-21T19:51:57,1787316718,13.821907,100.513647,,,-0.2,-1.7,-135.7,224.3,,,,23.02,18,AUTO.LOITER,0,0
2026-08-21T19:51:58,1787316719,13.821907,100.513647,,,-0.3,-1.8,-135.7,224.3,,,,23.02,18,AUTO.LOITER,0,0
2026-08-21T19:51:59,1787316720,13.821907,100.513647,,,-0.3,-1.8,-135.7,224.3,,,,23.02,18,AUTO.LOITER,0,0
2026-08-21T19:52:00,1787316721,13.821909,100.513656,,,-0.3,-1.8,-135.7,224.3,,,,23.02,18,AUTO.LOITER,0,0
2026-08-21T19:52:01,1787316722,13.821909,100.513656,,,-0.3,-1.8,-135.7,224.3,,,,23.02,18,AUTO.LOITER,0,0
2026-08-21T19:52:02,1787316723,13.821909,100.513656,,,-0.3,-1.8,-135.7,224.3,,,,23.02,18,AUTO.LOITER,0,0
2026-08-21T19:52:03,1787316724,13.821909,100.513656,,,-0.3,-1.8,-135.7,224.3,,,,23.02,18,AUTO.LOITER,0,0
2026-08-21T19:52:04,1787316725,13.821909,100.513656,,,-0.3,-1.8,-135.7,224.3,,,,23.02,18,AUTO.LOITER,0,0
2026-08-21T19:52:05,1787316726,13.821923,100.513649,,,-0.3,-1.8,-135.7,224.3,,,,23.02,18,AUTO.LOITER,0,0
2026-08-21T19:52:06,1787316727,13.821923,100.513649,,,-0.3,-1.8,-135.7,224.3,,,,23.02,18,AUTO.LOITER,0,0
2026-08-21T19:52:07,1787316728,13.821923,100.513649,,,-0.3,-1.8,-135.7,224.3,,,,23.02,18,AUTO.LOITER,0,0
2026-08-21T19:52:08,1787316729,13.821923,100.513649,,,-0.3,-1.8,-135.7,224.3,,,,23.02,18,AUTO.LOITER,0,0
2026-08-21T19:52:09,1787316730,13.821923,100.513649,,,-0.3,-1.8,-135.7,224.3,,,,23.02,18,AUTO.LOITER,0,0
2026-08-21T19:52:10,1787316731,13.821942,100.513643,,,-0.3,-1.8,-135.7,224.3,,,,23.02,18,AUTO.LOITER,0,0
2026-08-21T19:52:11,1787316732,13.821942,100.513643,,,-0.3,-1.8,-135.7,224.3,,,,23.02,18,AUTO.LOITER,0,0
2026-08-21T19:52:12,1787316733,13.821942,100.513643,,,-0.3,-1.8,-135.7,224.3,,,,23.02,18,AUTO.LOITER,0,0
2026-08-21T19:52:13,1787316734,13.821942,100.513643,,,-0.3,-1.8,-135.7,224.3,,,,23.02,18,AUTO.LOITER,0,0
2026-08-21T19:52:14,1787316735,13.821942,100.513643,,,-0.3,-1.8,-135.7,224.3,,,,23.02,18,AUTO.LOITER,0,0
2026-08-21T19:52:15,1787316736,13.821999,100.513609,,,-0.3,-1.8,-135.7,224.3,,,,23.02,18,AUTO.LOITER,0,0
2026-08-21T19:52:16,1787316737,13.821999,100.513609,,,-0.3,-1.8,-135.7,224.3,,,,23.02,18,AUTO.LOITER,0,0
2026-08-21T19:52:17,1787316738,13.821999,100.513609,,,-0.3,-1.8,-135.7,224.3,,,,23.02,18,AUTO.LOITER,0,0
2026-08-21T19:52:18,1787316739,13.821999,100.513609,,,-0.3,-1.8,-135.7,224.3,,,,23.02,18,AUTO.LOITER,0,0
2026-08-21T19:52:19,1787316740,13.821999,100.513609,,,-0.3,-1.8,-135.7,224.3,,,,23.02,18,AUTO.LOITER,0,0
2026-08-21T19:52:20,1787316741,13.822024,100.513585,,,-0.3,-1.8,-135.7,224.3,,,,23.02,18,AUTO.LOITER,0,0
2026-08-21T19:52:21,1787316742,13.822024,100.513585,,,-0.3,-1.8,-135.7,224.3,,,,23.02,18,AUTO.LOITER,0,0
2026-08-21T19:52:22,1787316743,13.822024,100.513585,,,-0.3,-1.8,-135.7,224.3,,,,23.02,17,AUTO.LOITER,0,0
2026-08-21T19:52:23,1787316744,13.822024,100.513585,,,-0.3,-1.7,-135.7,224.3,,,,23.02,17,AUTO.LOITER,0,0
2026-08-21T19:52:24,1787316745,13.822024,100.513585,,,-0.3,-1.7,-135.7,224.3,,,,23.02,17,AUTO.LOITER,0,0
2026-08-21T19:52:25,1787316746,13.822024,100.513585,,,-0.3,-1.7,-135.7,224.3,,,,23.02,17,AUTO.LOITER,0,0
2026-08-21T19:52:26,1787316747,13.822015,100.513573,,,-0.3,-1.7,-135.7,224.3,,,,23.02,17,AUTO.LOITER,0,0
2026-08-21T19:52:27,1787316748,13.822015,100.513573,,,-0.3,-1.7,-135.7,224.3,,,,23.02,17,AUTO.LOITER,0,0
2026-08-21T19:52:28,1787316749,13.822015,100.513573,,,-0.3,-1.7,-135.7,224.3,,,,23.02,17,AUTO.LOITER,0,0
2026-08-21T19:52:29,1787316750,13.822015,100.513573,,,-0.3,-1.7,-135.7,224.3,,,,23.02,17,AUTO.LOITER,0,0
2026-08-21T19:52:30,1787316751,13.822015,100.513573,,,-0.3,-1.7,-135.7,224.3,,,,23.02,17,AUTO.LOITER,0,0
2026-08-21T19:52:31,1787316752,13.822033,100.513527,,,-0.3,-1.7,-135.7,224.3,,,,23.02,17,AUTO.LOITER,0,0
2026-08-21T19:52:32,1787316753,13.822033,100.513527,,,-0.3,-1.7,-135.7,224.3,,,,23.02,17,AUTO.LOITER,0,0
2026-08-21T19:52:33,1787316754,13.822033,100.513527,,,-0.3,-1.7,-135.7,224.3,,,,23.02,17,AUTO.LOITER,0,0
2026-08-21T19:52:34,1787316755,13.822033,100.513527,,,-0.3,-1.7,-135.7,224.3,,,,23.02,17,AUTO.LOITER,0,0
2026-08-21T19:52:35,1787316756,13.822033,100.513527,,,-0.3,-1.8,-135.7,224.3,,,,23.02,17,AUTO.LOITER,0,0
2026-08-21T19:52:36,1787316757,13.822033,100.513527,,,-0.3,-1.8,-135.7,224.3,,,,23.02,17,AUTO.LOITER,0,0
2026-08-21T19:52:37,1787316758,13.822028,100.513473,,,-0.3,-1.8,-135.7,224.3,,,,23.02,17,AUTO.LOITER,0,0
2026-08-21T19:52:38,1787316759,13.822028,100.513473,,,-0.3,-1.7,-135.7,224.3,,,,23.02,17,AUTO.LOITER,0,0
2026-08-21T19:52:39,1787316760,13.822028,100.513473,,,-0.3,-1.7,-135.7,224.3,,,,23.02,17,AUTO.LOITER,0,0
2026-08-21T19:52:40,1787316761,13.822028,100.513473,,,-0.3,-1.7,-135.7,224.3,,,,23.02,17,AUTO.LOITER,0,0
2026-08-21T19:52:41,1787316762,13.822028,100.513473,,,-0.3,-1.7,-135.7,224.3,,,,23.02,17,AUTO.LOITER,0,0
2026-08-21T19:52:42,1787316763,13.822028,100.513473,,,-0.3,-1.7,-135.7,224.3,,,,23.02,17,AUTO.LOITER,0,0
2026-08-21T19:52:43,1787316764,13.822028,100.513473,,,-0.3,-1.7,-135.7,224.3,,,,23.02,17,AUTO.LOITER,0,0
2026-08-21T19:52:44,1787316765,13.822028,100.513473,,,-0.3,-1.7,-135.7,224.3,,,,23.02,17,AUTO.LOITER,0,0
2026-08-21T19:52:45,1787316766,13.822028,100.513473,,,-0.3,-1.7,-135.7,224.3,,,,23.02,17,AUTO.LOITER,0,0
2026-08-21T19:52:46,1787316767,13.822028,100.513473,,,-0.3,-1.8,-135.7,224.3,,,,23.02,17,AUTO.LOITER,0,0
2026-08-21T19:52:47,1787316768,13.822011,100.513446,,,-0.3,-1.8,-135.7,224.3,,,,23.02,17,AUTO.LOITER,0,0
2026-08-21T19:52:48,1787316769,13.822011,100.513446,,,-0.3,-1.8,-135.7,224.3,,,,23.02,17,AUTO.LOITER,0,0
2026-08-21T19:52:49,1787316770,13.822011,100.513446,,,-0.3,-1.8,-135.7,224.3,,,,23.02,17,AUTO.LOITER,0,0
2026-08-21T19:52:50,1787316771,13.822011,100.513446,,,-0.3,-1.8,-135.7,224.3,,,,23.02,17,AUTO.LOITER,0,0
2026-08-21T19:52:51,1787316772,13.822011,100.513446,,,-0.3,-1.8,-135.7,224.3,,,,23.02,17,AUTO.LOITER,0,0
2026-08-21T19:52:52,1787316773,13.822017,100.513452,,,-0.3,-1.8,-135.7,224.3,,,,23.02,17,AUTO.LOITER,0,0
2026-08-21T19:52:53,1787316774,13.822017,100.513452,,,-0.3,-1.8,-135.7,224.3,,,,23.02,17,AUTO.LOITER,0,0
2026-08-21T19:52:54,1787316775,13.822017,100.513452,,,-0.3,-1.8,-135.7,224.3,,,,23.02,17,AUTO.LOITER,0,0
2026-08-21T19:52:55,1787316776,13.822017,100.513452,,,-0.3,-1.8,-135.7,224.3,,,,23.02,17,AUTO.LOITER,0,0
2026-08-21T19:52:56,1787316777,13.822017,100.513452,,,-0.3,-1.7,-135.7,224.3,,,,23.02,17,AUTO.LOITER,0,0
2026-08-21T19:52:57,1787316778,13.82201,100.513492,,,-0.3,-1.7,-135.7,224.3,,,,23.02,17,AUTO.LOITER,0,0
2026-08-21T19:52:58,1787316779,13.82201,100.513492,,,-0.3,-1.7,-135.7,224.3,,,,23.02,17,AUTO.LOITER,0,0
2026-08-21T19:52:59,1787316780,13.82201,100.513492,,,-0.3,-1.7,-135.7,224.3,,,,23.02,17,AUTO.LOITER,0,0
2026-08-21T19:53:00,1787316781,13.82201,100.513492,,,-0.3,-1.7,-135.7,224.3,,,,23.02,17,AUTO.LOITER,0,0
2026-08-21T19:53:01,1787316782,13.82201,100.513492,,,-0.3,-1.7,-135.7,224.3,,,,23.02,17,AUTO.LOITER,0,0
2026-08-21T19:53:02,1787316783,13.82201,100.513492,,,-0.3,-1.7,-135.7,224.3,,,,23.02,17,AUTO.LOITER,0,0
2026-08-21T19:53:03,1787316784,13.82201,100.513492,,,-0.3,-1.7,-135.7,224.3,,,,23.02,17,AUTO.LOITER,0,0
2026-08-21T19:53:04,1787316785,13.82201,100.513492,,,-0.3,-1.7,-135.7,224.3,,,,23.02,17,AUTO.LOITER,0,0
2026-08-21T19:53:05,1787316786,13.82201,100.513492,,,-0.3,-1.8,-135.7,224.3,,,,23.02,17,AUTO.LOITER,0,0
2026-08-21T19:53:06,1787316787,13.82201,100.513492,,,-0.3,-1.8,-135.7,224.3,,,,23.02,17,AUTO.LOITER,0,0
2026-08-21T19:53:07,1787316788,13.821951,100.513574,,,-0.3,-1.8,-135.7,224.3,,,,23.02,17,AUTO.LOITER,0,0
2026-08-21T19:53:08,1787316789,13.821951,100.513574,,,-0.3,-1.8,-135.7,224.3,,,,23.02,17,AUTO.LOITER,0,0
2026-08-21T19:53:09,1787316790,13.821951,100.513574,,,-0.3,-1.8,-135.7,224.3,,,,23.02,17,AUTO.LOITER,0,0
2026-08-21T19:53:10,1787316791,13.821951,100.513574,,,-0.3,-1.8,-135.7,224.3,,,,23.02,17,AUTO.LOITER,0,0
2026-08-21T19:53:11,1787316792,13.821951,100.513574,,,-0.3,-1.8,-135.7,224.3,,,,23.02,17,AUTO.LOITER,0,0
2026-08-21T19:53:12,1787316793,13.821972,100.513598,,,-0.3,-1.7,-135.7,224.3,,,,23.02,17,AUTO.LOITER,0,0
2026-08-21T19:53:13,1787316794,13.821972,100.513598,,,-0.3,-1.7,-135.7,224.3,,,,23.02,17,AUTO.LOITER,0,0
2026-08-21T19:53:14,1787316795,13.821972,100.513598,,,-0.3,-1.7,-135.7,224.3,,,,23.01,17,AUTO.LOITER,0,0
2026-08-21T19:53:15,1787316796,13.821972,100.513598,,,-0.3,-1.7,-135.7,224.3,,,,23.01,17,AUTO.LOITER,0,0
2026-08-21T19:53:16,1787316797,13.821972,100.513598,,,-0.3,-1.7,-135.7,224.3,,,,23.01,17,AUTO.LOITER,0,0
2026-08-21T19:53:17,1787316798,13.82201,100.513627,,,-0.3,-1.7,-135.7,224.3,,,,23.01,17,AUTO.LOITER,0,0
2026-08-21T19:53:18,1787316799,13.82201,100.513627,,,-0.3,-1.7,-135.7,224.3,,,,23.01,17,AUTO.LOITER,0,0
2026-08-21T19:53:20,1787316801,13.82201,100.513627,,,-0.3,-1.7,-135.7,224.3,,,,23.01,17,AUTO.LOITER,0,0
2026-08-21T19:53:21,1787316802,13.82201,100.513627,,,-0.3,-1.7,-135.7,224.3,,,,23.01,17,AUTO.LOITER,0,0
2026-08-21T19:53:22,1787316803,13.82201,100.513627,,,-0.3,-1.7,-135.7,224.3,,,,23.01,17,AUTO.LOITER,0,0
2026-08-21T19:53:23,1787316804,13.82201,100.513627,,,-0.3,-1.7,-135.7,224.3,,,,23.01,17,AUTO.LOITER,0,0
2026-08-21T19:53:24,1787316805,13.82201,100.513627,,,-0.3,-1.7,-135.7,224.3,,,,23.01,17,AUTO.LOITER,0,0
2026-08-21T19:53:25,1787316806,13.82201,100.513627,,,-0.3,-1.7,-135.7,224.3,,,,23.01,17,AUTO.LOITER,0,0
2026-08-21T19:53:26,1787316807,13.82201,100.513627,,,-0.3,-1.7,-135.7,224.3,,,,23.01,17,AUTO.LOITER,0,0
2026-08-21T19:53:27,1787316808,13.82201,100.513627,,,-0.3,-1.7,-135.7,224.3,,,,23.01,17,AUTO.LOITER,0,0
2026-08-21T19:53:28,1787316809,13.82201,100.513627,,,-0.3,-1.7,-135.7,224.3,,,,23.01,17,AUTO.LOITER,0,0
2026-08-21T19:53:29,1787316810,13.82201,100.513627,,,-0.3,-1.8,-135.7,224.3,,,,23.01,17,AUTO.LOITER,0,0
2026-08-21T19:53:30,1787316811,13.822067,100.513672,,,-0.3,-1.8,-135.7,224.3,,,,23.01,17,AUTO.LOITER,0,0
2026-08-21T19:53:31,1787316812,13.822067,100.513672,,,-0.3,-1.8,-135.7,224.3,,,,23.01,17,AUTO.LOITER,0,0
2026-08-21T19:53:32,1787316813,13.822067,100.513672,,,-0.3,-1.8,-135.7,224.3,,,,23.01,17,AUTO.LOITER,0,0
2026-08-21T19:53:33,1787316814,13.822067,100.513672,,,-0.3,-1.7,-135.7,224.3,,,,23.01,17,AUTO.LOITER,0,0
2026-08-21T19:53:34,1787316815,13.822067,100.513672,,,-0.3,-1.7,-135.7,224.3,,,,23.01,17,AUTO.LOITER,0,0
2026-08-21T19:53:35,1787316816,13.822067,100.513672,,,-0.3,-1.7,-135.7,224.3,,,,23.01,17,AUTO.LOITER,0,0
2026-08-21T19:53:36,1787316817,13.822067,100.513672,,,-0.3,-1.7,-135.7,224.3,,,,23.01,17,AUTO.LOITER,0,0
2026-08-21T19:53:37,1787316818,13.822067,100.513672,,,-0.3,-1.7,-135.7,224.3,,,,23.01,17,AUTO.LOITER,0,0
2026-08-21T19:53:38,1787316819,13.822067,100.513672,,,-0.3,-1.7,-135.7,224.3,,,,23.01,17,AUTO.LOITER,0,0
2026-08-21T19:53:39,1787316820,13.822067,100.513672,,,-0.3,-1.7,-135.7,224.3,,,,23.01,17,AUTO.LOITER,0,0
2026-08-21T19:53:40,1787316821,13.822049,100.513602,,,-0.3,-1.7,-135.7,224.3,,,,23.01,17,AUTO.LOITER,0,0
2026-08-21T19:53:41,1787316822,13.822049,100.513602,,,-0.3,-1.8,-135.7,224.3,,,,23.01,17,AUTO.LOITER,0,0
2026-08-21T19:53:42,1787316823,13.822049,100.513602,,,-0.3,-1.8,-135.7,224.3,,,,23.01,17,AUTO.LOITER,0,0
2026-08-21T19:53:43,1787316824,13.822049,100.513602,,,-0.3,-1.8,-135.7,224.3,,,,23.01,17,AUTO.LOITER,0,0
2026-08-21T19:53:44,1787316825,13.822049,100.513602,,,-0.3,-1.8,-135.7,224.3,,,,23.01,17,AUTO.LOITER,0,0
2026-08-21T19:53:45,1787316826,13.822038,100.513592,,,-0.3,-1.8,-135.7,224.3,,,,23.01,17,AUTO.LOITER,0,0
2026-08-21T19:53:46,1787316827,13.822038,100.513592,,,-0.3,-1.8,-135.7,224.3,,,,23.01,17,AUTO.LOITER,0,0
2026-08-21T19:53:47,1787316828,13.822038,100.513592,,,-0.3,-1.8,-135.7,224.3,,,,23.01,17,AUTO.LOITER,0,0
2026-08-21T19:53:48,1787316829,13.822038,100.513592,,,-0.3,-1.8,-135.7,224.3,,,,23.01,17,AUTO.LOITER,0,0
2026-08-21T19:53:49,1787316830,13.822038,100.513592,,,-0.3,-1.8,-135.7,224.3,,,,23.01,17,AUTO.LOITER,0,0
2026-08-21T19:53:50,1787316831,13.822038,100.513592,,,-0.3,-1.8,-135.7,224.3,,,,23.01,17,AUTO.LOITER,0,0
2026-08-21T19:53:51,1787316832,13.822038,100.513592,,,-0.3,-1.8,-135.7,224.3,,,,23.01,17,AUTO.LOITER,0,0
2026-08-21T19:53:52,1787316833,13.822038,100.513592,,,-0.3,-1.8,-135.7,224.3,,,,23.01,17,AUTO.LOITER,0,0
2026-08-21T19:53:53,1787316834,13.822038,100.513592,,,-0.3,-1.8,-135.7,224.3,,,,23.01,17,AUTO.LOITER,0,0
2026-08-21T19:53:54,1787316835,13.822038,100.513592,,,-0.3,-1.8,-135.7,224.3,,,,23.01,17,AUTO.LOITER,0,0
2026-08-21T19:53:55,1787316836,13.821981,100.513606,,,-0.2,-1.8,-135.7,224.3,,,,23.01,17,AUTO.LOITER,0,0
2026-08-21T19:53:56,1787316837,13.821981,100.513606,,,-0.2,-1.8,-135.7,224.3,,,,23.01,17,AUTO.LOITER,0,0
2026-08-21T19:53:57,1787316838,13.821981,100.513606,,,-0.2,-1.8,-135.7,224.3,,,,23.01,17,AUTO.LOITER,0,0
2026-08-21T19:53:58,1787316839,13.821981,100.513606,,,-0.3,-1.8,-135.7,224.3,,,,23.01,17,AUTO.LOITER,0,0
2026-08-21T19:53:59,1787316840,13.821981,100.513606,,,-0.3,-1.8,-135.7,224.3,,,,23.01,17,AUTO.LOITER,0,0
2026-08-21T19:54:00,1787316841,13.821981,100.513606,,,-0.3,-1.8,-135.7,224.3,,,,23.01,17,AUTO.LOITER,0,0
2026-08-21T19:54:01,1787316842,13.821981,100.513606,,,-0.3,-1.8,-135.7,224.3,,,,23.01,17,AUTO.LOITER,0,0
2026-08-21T19:54:02,1787316843,13.821981,100.513606,,,-0.3,-1.8,-135.7,224.3,,,,23.01,17,AUTO.LOITER,0,0
2026-08-21T19:54:03,1787316844,13.821981,100.513606,,,-0.3,-1.8,-135.7,224.3,,,,23.01,17,AUTO.LOITER,0,0
2026-08-21T19:54:04,1787316845,13.821981,100.513606,,,-0.3,-1.8,-135.7,224.3,,,,23.01,17,AUTO.LOITER,0,0
2026-08-21T19:54:05,1787316846,13.821981,100.513606,,,-0.3,-1.8,-135.7,224.3,,,,23.01,17,AUTO.LOITER,0,0
2026-08-21T19:54:06,1787316847,13.821936,100.513535,,,-0.3,-1.8,-135.7,224.3,,,,23.01,17,AUTO.LOITER,0,0
2026-08-21T19:54:07,1787316848,13.821936,100.513535,,,-0.3,-1.8,-135.7,224.3,,,,23.01,17,AUTO.LOITER,0,0
2026-08-21T19:54:08,1787316849,13.821936,100.513535,,,-0.3,-1.8,-135.7,224.3,,,,23.01,17,AUTO.LOITER,0,0
2026-08-21T19:54:09,1787316850,13.821936,100.513535,,,-0.3,-1.8,-135.7,224.3,,,,23.01,17,AUTO.LOITER,0,0
2026-08-21T19:54:10,1787316851,13.821936,100.513535,,,-0.3,-1.8,-135.7,224.3,,,,23.01,17,AUTO.LOITER,0,0
2026-08-21T19:54:11,1787316852,13.821909,100.513409,,,-0.3,-1.8,-135.7,224.3,,,,23.01,17,AUTO.LOITER,0,0
2026-08-21T19:54:12,1787316853,13.821909,100.513409,,,-0.3,-1.8,-135.7,224.3,,,,23.01,17,AUTO.LOITER,0,0
2026-08-21T19:54:13,1787316854,13.821909,100.513409,,,-0.3,-1.8,-135.7,224.3,,,,23.01,17,AUTO.LOITER,0,0
2026-08-21T19:54:14,1787316855,13.821909,100.513409,,,-0.3,-1.8,-135.7,224.3,,,,23.01,17,AUTO.LOITER,0,0
2026-08-21T19:54:15,1787316856,13.821909,100.513409,,,-0.3,-1.8,-135.7,224.3,,,,23.01,17,AUTO.LOITER,0,0
2026-08-21T19:54:16,1787316857,13.821909,100.513409,,,-0.3,-1.8,-135.7,224.3,,,,23.01,17,AUTO.LOITER,0,0
2026-08-21T19:54:17,1787316858,13.821909,100.513409,,,-0.3,-1.8,-135.7,224.3,,,,23.01,17,AUTO.LOITER,0,0
2026-08-21T19:54:18,1787316859,13.821909,100.513409,,,-0.3,-1.8,-135.7,224.3,,,,23.01,17,AUTO.LOITER,0,0
2026-08-21T19:54:19,1787316860,13.821909,100.513409,,,-0.3,-1.8,-135.7,224.3,,,,23.01,17,AUTO.LOITER,0,0
2026-08-21T19:54:20,1787316861,13.821909,100.513409,,,-0.3,-1.8,-135.7,224.3,,,,23.01,17,AUTO.LOITER,0,0
2026-08-21T19:54:21,1787316862,13.821988,100.513389,,,-0.3,-1.8,-135.7,224.3,,,,23.01,17,AUTO.LOITER,0,0
2026-08-21T19:54:22,1787316863,13.821988,100.513389,,,-0.3,-1.8,-135.7,224.3,,,,23.01,17,AUTO.LOITER,0,0
2026-08-21T19:54:23,1787316864,13.821988,100.513389,,,-0.3,-1.8,-135.7,224.3,,,,23.01,17,AUTO.LOITER,0,0
2026-08-21T19:54:24,1787316865,13.821988,100.513389,,,-0.3,-1.8,-135.7,224.3,,,,23.01,17,AUTO.LOITER,0,0
2026-08-21T19:54:25,1787316866,13.821988,100.513389,,,-0.3,-1.8,-135.7,224.3,,,,23.01,17,AUTO.LOITER,0,0
2026-08-21T19:54:26,1787316867,13.821988,100.513389,,,-0.3,-1.8,-135.7,224.3,,,,23.01,17,AUTO.LOITER,0,0
2026-08-21T19:54:27,1787316868,13.821988,100.513389,,,-0.3,-1.8,-135.7,224.3,,,,23.01,17,AUTO.LOITER,0,0
2026-08-21T19:54:28,1787316869,13.821988,100.513389,,,-0.3,-1.8,-135.7,224.3,,,,23.01,17,AUTO.LOITER,0,0
2026-08-21T19:54:29,1787316870,13.821988,100.513389,,,-0.3,-1.8,-135.7,224.3,,,,23.01,17,AUTO.LOITER,0,0
2026-08-21T19:54:30,1787316871,13.821988,100.513389,,,-0.3,-1.8,-135.7,224.3,,,,23.01,17,AUTO.LOITER,0,0
2026-08-21T19:54:31,1787316872,13.821988,100.513389,,,-0.3,-1.8,-135.7,224.3,,,,23.01,17,AUTO.LOITER,0,0
2026-08-21T19:54:32,1787316873,13.821988,100.513389,,,-0.3,-1.8,-135.7,224.3,,,,23.01,17,AUTO.LOITER,0,0
2026-08-21T19:54:33,1787316874,13.821988,100.513389,,,-0.3,-1.8,-135.7,224.3,,,,23.01,17,AUTO.LOITER,0,0
2026-08-21T19:54:34,1787316875,13.821988,100.513389,,,-0.3,-1.8,-135.7,224.3,,,,23.01,17,AUTO.LOITER,0,0
2026-08-21T19:54:35,1787316876,13.821988,100.513389,,,-0.3,-1.8,-135.7,224.3,,,,23.01,17,AUTO.LOITER,0,0
2026-08-21T19:54:36,1787316877,13.821988,100.513389,,,-0.3,-1.8,-135.7,224.3,,,,23.01,17,AUTO.LOITER,0,0
2026-08-21T19:54:37,1787316878,13.821988,100.513389,,,-0.3,-1.8,-135.6,224.4,,,,23.01,17,AUTO.LOITER,0,0
2026-08-21T19:54:38,1787316879,13.821988,100.513389,,,-0.3,-1.8,-135.6,224.4,,,,23.01,17,AUTO.LOITER,0,0
2026-08-21T19:54:39,1787316880,13.821988,100.513389,,,-0.3,-1.8,-135.6,224.4,,,,23.01,17,AUTO.LOITER,0,0
2026-08-21T19:54:40,1787316881,13.821988,100.513389,,,-0.3,-1.8,-135.6,224.4,,,,23.01,17,AUTO.LOITER,0,0
2026-08-21T19:54:41,1787316882,13.821988,100.513389,,,-0.3,-1.8,-135.6,224.4,,,,23.01,17,AUTO.LOITER,0,0
2026-08-21T19:54:42,1787316883,13.821988,100.513389,,,-0.3,-1.8,-135.6,224.4,,,,23.01,17,AUTO.LOITER,0,0
2026-08-21T19:54:43,1787316884,13.821988,100.513389,,,-0.3,-1.8,-135.6,224.4,,,,23.01,17,AUTO.LOITER,0,0
2026-08-21T19:54:44,1787316885,13.821988,100.513389,,,-0.3,-1.8,-135.6,224.4,,,,23.01,17,AUTO.LOITER,0,0
2026-08-21T19:54:45,1787316886,13.821988,100.513389,,,-0.3,-1.8,-135.6,224.4,,,,23.01,17,AUTO.LOITER,0,0
2026-08-21T19:54:46,1787316887,13.821988,100.513389,,,-0.3,-1.8,-135.6,224.4,,,,23.01,17,AUTO.LOITER,0,0
2026-08-21T19:54:47,1787316888,13.821988,100.513389,,,-0.3,-1.8,-135.6,224.4,,,,23.01,17,AUTO.LOITER,0,0
2026-08-21T19:54:48,1787316889,13.821988,100.513389,,,-0.3,-1.8,-135.6,224.4,,,,23.01,17,AUTO.LOITER,0,0
2026-08-21T19:54:49,1787316890,13.821988,100.513389,,,-0.3,-1.8,-135.6,224.4,,,,23.01,17,AUTO.LOITER,0,0
2026-08-21T19:54:50,1787316891,13.821988,100.513389,,,-0.3,-1.8,-135.6,224.4,,,,23.01,17,AUTO.LOITER,0,0
2026-08-21T19:54:51,1787316892,13.821988,100.513389,,,-0.3,-1.8,-135.6,224.4,,,,23.01,17,AUTO.LOITER,0,0
2026-08-21T19:54:52,1787316893,13.821988,100.513389,,,-0.3,-1.8,-135.6,224.4,,,,23.01,17,AUTO.LOITER,0,0
2026-08-21T19:54:53,1787316894,13.821988,100.513389,,,-0.3,-1.8,-135.6,224.4,,,,23.01,17,AUTO.LOITER,0,0
2026-08-21T19:54:54,1787316895,13.821988,100.513389,,,-0.3,-1.8,-135.6,224.4,,,,23.01,17,AUTO.LOITER,0,0
2026-08-21T19:54:55,1787316896,13.821988,100.513389,,,-0.3,-1.8,-135.6,224.4,,,,23.01,17,AUTO.LOITER,0,0
2026-08-21T19:54:56,1787316897,13.821988,100.513389,,,-0.3,-1.8,-135.6,224.4,,,,23.01,17,AUTO.LOITER,0,0
2026-08-21T19:54:57,1787316898,13.821988,100.513389,,,-0.3,-1.8,-135.6,224.4,,,,23.01,17,AUTO.LOITER,0,0
2026-08-21T19:54:58,1787316899,13.821988,100.513389,,,-0.3,-1.8,-135.6,224.4,,,,23.01,17,AUTO.LOITER,0,0
2026-08-21T19:54:59,1787316900,13.821988,100.513389,,,-0.3,-1.8,-135.6,224.4,,,,23.01,17,AUTO.LOITER,0,0
2026-08-21T19:55:00,1787316901,13.821988,100.513389,,,-0.3,-1.8,-135.6,224.4,,,,23.01,17,AUTO.LOITER,0,0
2026-08-21T19:55:01,1787316902,13.821988,100.513389,,,-0.3,-1.8,-135.6,224.4,,,,23.01,17,AUTO.LOITER,0,0
2026-08-21T19:55:02,1787316903,13.821988,100.513389,,,-0.3,-1.8,-135.6,224.4,,,,23.0,17,AUTO.LOITER,0,0
2026-08-21T19:55:03,1787316904,13.822108,100.513337,,,-0.3,-1.8,-135.6,224.4,,,,23.0,17,AUTO.LOITER,0,0
2026-08-21T19:55:04,1787316905,13.822108,100.513337,,,-0.3,-1.8,-135.6,224.4,,,,23.0,17,AUTO.LOITER,0,0
2026-08-21T19:55:05,1787316906,13.822108,100.513337,,,-0.3,-1.8,-135.6,224.4,,,,23.0,17,AUTO.LOITER,0,0
2026-08-21T19:55:06,1787316907,13.822108,100.513337,,,-0.3,-1.7,-135.7,224.3,,,,23.01,17,AUTO.LOITER,0,0
2026-08-21T19:55:07,1787316908,13.822108,100.513337,,,-0.3,-1.7,-135.7,224.3,,,,23.01,17,AUTO.LOITER,0,0
2026-08-21T19:55:08,1787316909,13.822108,100.513337,,,-0.3,-1.7,-135.7,224.3,,,,23.01,17,AUTO.LOITER,0,0
2026-08-21T19:55:09,1787316910,13.822108,100.513337,,,-0.3,-1.7,-135.7,224.3,,,,23.01,17,AUTO.LOITER,0,0
2026-08-21T19:55:10,1787316911,13.822108,100.513337,,,-0.3,-1.7,-135.7,224.3,,,,23.01,17,AUTO.LOITER,0,0
2026-08-21T19:55:11,1787316912,13.822108,100.513337,,,-0.3,-1.7,-135.7,224.3,,,,23.01,17,AUTO.LOITER,0,0
2026-08-21T19:55:12,1787316913,13.822108,100.513337,,,-0.3,-1.7,-135.7,224.3,,,,23.01,17,AUTO.LOITER,0,0
2026-08-21T19:55:13,1787316914,13.822108,100.513337,,,-0.3,-1.7,-135.7,224.3,,,,23.01,17,AUTO.LOITER,0,0
2026-08-21T19:55:14,1787316915,13.822108,100.513337,,,-0.3,-1.7,-135.7,224.3,,,,23.01,17,AUTO.LOITER,0,0
2026-08-21T19:55:15,1787316916,13.822108,100.513337,,,-0.3,-1.7,-135.7,224.3,,,,23.01,17,AUTO.LOITER,0,0
2026-08-21T19:55:16,1787316917,13.822108,100.513337,,,-0.3,-1.7,-135.7,224.3,,,,23.0,17,AUTO.LOITER,0,0
2026-08-21T19:55:17,1787316918,13.822108,100.513337,,,-0.3,-1.8,-135.7,224.3,,,,23.0,17,AUTO.LOITER,0,0
2026-08-21T19:55:18,1787316919,13.821922,100.513591,,,-0.3,-1.8,-135.7,224.3,,,,23.0,17,AUTO.LOITER,0,0
2026-08-21T19:55:19,1787316920,13.821922,100.513591,,,-0.3,-1.8,-135.7,224.3,,,,23.0,17,AUTO.LOITER,0,0
2026-08-21T19:55:20,1787316921,13.821922,100.513591,,,-0.3,-1.8,-135.7,224.3,,,,23.0,17,AUTO.LOITER,0,0
2026-08-21T19:55:21,1787316922,13.821922,100.513591,,,-0.3,-1.8,-135.7,224.3,,,,23.0,17,AUTO.LOITER,0,0
2026-08-21T19:55:22,1787316923,13.821922,100.513591,,,-0.3,-1.7,-135.7,224.3,,,,23.0,17,AUTO.LOITER,0,0
2026-08-21T19:55:23,1787316924,13.821922,100.513591,,,-0.3,-1.7,-135.7,224.3,,,,23.0,17,AUTO.LOITER,0,0
2026-08-21T19:55:24,1787316925,13.821922,100.513591,,,-0.3,-1.7,-135.7,224.3,,,,23.0,17,AUTO.LOITER,0,0
2026-08-21T19:55:25,1787316926,13.821922,100.513591,,,-0.3,-1.7,-135.7,224.3,,,,23.0,17,AUTO.LOITER,0,0
2026-08-21T19:55:26,1787316927,13.821922,100.513591,,,-0.3,-1.7,-135.7,224.3,,,,23.0,17,AUTO.LOITER,0,0
2026-08-21T19:55:27,1787316928,13.821922,100.513591,,,-0.3,-1.7,-135.7,224.3,,,,23.0,17,AUTO.LOITER,0,0
2026-08-21T19:55:28,1787316929,13.8218,100.513609,,,-0.3,-1.7,-135.7,224.3,,,,23.0,17,AUTO.LOITER,0,0
2026-08-21T19:55:29,1787316930,13.8218,100.513609,,,-0.3,-1.7,-135.7,224.3,,,,23.0,17,AUTO.LOITER,0,0
2026-08-21T19:55:30,1787316931,13.8218,100.513609,,,-0.3,-1.7,-135.7,224.3,,,,23.0,17,AUTO.LOITER,0,0
2026-08-21T19:55:31,1787316932,13.8218,100.513609,,,-0.3,-1.7,-135.7,224.3,,,,23.0,17,AUTO.LOITER,0,0
2026-08-21T19:55:32,1787316933,13.8218,100.513609,,,-0.3,-1.7,-135.7,224.3,,,,23.0,17,AUTO.LOITER,0,0
2026-08-21T19:55:33,1787316934,13.8218,100.513609,,,-0.3,-1.7,-135.7,224.3,,,,23.0,17,AUTO.LOITER,0,0
2026-08-21T19:55:34,1787316935,13.8218,100.513609,,,-0.3,-1.7,-135.7,224.3,,,,23.0,17,AUTO.LOITER,0,0
2026-08-21T19:55:35,1787316936,13.8218,100.513609,,,-0.3,-1.7,-135.7,224.3,,,,23.0,17,AUTO.LOITER,0,0
2026-08-21T19:55:36,1787316937,13.8218,100.513609,,,-0.3,-1.8,-135.7,224.3,,,,23.0,17,AUTO.LOITER,0,0
2026-08-21T19:55:37,1787316938,13.8218,100.513609,,,-0.3,-1.8,-135.7,224.3,,,,23.0,17,AUTO.LOITER,0,0
2026-08-21T19:55:38,1787316939,13.8218,100.513609,,,-0.3,-1.8,-135.7,224.3,,,,23.0,17,AUTO.LOITER,0,0
2026-08-21T19:55:39,1787316940,13.8218,100.513609,,,-0.3,-1.8,-135.7,224.3,,,,23.0,17,AUTO.LOITER,0,0
2026-08-21T19:55:40,1787316941,13.8218,100.513609,,,-0.3,-1.8,-135.7,224.3,,,,23.0,17,AUTO.LOITER,0,0
2026-08-21T19:55:41,1787316942,13.8218,100.513609,,,-0.3,-1.8,-135.7,224.3,,,,23.0,17,AUTO.LOITER,0,0
2026-08-21T19:55:42,1787316943,13.8218,100.513609,,,-0.3,-1.8,-135.7,224.3,,,,23.0,17,AUTO.LOITER,0,0
2026-08-21T19:55:43,1787316944,13.8218,100.513609,,,-0.3,-1.8,-135.7,224.3,,,,23.0,17,AUTO.LOITER,0,0
2026-08-21T19:55:44,1787316945,13.8218,100.513609,,,-0.3,-1.8,-135.7,224.3,,,,23.0,17,AUTO.LOITER,0,0
2026-08-21T19:55:45,1787316946,13.821896,100.513514,,,-0.3,-1.7,-135.7,224.3,,,,23.0,17,AUTO.LOITER,0,0
2026-08-21T19:55:46,1787316947,13.821896,100.513514,,,-0.3,-1.7,-135.7,224.3,,,,23.0,17,AUTO.LOITER,0,0
2026-08-21T19:55:47,1787316948,13.821896,100.513514,,,-0.3,-1.7,-135.7,224.3,,,,23.0,17,AUTO.LOITER,0,0
2026-08-21T19:55:48,1787316949,13.821896,100.513514,,,-0.3,-1.7,-135.7,224.3,,,,23.0,17,AUTO.LOITER,0,0
2026-08-21T19:55:49,1787316950,13.821896,100.513514,,,-0.3,-1.7,-135.7,224.3,,,,23.0,17,AUTO.LOITER,0,0
2026-08-21T19:55:50,1787316951,13.821896,100.513514,,,-0.3,-1.7,-135.7,224.3,,,,23.0,17,AUTO.LOITER,0,0
2026-08-21T19:55:51,1787316952,13.821896,100.513514,,,-0.3,-1.7,-135.7,224.3,,,,23.0,17,AUTO.LOITER,0,0
2026-08-21T19:55:52,1787316953,13.821896,100.513514,,,-0.3,-1.7,-135.7,224.3,,,,23.0,17,AUTO.LOITER,0,0
2026-08-21T19:55:53,1787316954,13.821896,100.513514,,,-0.3,-1.7,-135.7,224.3,,,,23.0,17,AUTO.LOITER,0,0
2026-08-21T19:55:54,1787316955,13.821896,100.513514,,,-0.3,-1.7,-135.7,224.3,,,,23.0,17,AUTO.LOITER,0,0
2026-08-21T19:55:55,1787316956,13.821896,100.513514,,,-0.3,-1.7,-135.7,224.3,,,,23.0,17,AUTO.LOITER,0,0
2026-08-21T19:55:56,1787316957,13.821896,100.513514,,,-0.3,-1.7,-135.7,224.3,,,,23.0,17,AUTO.LOITER,0,0
2026-08-21T19:56:00,1787316961,13.821896,100.513514,,,-0.3,-1.7,-135.6,224.4,,,,23.0,17,AUTO.LOITER,0,0
2026-08-21T19:56:01,1787316962,13.821926,100.513399,,,-0.3,-1.7,-135.6,224.4,,,,23.0,17,AUTO.LOITER,0,0
2026-08-21T19:56:02,1787316963,13.821926,100.513399,,,-0.3,-1.8,-135.6,224.4,,,,23.0,17,AUTO.LOITER,0,0
2026-08-21T19:56:03,1787316964,13.821926,100.513399,,,-0.3,-1.8,-135.6,224.4,,,,23.0,17,AUTO.LOITER,0,0
2026-08-21T19:56:04,1787316965,13.821926,100.513399,,,-0.3,-1.8,-135.6,224.4,,,,23.0,17,AUTO.LOITER,0,0
2026-08-21T19:56:05,1787316966,13.821992,100.513371,,,-0.3,-1.8,-135.6,224.4,,,,23.0,17,AUTO.LOITER,0,0
2026-08-21T19:56:06,1787316967,13.821992,100.513371,,,-0.3,-1.8,-135.6,224.4,,,,23.0,17,AUTO.LOITER,0,0
2026-08-21T19:56:07,1787316968,13.821992,100.513371,,,-0.3,-1.8,-135.6,224.4,,,,23.0,17,AUTO.LOITER,0,0
2026-08-21T19:56:08,1787316969,13.821992,100.513371,,,-0.3,-1.8,-135.6,224.4,,,,23.0,17,AUTO.LOITER,0,0
2026-08-21T19:56:09,1787316970,13.821992,100.513371,,,-0.3,-1.8,-135.6,224.4,,,,23.0,17,AUTO.LOITER,0,0
2026-08-21T19:56:10,1787316971,13.821992,100.513371,,,-0.3,-1.8,-135.6,224.4,,,,23.0,17,AUTO.LOITER,0,0
2026-08-21T19:56:11,1787316972,13.82204,100.513401,,,-0.3,-1.8,-135.6,224.4,,,,23.0,17,AUTO.LOITER,0,0
2026-08-21T19:56:12,1787316973,13.82204,100.513401,,,-0.3,-1.8,-135.6,224.4,,,,23.0,17,AUTO.LOITER,0,0
2026-08-21T19:56:13,1787316974,13.82204,100.513401,,,-0.3,-1.8,-135.6,224.4,,,,23.0,17,AUTO.LOITER,0,0
2026-08-21T19:56:14,1787316975,13.82204,100.513401,,,-0.3,-1.8,-135.6,224.4,,,,23.0,17,AUTO.LOITER,0,0
2026-08-21T19:56:15,1787316976,13.82204,100.513401,,,-0.3,-1.8,-135.6,224.4,,,,23.0,17,AUTO.LOITER,0,0
2026-08-21T19:56:16,1787316977,13.82204,100.513401,,,-0.3,-1.8,-135.6,224.4,,,,23.0,17,AUTO.LOITER,0,0
2026-08-21T19:56:17,1787316978,13.82204,100.513401,,,-0.3,-1.8,-135.6,224.4,,,,23.0,17,AUTO.LOITER,0,0
2026-08-21T19:56:18,1787316979,13.822086,100.513357,,,-0.3,-1.8,-135.6,224.4,,,,23.0,17,AUTO.LOITER,0,0
2026-08-21T19:56:19,1787316980,13.822086,100.513357,,,-0.3,-1.8,-135.6,224.4,,,,23.0,17,AUTO.LOITER,0,0
2026-08-21T19:56:20,1787316981,13.822086,100.513357,,,-0.3,-1.8,-135.6,224.4,,,,23.0,17,AUTO.LOITER,0,0
2026-08-21T19:56:21,1787316982,13.822086,100.513357,,,-0.3,-1.8,-135.6,224.4,,,,23.0,17,AUTO.LOITER,0,0
2026-08-21T19:56:22,1787316983,13.822086,100.513357,,,-0.2,-1.8,-135.6,224.4,,,,23.0,17,AUTO.LOITER,0,0
2026-08-21T19:56:23,1787316984,13.822105,100.513362,,,-0.2,-1.8,-135.6,224.4,,,,23.0,17,AUTO.LOITER,0,0
2026-08-21T19:56:24,1787316985,13.822105,100.513362,,,-0.3,-1.8,-135.6,224.4,,,,23.0,17,AUTO.LOITER,0,0
2026-08-21T19:56:25,1787316986,13.822105,100.513362,,,-0.3,-1.8,-135.6,224.4,,,,23.0,17,AUTO.LOITER,0,0
2026-08-21T19:56:26,1787316987,13.822105,100.513362,,,-0.3,-1.8,-135.6,224.4,,,,23.0,17,AUTO.LOITER,0,0
2026-08-21T19:56:27,1787316988,13.822105,100.513362,,,-0.3,-1.8,-135.6,224.4,,,,23.0,17,AUTO.LOITER,0,0
2026-08-21T19:56:28,1787316989,13.822105,100.513362,,,-0.3,-1.8,-135.6,224.4,,,,23.0,17,AUTO.LOITER,0,0
2026-08-21T19:56:29,1787316990,13.822105,100.513362,,,-0.3,-1.8,-135.6,224.4,,,,23.0,17,AUTO.LOITER,0,0
2026-08-21T19:56:30,1787316991,13.822105,100.513362,,,-0.3,-1.7,-135.7,224.3,,,,23.0,17,AUTO.LOITER,0,0
2026-08-21T19:56:31,1787316992,13.822105,100.513362,,,-0.3,-1.7,-135.7,224.3,,,,23.0,17,AUTO.LOITER,0,0
2026-08-21T19:56:32,1787316993,13.822105,100.513362,,,-0.3,-1.7,-135.7,224.3,,,,23.0,17,AUTO.LOITER,0,0
2026-08-21T19:56:33,1787316994,13.822105,100.513362,,,-0.3,-1.7,-135.7,224.3,,,,23.0,17,AUTO.LOITER,0,0
2026-08-21T19:56:34,1787316995,13.821998,100.513458,,,-0.3,-1.7,-135.7,224.3,,,,23.0,17,AUTO.LOITER,0,0
2026-08-21T19:56:35,1787316996,13.821998,100.513458,,,-0.3,-1.7,-135.7,224.3,,,,23.0,17,AUTO.LOITER,0,0
2026-08-21T19:56:36,1787316997,13.821998,100.513458,,,-0.3,-1.7,-135.7,224.3,,,,23.0,17,AUTO.LOITER,0,0
2026-08-21T19:56:38,1787316999,13.821998,100.513458,,,-0.3,-1.7,-135.7,224.3,,,,23.0,17,AUTO.LOITER,0,0
2026-08-21T19:56:39,1787317000,13.821998,100.513458,,,-0.3,-1.7,-135.7,224.3,,,,23.0,17,AUTO.LOITER,0,0
2026-08-21T19:56:40,1787317001,13.821998,100.513458,,,-0.3,-1.7,-135.7,224.3,,,,23.0,17,AUTO.LOITER,0,0
2026-08-21T19:56:41,1787317002,13.821998,100.513458,,,-0.3,-1.7,-135.7,224.3,,,,23.0,17,AUTO.LOITER,0,0
2026-08-21T19:56:42,1787317003,13.821998,100.513458,,,-0.3,-1.7,-135.7,224.3,,,,23.0,17,AUTO.LOITER,0,0
2026-08-21T19:56:43,1787317004,13.821998,100.513458,,,-0.3,-1.7,-135.7,224.3,,,,23.0,17,AUTO.LOITER,0,0
2026-08-21T19:56:44,1787317005,13.821998,100.513458,,,-0.3,-1.7,-135.7,224.3,,,,23.0,17,AUTO.LOITER,0,0
2026-08-21T19:56:45,1787317006,13.821998,100.513458,,,-0.3,-1.7,-135.7,224.3,,,,23.0,17,AUTO.LOITER,0,0
2026-08-21T19:56:46,1787317007,13.821998,100.513458,,,-0.3,-1.7,-135.7,224.3,,,,23.0,17,AUTO.LOITER,0,0
2026-08-21T19:56:47,1787317008,13.822073,100.513435,,,-0.3,-1.7,-135.7,224.3,,,,23.0,17,AUTO.LOITER,0,0
2026-08-21T19:56:48,1787317009,13.822073,100.513435,,,-0.3,-1.7,-135.7,224.3,,,,23.0,17,AUTO.LOITER,0,0
2026-08-21T19:56:49,1787317010,13.822073,100.513435,,,-0.3,-1.7,-135.7,224.3,,,,23.0,17,AUTO.LOITER,0,0
2026-08-21T19:56:50,1787317011,13.822073,100.513435,,,-0.3,-1.7,-135.7,224.3,,,,23.0,17,AUTO.LOITER,0,0
2026-08-21T19:56:51,1787317012,13.822073,100.513435,,,-0.3,-1.7,-135.7,224.3,,,,23.0,17,AUTO.LOITER,0,0
2026-08-21T19:56:52,1787317013,13.822073,100.513435,,,-0.3,-1.7,-135.7,224.3,,,,23.0,17,AUTO.LOITER,0,0
2026-08-21T19:56:53,1787317014,13.822073,100.513435,,,-0.3,-1.7,-135.7,224.3,,,,23.0,17,AUTO.LOITER,0,0
2026-08-21T19:56:54,1787317015,13.822073,100.513435,,,-0.3,-1.7,-135.7,224.3,,,,23.0,17,AUTO.LOITER,0,0
2026-08-21T19:56:55,1787317016,13.822073,100.513435,,,-0.3,-1.7,-135.7,224.3,,,,23.0,17,AUTO.LOITER,0,0
2026-08-21T19:56:56,1787317017,13.822073,100.513435,,,-0.3,-1.7,-135.7,224.3,,,,23.0,17,AUTO.LOITER,0,0
2026-08-21T19:56:57,1787317018,13.822073,100.513435,,,-0.3,-1.7,-135.7,224.3,,,,23.0,17,AUTO.LOITER,0,0
2026-08-21T19:56:58,1787317019,13.822156,100.513273,,,-0.3,-1.7,-135.7,224.3,,,,23.0,17,AUTO.LOITER,0,0
2026-08-21T19:56:59,1787317020,13.822156,100.513273,,,-0.3,-1.7,-135.7,224.3,,,,23.0,17,AUTO.LOITER,0,0
2026-08-21T19:57:00,1787317021,13.822156,100.513273,,,-0.3,-1.7,-135.7,224.3,,,,23.0,17,AUTO.LOITER,0,0
2026-08-21T19:57:01,1787317022,13.822156,100.513273,,,-0.3,-1.7,-135.7,224.3,,,,23.0,17,AUTO.LOITER,0,0
2026-08-21T19:57:02,1787317023,13.822156,100.513273,,,-0.3,-1.7,-135.7,224.3,,,,23.0,17,AUTO.LOITER,0,0
2026-08-21T19:57:03,1787317024,13.822156,100.513273,,,-0.3,-1.8,-135.7,224.3,,,,23.0,17,AUTO.LOITER,0,0
2026-08-21T19:57:04,1787317025,13.822156,100.513273,,,-0.3,-1.8,-135.7,224.3,,,,23.0,17,AUTO.LOITER,0,0
2026-08-21T19:57:05,1787317026,13.822156,100.513273,,,-0.3,-1.8,-135.7,224.3,,,,23.0,17,AUTO.LOITER,0,0
2026-08-21T19:57:06,1787317027,13.822156,100.513273,,,-0.3,-1.8,-135.7,224.3,,,,23.0,17,AUTO.LOITER,0,0
2026-08-21T19:57:07,1787317028,13.822156,100.513273,,,-0.3,-1.8,-135.7,224.3,,,,23.0,17,AUTO.LOITER,0,0
2026-08-21T19:57:08,1787317029,13.822156,100.513273,,,-0.3,-1.8,-135.7,224.3,,,,23.0,17,AUTO.LOITER,0,0
2026-08-21T19:57:09,1787317030,13.822156,100.513273,,,-0.3,-1.8,-135.7,224.3,,,,23.0,17,AUTO.LOITER,0,0
2026-08-21T19:57:13,1787317034,13.822156,100.513273,,,-0.3,-1.8,-135.7,224.3,,,,23.0,17,AUTO.LOITER,0,0
2026-08-21T19:57:14,1787317035,13.822156,100.513273,,,-0.3,-1.8,-135.7,224.3,,,,23.0,17,AUTO.LOITER,0,0
2026-08-21T19:57:15,1787317036,13.822156,100.513273,,,-0.3,-1.8,-135.7,224.3,,,,23.0,17,AUTO.LOITER,0,0
2026-08-21T19:57:16,1787317037,13.822156,100.513273,,,-0.3,-1.8,-135.7,224.3,,,,23.0,17,AUTO.LOITER,0,0
2026-08-21T19:57:17,1787317038,13.822185,100.512945,,,-0.3,-1.8,-135.7,224.3,,,,23.0,17,AUTO.LOITER,0,0
2026-08-21T19:57:18,1787317039,13.822185,100.512945,,,-0.3,-1.8,-135.7,224.3,,,,23.0,17,AUTO.LOITER,0,0
2026-08-21T19:57:19,1787317040,13.822185,100.512945,,,-0.3,-1.8,-135.7,224.3,,,,23.0,17,AUTO.LOITER,0,0
2026-08-21T19:57:20,1787317041,13.822185,100.512945,,,-0.3,-1.8,-135.7,224.3,,,,23.0,17,AUTO.LOITER,0,0
2026-08-21T19:57:21,1787317042,13.822185,100.512945,,,-0.3,-1.8,-135.7,224.3,,,,23.0,17,AUTO.LOITER,0,0
2026-08-21T19:57:22,1787317043,13.822185,100.512945,,,-0.3,-1.8,-135.7,224.3,,,,23.0,17,AUTO.LOITER,0,0
2026-08-21T19:57:24,1787317044,13.822242,100.512874,,,-0.3,-1.7,-135.7,224.3,,,,23.0,17,AUTO.LOITER,0,0
2026-08-21T19:57:25,1787317045,13.822242,100.512874,,,-0.3,-1.7,-135.7,224.3,,,,23.0,17,AUTO.LOITER,0,0
2026-08-21T19:57:26,1787317046,13.822242,100.512874,,,-0.3,-1.7,-135.7,224.3,,,,23.0,17,AUTO.LOITER,0,0
2026-08-21T19:57:27,1787317047,13.822242,100.512874,,,-0.3,-1.7,-135.7,224.3,,,,23.0,17,AUTO.LOITER,0,0
2026-08-21T19:57:28,1787317048,13.822242,100.512874,,,-0.3,-1.7,-135.7,224.3,,,,23.0,17,AUTO.LOITER,0,0
2026-08-21T19:57:29,1787317049,13.822242,100.512874,,,-0.3,-1.7,-135.7,224.3,,,,23.0,17,AUTO.LOITER,0,0
2026-08-21T19:57:30,1787317050,13.822242,100.512874,,,-0.3,-1.7,-135.7,224.3,,,,23.0,17,AUTO.LOITER,0,0
2026-08-21T19:57:31,1787317051,13.822242,100.512874,,,-0.3,-1.7,-135.7,224.3,,,,23.0,17,AUTO.LOITER,0,0
2026-08-21T19:57:32,1787317052,13.822242,100.512874,,,-0.3,-1.7,-135.7,224.3,,,,23.0,17,AUTO.LOITER,0,0
2026-08-21T19:57:33,1787317053,13.822242,100.512874,,,-0.3,-1.7,-135.7,224.3,,,,23.0,17,AUTO.LOITER,0,0
2026-08-21T19:57:34,1787317054,13.822244,100.512977,,,-0.3,-1.8,-135.7,224.3,,,,23.0,17,AUTO.LOITER,0,0
2026-08-21T19:57:35,1787317055,13.822244,100.512977,,,-0.3,-1.8,-135.7,224.3,,,,23.0,17,AUTO.LOITER,0,0
2026-08-21T19:57:36,1787317056,13.822244,100.512977,,,-0.3,-1.8,-135.7,224.3,,,,22.99,17,AUTO.LOITER,0,0
2026-08-21T19:57:37,1787317057,13.822244,100.512977,,,-0.3,-1.8,-135.7,224.3,,,,22.99,17,AUTO.LOITER,0,0
2026-08-21T19:57:38,1787317058,13.822244,100.512977,,,-0.3,-1.8,-135.7,224.3,,,,22.99,17,AUTO.LOITER,0,0
2026-08-21T19:57:39,1787317059,13.822244,100.512977,,,-0.3,-1.8,-135.7,224.3,,,,22.99,17,AUTO.LOITER,0,0
2026-08-21T19:57:40,1787317060,13.822244,100.512977,,,-0.3,-1.8,-135.7,224.3,,,,22.99,17,AUTO.LOITER,0,0
2026-08-21T19:57:41,1787317061,13.822244,100.512977,,,-0.3,-1.8,-135.7,224.3,,,,22.99,17,AUTO.LOITER,0,0
2026-08-21T19:57:42,1787317062,13.822244,100.512977,,,-0.3,-1.8,-135.7,224.3,,,,22.99,17,AUTO.LOITER,0,0
2026-08-21T19:57:43,1787317063,13.822244,100.512977,,,-0.3,-1.8,-135.7,224.3,,,,22.99,17,AUTO.LOITER,0,0
2026-08-21T19:57:44,1787317064,13.822244,100.512977,,,-0.3,-1.8,-135.7,224.3,,,,22.99,17,AUTO.LOITER,0,0
2026-08-21T19:57:45,1787317065,13.822244,100.512977,,,-0.3,-1.8,-135.7,224.3,,,,22.99,17,AUTO.LOITER,0,0
2026-08-21T19:57:46,1787317066,13.822244,100.512977,,,-0.3,-1.8,-135.7,224.3,,,,22.99,17,AUTO.LOITER,0,0
2026-08-21T19:57:47,1787317067,13.822244,100.512977,,,-0.3,-1.8,-135.7,224.3,,,,22.99,17,AUTO.LOITER,0,0
2026-08-21T19:57:48,1787317068,13.822297,100.513039,,,-0.3,-1.8,-135.7,224.3,,,,22.99,17,AUTO.LOITER,0,0
2026-08-21T19:57:49,1787317069,13.822297,100.513039,,,-0.3,-1.8,-135.7,224.3,,,,22.99,17,AUTO.LOITER,0,0
2026-08-21T19:57:50,1787317070,13.822297,100.513039,,,-0.3,-1.8,-135.7,224.3,,,,22.99,17,AUTO.LOITER,0,0
2026-08-21T19:57:51,1787317071,13.822297,100.513039,,,-0.3,-1.8,-135.7,224.3,,,,22.99,17,AUTO.LOITER,0,0
2026-08-21T19:57:52,1787317072,13.822173,100.513284,,,-0.3,-1.8,-135.7,224.3,,,,22.99,17,AUTO.LOITER,0,0
2026-08-21T19:57:53,1787317073,13.822173,100.513284,,,-0.3,-1.8,-135.7,224.3,,,,22.99,17,AUTO.LOITER,0,0
2026-08-21T19:57:54,1787317074,13.822173,100.513284,,,-0.3,-1.8,-135.7,224.3,,,,22.99,17,AUTO.LOITER,0,0
2026-08-21T19:57:55,1787317075,13.822173,100.513284,,,-0.3,-1.8,-135.7,224.3,,,,22.99,17,AUTO.LOITER,0,0
2026-08-21T19:57:56,1787317076,13.822173,100.513284,,,-0.3,-1.8,-135.7,224.3,,,,22.99,17,AUTO.LOITER,0,0
2026-08-21T19:57:57,1787317077,13.822173,100.513284,,,-0.3,-1.8,-135.7,224.3,,,,22.99,17,AUTO.LOITER,0,0
2026-08-21T19:57:58,1787317078,13.822173,100.513284,,,-0.3,-1.8,-135.7,224.3,,,,22.99,17,AUTO.LOITER,0,0
2026-08-21T19:57:59,1787317079,13.822173,100.513284,,,-0.3,-1.8,-135.7,224.3,,,,22.99,17,AUTO.LOITER,0,0
2026-08-21T19:58:00,1787317080,13.822173,100.513284,,,-0.3,-1.8,-135.7,224.3,,,,22.99,17,AUTO.LOITER,0,0
2026-08-21T19:58:01,1787317081,13.822173,100.513284,,,-0.3,-1.8,-135.7,224.3,,,,22.99,17,AUTO.LOITER,0,0
2026-08-21T19:58:02,1787317082,13.822173,100.513284,,,-0.3,-1.8,-135.7,224.3,,,,22.99,17,AUTO.LOITER,0,0
2026-08-21T19:58:03,1787317083,13.822129,100.513351,,,-0.3,-1.8,-135.7,224.3,,,,22.99,16,AUTO.LOITER,0,0
2026-08-21T19:58:04,1787317084,13.822129,100.513351,,,-0.3,-1.8,-135.7,224.3,,,,22.99,16,AUTO.LOITER,0,0
2026-08-21T19:58:05,1787317085,13.822129,100.513351,,,-0.3,-1.8,-135.7,224.3,,,,22.99,16,AUTO.LOITER,0,0
2026-08-21T19:58:06,1787317086,13.822129,100.513351,,,-0.3,-1.8,-135.7,224.3,,,,22.99,16,AUTO.LOITER,0,0
2026-08-21T19:58:07,1787317087,13.822129,100.513351,,,-0.3,-1.8,-135.7,224.3,,,,22.99,16,AUTO.LOITER,0,0
2026-08-21T19:58:10,1787317090,13.822129,100.513351,,,-0.3,-1.8,-135.7,224.3,,,,22.99,16,AUTO.LOITER,0,0
2026-08-21T19:58:11,1787317091,13.822129,100.513351,,,-0.3,-1.8,-135.7,224.3,,,,22.99,16,AUTO.LOITER,0,0
2026-08-21T19:58:12,1787317092,13.822096,100.513402,,,-0.3,-1.8,-135.7,224.3,,,,22.99,16,AUTO.LOITER,0,0
2026-08-21T19:58:13,1787317093,13.822096,100.513402,,,-0.3,-1.7,-135.7,224.3,,,,22.99,16,AUTO.LOITER,0,0
2026-08-21T19:58:14,1787317094,13.822096,100.513402,,,-0.3,-1.7,-135.7,224.3,,,,22.99,16,AUTO.LOITER,0,0
2026-08-21T19:58:15,1787317095,13.822096,100.513402,,,-0.3,-1.7,-135.7,224.3,,,,22.99,16,AUTO.LOITER,0,0
2026-08-21T19:58:16,1787317096,13.822096,100.513402,,,-0.3,-1.7,-135.7,224.3,,,,22.99,16,AUTO.LOITER,0,0
2026-08-21T19:58:17,1787317097,13.822096,100.513402,,,-0.3,-1.7,-135.7,224.3,,,,22.99,16,AUTO.LOITER,0,0
2026-08-21T19:58:18,1787317098,13.82205,100.51341,,,-0.3,-1.7,-135.7,224.3,,,,22.99,16,AUTO.LOITER,0,0
2026-08-21T19:58:19,1787317099,13.82205,100.51341,,,-0.3,-1.8,-135.7,224.3,,,,22.99,16,AUTO.LOITER,0,0
2026-08-21T19:58:20,1787317100,13.82205,100.51341,,,-0.3,-1.8,-135.7,224.3,,,,22.99,16,AUTO.LOITER,0,0
2026-08-21T19:58:21,1787317101,13.82205,100.51341,,,-0.3,-1.8,-135.7,224.3,,,,22.99,16,AUTO.LOITER,0,0
2026-08-21T19:58:22,1787317102,13.82205,100.51341,,,-0.3,-1.8,-135.7,224.3,,,,22.99,16,AUTO.LOITER,0,0
2026-08-21T19:58:23,1787317103,13.82205,100.51341,,,-0.3,-1.8,-135.7,224.3,,,,22.99,16,AUTO.LOITER,0,0
2026-08-21T19:58:24,1787317104,13.82205,100.51341,,,-0.3,-1.8,-135.7,224.3,,,,22.99,16,AUTO.LOITER,0,0
2026-08-21T19:58:25,1787317105,13.82205,100.51341,,,-0.3,-1.8,-135.7,224.3,,,,22.99,16,AUTO.LOITER,0,0
2026-08-21T19:58:26,1787317106,13.82205,100.51341,,,-0.3,-1.8,-135.7,224.3,,,,22.99,16,AUTO.LOITER,0,0
2026-08-21T19:58:27,1787317107,13.82205,100.51341,,,-0.3,-1.8,-135.7,224.3,,,,22.99,16,AUTO.LOITER,0,0
2026-08-21T19:58:28,1787317108,13.822058,100.513366,,,-0.3,-1.8,-135.7,224.3,,,,22.99,16,AUTO.LOITER,0,0
2026-08-21T19:58:29,1787317109,13.822058,100.513366,,,-0.3,-1.8,-135.7,224.3,,,,22.99,16,AUTO.LOITER,0,0
2026-08-21T19:58:30,1787317110,13.822058,100.513366,,,-0.3,-1.8,-135.7,224.3,,,,22.99,16,AUTO.LOITER,0,0
2026-08-21T19:58:31,1787317111,13.822058,100.513366,,,-0.3,-1.8,-135.7,224.3,,,,22.99,16,AUTO.LOITER,0,0
2026-08-21T19:58:32,1787317112,13.822058,100.513366,,,-0.3,-1.8,-135.7,224.3,,,,22.99,16,AUTO.LOITER,0,0
2026-08-21T19:58:33,1787317113,13.822058,100.513366,,,-0.3,-1.8,-135.7,224.3,,,,22.99,16,AUTO.LOITER,0,0
2026-08-21T19:58:34,1787317114,13.822058,100.513366,,,-0.3,-1.8,-135.7,224.3,,,,22.99,16,AUTO.LOITER,0,0
2026-08-21T19:58:35,1787317115,13.822058,100.513366,,,-0.3,-1.8,-135.7,224.3,,,,22.99,16,AUTO.LOITER,0,0
2026-08-21T19:58:36,1787317116,13.822058,100.513366,,,-0.3,-1.8,-135.7,224.3,,,,22.99,16,AUTO.LOITER,0,0
2026-08-21T19:58:37,1787317117,13.822058,100.513366,,,-0.3,-1.8,-135.7,224.3,,,,22.99,16,AUTO.LOITER,0,0
2026-08-21T19:58:38,1787317118,13.822058,100.513366,,,-0.3,-1.8,-135.7,224.3,,,,22.99,16,AUTO.LOITER,0,0
2026-08-21T19:58:39,1787317119,13.822058,100.513366,,,-0.3,-1.7,-135.7,224.3,,,,22.99,16,AUTO.LOITER,0,0
2026-08-21T19:58:40,1787317120,13.822058,100.513366,,,-0.3,-1.7,-135.7,224.3,,,,22.99,16,AUTO.LOITER,0,0
2026-08-21T19:58:41,1787317121,13.822058,100.513366,,,-0.3,-1.7,-135.7,224.3,,,,22.99,16,AUTO.LOITER,0,0
2026-08-21T19:58:42,1787317122,13.82207,100.513221,,,-0.3,-1.8,-135.7,224.3,,,,22.99,16,AUTO.LOITER,0,0
2026-08-21T19:58:43,1787317123,13.82207,100.513221,,,-0.3,-1.8,-135.7,224.3,,,,22.99,16,AUTO.LOITER,0,0
2026-08-21T19:58:44,1787317124,13.82207,100.513221,,,-0.3,-1.8,-135.7,224.3,,,,22.99,16,AUTO.LOITER,0,0
2026-08-21T19:58:45,1787317125,13.82207,100.513221,,,-0.3,-1.8,-135.7,224.3,,,,22.99,16,AUTO.LOITER,0,0
2026-08-21T19:58:47,1787317127,13.82207,100.513221,,,-0.3,-1.8,-135.7,224.3,,,,22.99,16,AUTO.LOITER,0,0
2026-08-21T19:58:48,1787317128,13.82207,100.513221,,,-0.3,-1.8,-135.7,224.3,,,,22.99,16,AUTO.LOITER,0,0
2026-08-21T19:58:49,1787317129,13.82207,100.513221,,,-0.3,-1.8,-135.7,224.3,,,,22.99,16,AUTO.LOITER,0,0
2026-08-21T19:58:50,1787317130,13.82207,100.513221,,,-0.3,-1.8,-135.7,224.3,,,,22.99,16,AUTO.LOITER,0,0
2026-08-21T19:58:51,1787317131,13.82207,100.513221,,,-0.3,-1.8,-135.7,224.3,,,,22.99,16,AUTO.LOITER,0,0
2026-08-21T19:58:52,1787317132,13.82207,100.513221,,,-0.3,-1.8,-135.7,224.3,,,,22.99,16,AUTO.LOITER,0,0
2026-08-21T19:58:53,1787317133,13.82207,100.513221,,,-0.3,-1.8,-135.7,224.3,,,,22.99,16,AUTO.LOITER,0,0
2026-08-21T19:58:54,1787317134,13.82207,100.513221,,,-0.3,-1.8,-135.7,224.3,,,,22.99,16,AUTO.LOITER,0,0
2026-08-21T19:58:55,1787317135,13.82207,100.513221,,,-0.3,-1.8,-135.7,224.3,,,,22.99,16,AUTO.LOITER,0,0
2026-08-21T19:58:56,1787317136,13.82207,100.513221,,,-0.3,-1.8,-135.7,224.3,,,,22.99,16,AUTO.LOITER,0,0
2026-08-21T19:58:57,1787317137,13.82207,100.513221,,,-0.3,-1.8,-135.7,224.3,,,,22.99,16,AUTO.LOITER,0,0
2026-08-21T19:58:58,1787317138,13.82207,100.513221,,,-0.3,-1.8,-135.7,224.3,,,,22.99,16,AUTO.LOITER,0,0
2026-08-21T19:58:59,1787317139,13.82207,100.513221,,,-0.3,-1.8,-135.7,224.3,,,,22.99,16,AUTO.LOITER,0,0
2026-08-21T19:59:00,1787317140,13.82207,100.513221,,,-0.3,-1.8,-135.7,224.3,,,,22.99,16,AUTO.LOITER,0,0
2026-08-21T19:59:01,1787317141,13.82207,100.513221,,,-0.3,-1.8,-135.7,224.3,,,,22.99,16,AUTO.LOITER,0,0
2026-08-21T19:59:02,1787317142,13.82207,100.513221,,,-0.3,-1.8,-135.7,224.3,,,,22.99,16,AUTO.LOITER,0,0
2026-08-21T19:59:03,1787317143,13.82207,100.513221,,,-0.3,-1.8,-135.7,224.3,,,,22.99,16,AUTO.LOITER,0,0
2026-08-21T19:59:04,1787317144,13.82207,100.513221,,,-0.3,-1.8,-135.7,224.3,,,,22.99,16,AUTO.LOITER,0,0
2026-08-21T19:59:05,1787317145,13.82207,100.513221,,,-0.3,-1.7,-135.7,224.3,,,,22.99,16,AUTO.LOITER,0,0
2026-08-21T19:59:06,1787317146,13.82207,100.513221,,,-0.3,-1.7,-135.7,224.3,,,,22.99,16,AUTO.LOITER,0,0
2026-08-21T19:59:07,1787317147,13.82207,100.513221,,,-0.3,-1.8,-135.7,224.3,,,,22.99,16,AUTO.LOITER,0,0
2026-08-21T19:59:08,1787317148,13.82207,100.513221,,,-0.3,-1.8,-135.7,224.3,,,,22.99,16,AUTO.LOITER,0,0
2026-08-21T19:59:09,1787317149,13.821746,100.512505,,,-0.3,-1.8,-135.7,224.3,,,,22.99,16,AUTO.LOITER,0,0
2026-08-21T19:59:10,1787317150,13.821746,100.512505,,,-0.3,-1.8,-135.7,224.3,,,,22.99,16,AUTO.LOITER,0,0
2026-08-21T19:59:11,1787317151,13.821746,100.512505,,,-0.3,-1.8,-135.7,224.3,,,,22.99,16,AUTO.LOITER,0,0
2026-08-21T19:59:12,1787317152,13.821746,100.512505,,,-0.3,-1.8,-135.7,224.3,,,,22.99,16,AUTO.LOITER,0,0
2026-08-21T19:59:13,1787317153,13.821746,100.512505,,,-0.3,-1.8,-135.7,224.3,,,,22.99,16,AUTO.LOITER,0,0
2026-08-21T19:59:14,1787317154,13.821746,100.512505,,,-0.3,-1.8,-135.7,224.3,,,,22.99,16,AUTO.LOITER,0,0
2026-08-21T19:59:15,1787317155,13.821746,100.512505,,,-0.3,-1.8,-135.7,224.3,,,,22.99,16,AUTO.LOITER,0,0
2026-08-21T19:59:16,1787317156,13.821746,100.512505,,,-0.3,-1.8,-135.7,224.3,,,,22.99,16,AUTO.LOITER,0,0
2026-08-21T19:59:17,1787317157,13.821746,100.512505,,,-0.3,-1.8,-135.7,224.3,,,,22.99,16,AUTO.LOITER,0,0
2026-08-21T19:59:18,1787317158,13.821746,100.512505,,,-0.3,-1.8,-135.7,224.3,,,,22.99,16,AUTO.LOITER,0,0
2026-08-21T19:59:19,1787317159,13.821839,100.51279,,,-0.3,-1.8,-135.7,224.3,,,,22.99,16,AUTO.LOITER,0,0
2026-08-21T19:59:20,1787317160,13.821839,100.51279,,,-0.3,-1.8,-135.7,224.3,,,,22.99,16,AUTO.LOITER,0,0
2026-08-21T19:59:21,1787317161,13.821839,100.51279,,,-0.3,-1.8,-135.7,224.3,,,,22.99,16,AUTO.LOITER,0,0
2026-08-21T19:59:22,1787317162,13.821839,100.51279,,,-0.3,-1.8,-135.7,224.3,,,,22.99,16,AUTO.LOITER,0,0
2026-08-21T19:59:23,1787317163,13.821839,100.51279,,,-0.3,-1.8,-135.7,224.3,,,,22.99,16,AUTO.LOITER,0,0
2026-08-21T19:59:24,1787317164,13.821839,100.51279,,,-0.3,-1.8,-135.7,224.3,,,,22.99,16,AUTO.LOITER,0,0
2026-08-21T19:59:25,1787317165,13.821839,100.51279,,,-0.3,-1.8,-135.7,224.3,,,,22.99,16,AUTO.LOITER,0,0
2026-08-21T19:59:26,1787317166,13.821839,100.51279,,,-0.3,-1.8,-135.7,224.3,,,,22.99,16,AUTO.LOITER,0,0
2026-08-21T19:59:27,1787317167,13.821839,100.51279,,,-0.3,-1.8,-135.7,224.3,,,,22.99,16,AUTO.LOITER,0,0
2026-08-21T19:59:28,1787317168,13.822009,100.513188,,,-0.3,-1.8,-135.7,224.3,,,,22.99,16,AUTO.LOITER,0,0
2026-08-21T19:59:29,1787317169,13.822009,100.513188,,,-0.3,-1.8,-135.7,224.3,,,,22.99,16,AUTO.LOITER,0,0
2026-08-21T19:59:30,1787317170,13.822009,100.513188,,,-0.3,-1.8,-135.7,224.3,,,,22.99,16,AUTO.LOITER,0,0
2026-08-21T19:59:31,1787317171,13.822009,100.513188,,,-0.3,-1.8,-135.7,224.3,,,,22.99,16,AUTO.LOITER,0,0
2026-08-21T19:59:32,1787317172,13.822009,100.513188,,,-0.3,-1.8,-135.7,224.3,,,,22.99,16,AUTO.LOITER,0,0
2026-08-21T19:59:33,1787317173,13.822009,100.513188,,,-0.3,-1.8,-135.7,224.3,,,,22.99,16,AUTO.LOITER,0,0
2026-08-21T19:59:34,1787317174,13.822024,100.51322,,,-0.3,-1.8,-135.7,224.3,,,,22.99,16,AUTO.LOITER,0,0
2026-08-21T19:59:35,1787317175,13.822024,100.51322,,,-0.3,-1.8,-135.7,224.3,,,,22.99,16,AUTO.LOITER,0,0
2026-08-21T19:59:36,1787317176,13.822024,100.51322,,,-0.3,-1.8,-135.7,224.3,,,,22.99,16,AUTO.LOITER,0,0
2026-08-21T19:59:37,1787317177,13.822024,100.51322,,,-0.3,-1.8,-135.7,224.3,,,,22.99,16,AUTO.LOITER,0,0
2026-08-21T19:59:38,1787317178,13.822024,100.51322,,,-0.3,-1.8,-135.7,224.3,,,,22.99,16,AUTO.LOITER,0,0
2026-08-21T19:59:39,1787317179,13.822024,100.51322,,,-0.3,-1.8,-135.7,224.3,,,,22.99,16,AUTO.LOITER,0,0
2026-08-21T19:59:40,1787317180,13.822024,100.51322,,,-0.3,-1.8,-135.7,224.3,,,,22.99,16,AUTO.LOITER,0,0
2026-08-21T19:59:41,1787317181,13.822024,100.51322,,,-0.3,-1.8,-135.7,224.3,,,,22.99,16,AUTO.LOITER,0,0
2026-08-21T19:59:42,1787317182,13.822027,100.513383,,,-0.3,-1.8,-135.7,224.3,,,,22.99,16,AUTO.LOITER,0,0
2026-08-21T19:59:43,1787317183,13.822027,100.513383,,,-0.3,-1.8,-135.7,224.3,,,,22.99,16,AUTO.LOITER,0,0
2026-08-21T19:59:44,1787317184,13.822027,100.513383,,,-0.3,-1.8,-135.7,224.3,,,,22.99,16,AUTO.LOITER,0,0
2026-08-21T19:59:45,1787317185,13.822027,100.513383,,,-0.3,-1.8,-135.7,224.3,,,,22.99,16,AUTO.LOITER,0,0
2026-08-21T19:59:46,1787317186,13.822027,100.513383,,,-0.3,-1.8,-135.7,224.3,,,,22.99,16,AUTO.LOITER,0,0
2026-08-21T19:59:47,1787317187,13.822027,100.513383,,,-0.3,-1.8,-135.7,224.3,,,,22.99,16,AUTO.LOITER,0,0
2026-08-21T19:59:48,1787317188,13.822027,100.513383,,,-0.3,-1.7,-135.7,224.3,,,,22.99,16,AUTO.LOITER,0,0
2026-08-21T19:59:49,1787317189,13.822027,100.513383,,,-0.3,-1.7,-135.7,224.3,,,,22.99,16,AUTO.LOITER,0,0
2026-08-21T19:59:50,1787317190,13.822027,100.513383,,,-0.3,-1.7,-135.7,224.3,,,,22.99,16,AUTO.LOITER,0,0
2026-08-21T19:59:51,1787317191,13.822027,100.513383,,,-0.3,-1.7,-135.7,224.3,,,,22.99,16,AUTO.LOITER,0,0
2026-08-21T19:59:52,1787317192,13.822027,100.513383,,,-0.3,-1.7,-135.7,224.3,,,,22.99,16,AUTO.LOITER,0,0
2026-08-21T19:59:53,1787317193,13.822027,100.513383,,,-0.3,-1.7,-135.7,224.3,,,,22.99,16,AUTO.LOITER,0,0
2026-08-21T19:59:54,1787317194,13.822027,100.513383,,,-0.3,-1.7,-135.7,224.3,,,,22.99,16,AUTO.LOITER,0,0
2026-08-21T19:59:55,1787317195,13.822027,100.513383,,,-0.3,-1.7,-135.7,224.3,,,,22.99,16,AUTO.LOITER,0,0
2026-08-21T19:59:56,1787317196,13.822027,100.513383,,,-0.3,-1.7,-135.7,224.3,,,,22.99,16,AUTO.LOITER,0,0
2026-08-21T19:59:57,1787317197,13.822027,100.513383,,,-0.3,-1.7,-135.7,224.3,,,,22.99,16,AUTO.LOITER,0,0
2026-08-21T19:59:58,1787317198,13.822027,100.513383,,,-0.3,-1.7,-135.7,224.3,,,,22.99,16,AUTO.LOITER,0,0
2026-08-21T19:59:59,1787317199,13.822027,100.513383,,,-0.3,-1.7,-135.7,224.3,,,,22.99,16,AUTO.LOITER,0,0
2026-08-21T20:00:00,1787317200,13.822027,100.513383,,,-0.3,-1.7,-135.7,224.3,,,,22.99,16,AUTO.LOITER,0,0
2026-08-21T20:00:01,1787317201,13.822027,100.513383,,,-0.3,-1.7,-135.7,224.3,,,,22.99,16,AUTO.LOITER,0,0
2026-08-21T20:00:02,1787317202,13.822027,100.513383,,,-0.3,-1.7,-135.7,224.3,,,,22.99,16,AUTO.LOITER,0,0
2026-08-21T20:00:03,1787317203,13.822027,100.513383,,,-0.3,-1.7,-135.7,224.3,,,,22.99,16,AUTO.LOITER,0,0
2026-08-21T20:00:04,1787317204,13.822027,100.513383,,,-0.3,-1.7,-135.7,224.3,,,,22.99,16,AUTO.LOITER,0,0
2026-08-21T20:00:05,1787317205,13.822027,100.513383,,,-0.3,-1.7,-135.7,224.3,,,,22.99,16,AUTO.LOITER,0,0
2026-08-21T20:00:06,1787317206,13.822027,100.513383,,,-0.3,-1.7,-135.7,224.3,,,,22.99,16,AUTO.LOITER,0,0
2026-08-21T20:00:07,1787317207,13.822027,100.513383,,,-0.3,-1.7,-135.7,224.3,,,,22.99,16,AUTO.LOITER,0,0
2026-08-21T20:00:08,1787317208,13.822027,100.513383,,,-0.3,-1.7,-135.7,224.3,,,,22.99,16,AUTO.LOITER,0,0
2026-08-21T20:00:09,1787317209,13.822027,100.513383,,,-0.3,-1.7,-135.7,224.3,,,,22.99,16,AUTO.LOITER,0,0
2026-08-21T20:00:10,1787317210,13.822027,100.513383,,,-0.3,-1.7,-135.7,224.3,,,,22.99,16,AUTO.LOITER,0,0
2026-08-21T20:00:11,1787317211,13.822027,100.513383,,,-0.3,-1.7,-135.7,224.3,,,,22.99,16,AUTO.LOITER,0,0
2026-08-21T20:00:12,1787317212,13.822027,100.513383,,,-0.3,-1.7,-135.7,224.3,,,,22.99,16,AUTO.LOITER,0,0
2026-08-21T20:00:13,1787317213,13.822205,100.513425,,,-0.3,-1.7,-135.7,224.3,,,,22.98,16,AUTO.LOITER,0,0
2026-08-21T20:00:14,1787317214,13.822205,100.513425,,,-0.3,-1.7,-135.7,224.3,,,,22.98,16,AUTO.LOITER,0,0
2026-08-21T20:00:15,1787317215,13.822205,100.513425,,,-0.3,-1.7,-135.7,224.3,,,,22.98,16,AUTO.LOITER,0,0
2026-08-21T20:00:16,1787317216,13.822205,100.513425,,,-0.3,-1.7,-135.7,224.3,,,,22.98,16,AUTO.LOITER,0,0
2026-08-21T20:00:17,1787317217,13.822205,100.513425,,,-0.3,-1.7,-135.7,224.3,,,,22.98,16,AUTO.LOITER,0,0
2026-08-21T20:00:18,1787317218,13.822205,100.513425,,,-0.3,-1.7,-135.7,224.3,,,,22.98,16,AUTO.LOITER,0,0
2026-08-21T20:00:19,1787317219,13.822205,100.513425,,,-0.3,-1.7,-135.7,224.3,,,,22.98,16,AUTO.LOITER,0,0
2026-08-21T20:00:20,1787317220,13.822205,100.513425,,,-0.3,-1.7,-135.7,224.3,,,,22.98,16,AUTO.LOITER,0,0
2026-08-21T20:00:21,1787317221,13.822205,100.513425,,,-0.3,-1.7,-135.7,224.3,,,,22.98,16,AUTO.LOITER,0,0
2026-08-21T20:00:22,1787317222,13.822205,100.513425,,,-0.3,-1.8,-135.7,224.3,,,,22.98,16,AUTO.LOITER,0,0
2026-08-21T20:00:23,1787317223,13.822131,100.51355,,,-0.3,-1.8,-135.7,224.3,,,,22.98,16,AUTO.LOITER,0,0
2026-08-21T20:00:24,1787317224,13.822131,100.51355,,,-0.3,-1.8,-135.7,224.3,,,,22.98,16,AUTO.LOITER,0,0
2026-08-21T20:00:25,1787317225,13.822131,100.51355,,,-0.3,-1.8,-135.7,224.3,,,,22.98,16,AUTO.LOITER,0,0
2026-08-21T20:00:26,1787317226,13.822131,100.51355,,,-0.3,-1.8,-135.7,224.3,,,,22.98,16,AUTO.LOITER,0,0
2026-08-21T20:00:27,1787317227,13.822131,100.51355,,,-0.3,-1.8,-135.7,224.3,,,,22.98,16,AUTO.LOITER,0,0
2026-08-21T20:00:28,1787317228,13.822131,100.51355,,,-0.3,-1.8,-135.7,224.3,,,,22.98,16,AUTO.LOITER,0,0
2026-08-21T20:00:29,1787317229,13.822131,100.51355,,,-0.3,-1.8,-135.7,224.3,,,,22.98,16,AUTO.LOITER,0,0
2026-08-21T20:00:30,1787317230,13.822042,100.513676,,,-0.3,-1.8,-135.7,224.3,,,,22.98,16,AUTO.LOITER,0,0
2026-08-21T20:00:31,1787317231,13.822042,100.513676,,,-0.3,-1.8,-135.7,224.3,,,,22.98,16,AUTO.LOITER,0,0
2026-08-21T20:00:32,1787317232,13.822042,100.513676,,,-0.3,-1.8,-135.7,224.3,,,,22.98,16,AUTO.LOITER,0,0
2026-08-21T20:00:33,1787317233,13.822042,100.513676,,,-0.3,-1.8,-135.7,224.3,,,,22.98,16,AUTO.LOITER,0,0
2026-08-21T20:00:34,1787317234,13.822042,100.513676,,,-0.3,-1.8,-135.7,224.3,,,,22.98,16,AUTO.LOITER,0,0
2026-08-21T20:00:35,1787317235,13.822042,100.513676,,,-0.3,-1.8,-135.7,224.3,,,,22.98,16,AUTO.LOITER,0,0
2026-08-21T20:00:36,1787317236,13.822042,100.513676,,,-0.3,-1.8,-135.7,224.3,,,,22.98,16,AUTO.LOITER,0,0
2026-08-21T20:00:37,1787317237,13.822042,100.513676,,,-0.3,-1.8,-135.7,224.3,,,,22.98,16,AUTO.LOITER,0,0
2026-08-21T20:00:38,1787317238,13.822042,100.513676,,,-0.3,-1.8,-135.7,224.3,,,,22.98,16,AUTO.LOITER,0,0
2026-08-21T20:00:39,1787317239,13.822042,100.513676,,,-0.3,-1.8,-135.7,224.3,,,,22.98,16,AUTO.LOITER,0,0
2026-08-21T20:00:40,1787317240,13.822042,100.513676,,,-0.3,-1.8,-135.7,224.3,,,,22.98,16,AUTO.LOITER,0,0
2026-08-21T20:00:41,1787317241,13.822042,100.513676,,,-0.3,-1.8,-135.7,224.3,,,,22.98,16,AUTO.LOITER,0,0
2026-08-21T20:00:42,1787317242,13.822042,100.513676,,,-0.3,-1.8,-135.7,224.3,,,,22.98,16,AUTO.LOITER,0,0
2026-08-21T20:00:43,1787317243,13.822017,100.513723,,,-0.3,-1.8,-135.7,224.3,,,,22.98,16,AUTO.LOITER,0,0
2026-08-21T20:00:44,1787317244,13.822017,100.513723,,,-0.3,-1.8,-135.7,224.3,,,,22.98,16,AUTO.LOITER,0,0
2026-08-21T20:00:45,1787317245,13.822017,100.513723,,,-0.3,-1.8,-135.7,224.3,,,,22.98,16,AUTO.LOITER,0,0
2026-08-21T20:00:46,1787317246,13.822017,100.513723,,,-0.3,-1.8,-135.7,224.3,,,,22.98,16,AUTO.LOITER,0,0
2026-08-21T20:00:47,1787317247,13.822017,100.513723,,,-0.3,-1.8,-135.7,224.3,,,,22.98,16,AUTO.LOITER,0,0
2026-08-21T20:00:48,1787317248,13.822017,100.513723,,,-0.3,-1.8,-135.7,224.3,,,,22.98,16,AUTO.LOITER,0,0
2026-08-21T20:00:49,1787317249,13.822017,100.513723,,,-0.3,-1.8,-135.7,224.3,,,,22.98,16,AUTO.LOITER,0,0
2026-08-21T20:00:50,1787317250,13.822017,100.513723,,,-0.3,-1.8,-135.7,224.3,,,,22.98,16,AUTO.LOITER,0,0
2026-08-21T20:00:51,1787317251,13.822017,100.513723,,,-0.3,-1.8,-135.7,224.3,,,,22.98,16,AUTO.LOITER,0,0
2026-08-21T20:00:52,1787317252,13.822017,100.513723,,,-0.3,-1.8,-135.7,224.3,,,,22.98,16,AUTO.LOITER,0,0
2026-08-21T20:00:53,1787317253,13.822017,100.513723,,,-0.3,-1.8,-135.7,224.3,,,,22.98,16,AUTO.LOITER,0,0
2026-08-21T20:00:54,1787317254,13.822017,100.513723,,,-0.3,-1.8,-135.7,224.3,,,,22.98,16,AUTO.LOITER,0,0
2026-08-21T20:00:55,1787317255,13.822017,100.513723,,,-0.3,-1.8,-135.7,224.3,,,,22.98,16,AUTO.LOITER,0,0
2026-08-21T20:00:56,1787317256,13.822017,100.513723,,,-0.3,-1.8,-135.7,224.3,,,,22.98,16,AUTO.LOITER,0,0
2026-08-21T20:00:57,1787317257,13.822017,100.513723,,,-0.3,-1.8,-135.7,224.3,,,,22.98,16,AUTO.LOITER,0,0
2026-08-21T20:00:58,1787317258,13.822017,100.513723,,,-0.3,-1.8,-135.7,224.3,,,,22.98,16,AUTO.LOITER,0,0
2026-08-21T20:00:59,1787317259,13.822017,100.513723,,,-0.3,-1.8,-135.7,224.3,,,,22.98,16,AUTO.LOITER,0,0
2026-08-21T20:01:00,1787317260,13.822017,100.513723,,,-0.3,-1.8,-135.7,224.3,,,,22.98,16,AUTO.LOITER,0,0
2026-08-21T20:01:01,1787317261,13.822017,100.513723,,,-0.3,-1.8,-135.7,224.3,,,,22.98,16,AUTO.LOITER,0,0
2026-08-21T20:01:02,1787317262,13.821961,100.513798,,,-0.3,-1.8,-135.7,224.3,,,,22.98,16,AUTO.LOITER,0,0
2026-08-21T20:01:03,1787317263,13.821961,100.513798,,,-0.3,-1.8,-135.7,224.3,,,,22.98,16,AUTO.LOITER,0,0
2026-08-21T20:01:04,1787317264,13.821961,100.513798,,,-0.3,-1.8,-135.7,224.3,,,,22.98,16,AUTO.LOITER,0,0
2026-08-21T20:01:06,1787317266,13.821961,100.513798,,,-0.3,-1.8,-135.7,224.3,,,,22.98,16,AUTO.LOITER,0,0
2026-08-21T20:01:07,1787317267,13.822004,100.513737,,,-0.3,-1.8,-135.7,224.3,,,,22.98,16,AUTO.LOITER,0,0
2026-08-21T20:01:08,1787317268,13.822004,100.513737,,,-0.3,-1.8,-135.7,224.3,,,,22.98,16,AUTO.LOITER,0,0
2026-08-21T20:01:09,1787317269,13.822004,100.513737,,,-0.3,-1.8,-135.7,224.3,,,,22.98,16,AUTO.LOITER,0,0
2026-08-21T20:01:10,1787317270,13.822004,100.513737,,,-0.3,-1.8,-135.7,224.3,,,,22.98,16,AUTO.LOITER,0,0
2026-08-21T20:01:11,1787317271,13.822004,100.513737,,,-0.3,-1.8,-135.7,224.3,,,,22.98,16,AUTO.LOITER,0,0
2026-08-21T20:01:12,1787317272,13.822004,100.513737,,,-0.3,-1.8,-135.7,224.3,,,,22.98,16,AUTO.LOITER,0,0
2026-08-21T20:01:13,1787317273,13.822004,100.513737,,,-0.3,-1.8,-135.7,224.3,,,,22.98,16,AUTO.LOITER,0,0
2026-08-21T20:01:14,1787317274,13.822004,100.513737,,,-0.3,-1.8,-135.7,224.3,,,,22.98,16,AUTO.LOITER,0,0
2026-08-21T20:01:15,1787317275,13.822004,100.513737,,,-0.3,-1.8,-135.7,224.3,,,,22.98,16,AUTO.LOITER,0,0
2026-08-21T20:01:16,1787317276,13.822004,100.513737,,,-0.3,-1.7,-135.7,224.3,,,,22.98,16,AUTO.LOITER,0,0
2026-08-21T20:01:17,1787317277,13.822004,100.513737,,,-0.3,-1.7,-135.7,224.3,,,,22.98,16,AUTO.LOITER,0,0
2026-08-21T20:01:18,1787317278,13.822004,100.513737,,,-0.3,-1.7,-135.7,224.3,,,,22.98,16,AUTO.LOITER,0,0
2026-08-21T20:01:19,1787317279,13.822032,100.513684,,,-0.3,-1.7,-135.8,224.2,,,,22.98,16,AUTO.LOITER,0,0
2026-08-21T20:01:20,1787317280,13.822032,100.513684,,,-0.3,-1.7,-135.8,224.2,,,,22.98,16,AUTO.LOITER,0,0
2026-08-21T20:01:21,1787317281,13.822032,100.513684,,,-0.3,-1.7,-135.8,224.2,,,,22.98,16,AUTO.LOITER,0,0
2026-08-21T20:01:22,1787317282,13.822032,100.513684,,,-0.3,-1.7,-135.8,224.2,,,,22.98,16,AUTO.LOITER,0,0
2026-08-21T20:01:23,1787317283,13.822032,100.513684,,,-0.3,-1.7,-135.8,224.2,,,,22.98,16,AUTO.LOITER,0,0
2026-08-21T20:01:24,1787317284,13.822032,100.513684,,,-0.3,-1.7,-135.8,224.2,,,,22.98,16,AUTO.LOITER,0,0
2026-08-21T20:01:25,1787317285,13.822032,100.513684,,,-0.3,-1.7,-135.8,224.2,,,,22.98,16,AUTO.LOITER,0,0
2026-08-21T20:01:26,1787317286,13.822032,100.513684,,,-0.3,-1.7,-135.8,224.2,,,,22.98,16,AUTO.LOITER,0,0
2026-08-21T20:01:27,1787317287,13.822032,100.513684,,,-0.3,-1.7,-135.8,224.2,,,,22.98,16,AUTO.LOITER,0,0
2026-08-21T20:01:28,1787317288,13.822032,100.513684,,,-0.3,-1.7,-135.8,224.2,,,,22.98,16,AUTO.LOITER,0,0
2026-08-21T20:01:29,1787317289,13.822032,100.513684,,,-0.3,-1.7,-135.8,224.2,,,,22.98,16,AUTO.LOITER,0,0
2026-08-21T20:01:30,1787317290,13.822032,100.513684,,,-0.3,-1.7,-135.8,224.2,,,,22.98,16,AUTO.LOITER,0,0
2026-08-21T20:01:31,1787317291,13.822032,100.513684,,,-0.3,-1.7,-135.8,224.2,,,,22.98,16,AUTO.LOITER,0,0
2026-08-21T20:01:32,1787317292,13.822032,100.513684,,,-0.3,-1.7,-135.8,224.2,,,,22.98,16,AUTO.LOITER,0,0
2026-08-21T20:01:33,1787317293,13.822032,100.513684,,,-0.3,-1.7,-135.8,224.2,,,,22.98,16,AUTO.LOITER,0,0
2026-08-21T20:01:34,1787317294,13.822032,100.513684,,,-0.3,-1.7,-135.8,224.2,,,,22.98,16,AUTO.LOITER,0,0
2026-08-21T20:01:35,1787317295,13.822032,100.513684,,,-0.3,-1.8,-135.7,224.3,,,,22.98,16,AUTO.LOITER,0,0
2026-08-21T20:01:36,1787317296,13.822032,100.513684,,,-0.3,-1.8,-135.7,224.3,,,,22.98,16,AUTO.LOITER,0,0
2026-08-21T20:01:37,1787317297,13.822032,100.513684,,,-0.3,-1.8,-135.7,224.3,,,,22.98,16,AUTO.LOITER,0,0
2026-08-21T20:01:38,1787317298,13.822032,100.513684,,,-0.3,-1.8,-135.7,224.3,,,,22.98,16,AUTO.LOITER,0,0
2026-08-21T20:01:39,1787317299,13.822032,100.513684,,,-0.3,-1.7,-135.7,224.3,,,,22.98,16,AUTO.LOITER,0,0
2026-08-21T20:01:40,1787317300,13.822032,100.513684,,,-0.3,-1.7,-135.7,224.3,,,,22.98,16,AUTO.LOITER,0,0
2026-08-21T20:01:41,1787317301,13.822032,100.513684,,,-0.3,-1.7,-135.7,224.3,,,,22.98,16,AUTO.LOITER,0,0
2026-08-21T20:01:42,1787317302,13.822032,100.513684,,,-0.3,-1.7,-135.7,224.3,,,,22.98,16,AUTO.LOITER,0,0
2026-08-21T20:01:43,1787317303,13.822032,100.513684,,,-0.3,-1.7,-135.7,224.3,,,,22.98,16,AUTO.LOITER,0,0
2026-08-21T20:01:44,1787317304,13.822032,100.513684,,,-0.3,-1.7,-135.7,224.3,,,,22.98,16,AUTO.LOITER,0,0
2026-08-21T20:01:45,1787317305,13.822032,100.513684,,,-0.3,-1.7,-135.7,224.3,,,,22.98,16,AUTO.LOITER,0,0
2026-08-21T20:01:46,1787317306,13.822032,100.513684,,,-0.3,-1.7,-135.7,224.3,,,,22.98,16,AUTO.LOITER,0,0
2026-08-21T20:01:47,1787317307,13.822032,100.513684,,,-0.3,-1.7,-135.7,224.3,,,,22.98,16,AUTO.LOITER,0,0
2026-08-21T20:01:48,1787317308,13.822032,100.513684,,,-0.3,-1.7,-135.7,224.3,,,,22.98,16,AUTO.LOITER,0,0
2026-08-21T20:01:49,1787317309,13.822032,100.513684,,,-0.3,-1.7,-135.7,224.3,,,,22.98,16,AUTO.LOITER,0,0
2026-08-21T20:01:50,1787317310,13.821943,100.513758,,,-0.3,-1.7,-135.7,224.3,,,,22.98,16,AUTO.LOITER,0,0
2026-08-21T20:01:51,1787317311,13.821943,100.513758,,,-0.3,-1.7,-135.7,224.3,,,,22.98,16,AUTO.LOITER,0,0
2026-08-21T20:01:52,1787317312,13.821943,100.513758,,,-0.3,-1.8,-135.7,224.3,,,,22.98,16,AUTO.LOITER,0,0
2026-08-21T20:01:53,1787317313,13.821943,100.513758,,,-0.3,-1.8,-135.7,224.3,,,,22.98,16,AUTO.LOITER,0,0
2026-08-21T20:01:54,1787317314,13.821943,100.513758,,,-0.3,-1.8,-135.7,224.3,,,,22.98,16,AUTO.LOITER,0,0
2026-08-21T20:01:55,1787317315,13.821943,100.513758,,,-0.3,-1.8,-135.7,224.3,,,,22.98,16,AUTO.LOITER,0,0
2026-08-21T20:01:56,1787317316,13.821943,100.513758,,,-0.3,-1.8,-135.7,224.3,,,,22.98,16,AUTO.LOITER,0,0
2026-08-21T20:01:57,1787317317,13.821943,100.513758,,,-0.3,-1.8,-135.7,224.3,,,,22.98,16,AUTO.LOITER,0,0
2026-08-21T20:01:58,1787317318,13.821978,100.513748,,,-0.3,-1.8,-135.7,224.3,,,,22.98,16,AUTO.LOITER,0,0
2026-08-21T20:01:59,1787317319,13.821978,100.513748,,,-0.3,-1.8,-135.7,224.3,,,,22.98,16,AUTO.LOITER,0,0
2026-08-21T20:02:00,1787317320,13.821978,100.513748,,,-0.3,-1.8,-135.7,224.3,,,,22.98,16,AUTO.LOITER,0,0
2026-08-21T20:02:01,1787317321,13.821978,100.513748,,,-0.3,-1.8,-135.7,224.3,,,,22.98,16,AUTO.LOITER,0,0
2026-08-21T20:02:02,1787317322,13.821978,100.513748,,,-0.3,-1.8,-135.7,224.3,,,,22.98,16,AUTO.LOITER,0,0
2026-08-21T20:02:03,1787317323,13.821978,100.513748,,,-0.3,-1.8,-135.7,224.3,,,,22.98,16,AUTO.LOITER,0,0
2026-08-21T20:02:04,1787317324,13.821978,100.513748,,,-0.3,-1.8,-135.7,224.3,,,,22.98,16,AUTO.LOITER,0,0
2026-08-21T20:02:05,1787317325,13.821978,100.513748,,,-0.3,-1.8,-135.7,224.3,,,,22.98,16,AUTO.LOITER,0,0
2026-08-21T20:02:06,1787317326,13.821978,100.513748,,,-0.3,-1.8,-135.7,224.3,,,,22.98,16,AUTO.LOITER,0,0
2026-08-21T20:02:07,1787317327,13.821978,100.513748,,,-0.3,-1.8,-135.7,224.3,,,,22.98,16,AUTO.LOITER,0,0
2026-08-21T20:02:08,1787317328,13.822094,100.513637,,,-0.3,-1.8,-135.7,224.3,,,,22.98,16,AUTO.LOITER,0,0
2026-08-21T20:02:09,1787317329,13.822094,100.513637,,,-0.3,-1.8,-135.7,224.3,,,,22.98,16,AUTO.LOITER,0,0
2026-08-21T20:02:10,1787317330,13.822094,100.513637,,,-0.3,-1.8,-135.7,224.3,,,,22.98,16,AUTO.LOITER,0,0
2026-08-21T20:02:11,1787317331,13.822094,100.513637,,,-0.3,-1.8,-135.7,224.3,,,,22.98,16,AUTO.LOITER,0,0
2026-08-21T20:02:12,1787317332,13.822094,100.513637,,,-0.3,-1.8,-135.7,224.3,,,,22.98,16,AUTO.LOITER,0,0
2026-08-21T20:02:13,1787317333,13.822094,100.513637,,,-0.3,-1.8,-135.7,224.3,,,,22.98,16,AUTO.LOITER,0,0
2026-08-21T20:02:14,1787317334,13.822094,100.513637,,,-0.3,-1.8,-135.7,224.3,,,,22.98,16,AUTO.LOITER,0,0
2026-08-21T20:02:15,1787317335,13.822094,100.513637,,,-0.3,-1.8,-135.7,224.3,,,,22.98,16,AUTO.LOITER,0,0
2026-08-21T20:02:16,1787317336,13.822094,100.513637,,,-0.3,-1.7,-135.6,224.4,,,,22.98,16,AUTO.LOITER,0,0
2026-08-21T20:02:17,1787317337,13.82208,100.513638,,,-0.3,-1.7,-135.6,224.4,,,,22.98,16,AUTO.LOITER,0,0
2026-08-21T20:02:18,1787317338,13.82208,100.513638,,,-0.3,-1.7,-135.6,224.4,,,,22.98,16,AUTO.LOITER,0,0
2026-08-21T20:02:19,1787317339,13.82208,100.513638,,,-0.3,-1.7,-135.6,224.4,,,,22.98,16,AUTO.LOITER,0,0
2026-08-21T20:02:20,1787317340,13.82208,100.513638,,,-0.3,-1.7,-135.6,224.4,,,,22.98,16,AUTO.LOITER,0,0
2026-08-21T20:02:21,1787317341,13.82208,100.513638,,,-0.3,-1.7,-135.6,224.4,,,,22.98,16,AUTO.LOITER,0,0
2026-08-21T20:02:22,1787317342,13.82208,100.513638,,,-0.3,-1.7,-135.6,224.4,,,,22.98,16,AUTO.LOITER,0,0
2026-08-21T20:02:23,1787317343,13.82208,100.513638,,,-0.3,-1.7,-135.6,224.4,,,,22.98,16,AUTO.LOITER,0,0
2026-08-21T20:02:24,1787317344,13.82208,100.513638,,,-0.3,-1.7,-135.6,224.4,,,,22.98,16,AUTO.LOITER,0,0
2026-08-21T20:02:25,1787317345,13.82208,100.513638,,,-0.3,-1.7,-135.6,224.4,,,,22.98,16,AUTO.LOITER,0,0
2026-08-21T20:02:26,1787317346,13.82208,100.513638,,,-0.3,-1.7,-135.6,224.4,,,,22.98,16,AUTO.LOITER,0,0
2026-08-21T20:02:27,1787317347,13.82208,100.513638,,,-0.3,-1.7,-135.6,224.4,,,,22.98,16,AUTO.LOITER,0,0
2026-08-21T20:02:28,1787317348,13.82208,100.513638,,,-0.3,-1.7,-135.6,224.4,,,,22.98,16,AUTO.LOITER,0,0
2026-08-21T20:02:29,1787317349,13.82208,100.513638,,,-0.3,-1.7,-135.6,224.4,,,,22.98,16,AUTO.LOITER,0,0
2026-08-21T20:02:30,1787317350,13.82208,100.513638,,,-0.3,-1.7,-135.6,224.4,,,,22.98,16,AUTO.LOITER,0,0
2026-08-21T20:02:31,1787317351,13.82208,100.513638,,,-0.3,-1.7,-135.6,224.4,,,,22.98,16,AUTO.LOITER,0,0
2026-08-21T20:02:32,1787317352,13.82208,100.513638,,,-0.3,-1.7,-135.6,224.4,,,,22.98,16,AUTO.LOITER,0,0
2026-08-21T20:02:33,1787317353,13.82208,100.513638,,,-0.3,-1.7,-135.6,224.4,,,,22.98,16,AUTO.LOITER,0,0
2026-08-21T20:02:34,1787317354,13.82208,100.513638,,,-0.3,-1.7,-135.7,224.3,,,,22.98,16,AUTO.LOITER,0,0
2026-08-21T20:02:35,1787317355,13.82208,100.513638,,,-0.3,-1.7,-135.7,224.3,,,,22.98,16,AUTO.LOITER,0,0
2026-08-21T20:02:36,1787317356,13.822019,100.513622,,,-0.3,-1.7,-135.7,224.3,,,,22.97,16,AUTO.LOITER,0,0
2026-08-21T20:02:37,1787317357,13.822019,100.513622,,,-0.3,-1.7,-135.7,224.3,,,,22.97,16,AUTO.LOITER,0,0
2026-08-21T20:02:38,1787317358,13.822019,100.513622,,,-0.3,-1.8,-135.7,224.3,,,,22.97,16,AUTO.LOITER,0,0
2026-08-21T20:02:39,1787317359,13.822019,100.513622,,,-0.3,-1.8,-135.7,224.3,,,,22.97,16,AUTO.LOITER,0,0
2026-08-21T20:02:40,1787317360,13.822019,100.513622,,,-0.3,-1.8,-135.7,224.3,,,,22.97,16,AUTO.LOITER,0,0
2026-08-21T20:02:41,1787317361,13.822019,100.513622,,,-0.3,-1.8,-135.7,224.3,,,,22.97,16,AUTO.LOITER,0,0
2026-08-21T20:02:42,1787317362,13.822019,100.513622,,,-0.3,-1.8,-135.7,224.3,,,,22.97,16,AUTO.LOITER,0,0
2026-08-21T20:02:43,1787317363,13.822019,100.513622,,,-0.3,-1.8,-135.7,224.3,,,,22.97,16,AUTO.LOITER,0,0
2026-08-21T20:02:44,1787317364,13.822019,100.513622,,,-0.3,-1.8,-135.7,224.3,,,,22.97,16,AUTO.LOITER,0,0
2026-08-21T20:02:45,1787317365,13.822019,100.513622,,,-0.3,-1.8,-135.7,224.3,,,,22.97,16,AUTO.LOITER,0,0
2026-08-21T20:02:46,1787317366,13.822019,100.513622,,,-0.3,-1.8,-135.7,224.3,,,,22.97,16,AUTO.LOITER,0,0
2026-08-21T20:02:47,1787317367,13.822019,100.513622,,,-0.3,-1.8,-135.7,224.3,,,,22.97,16,AUTO.LOITER,0,0
2026-08-21T20:02:48,1787317368,13.822019,100.513622,,,-0.3,-1.8,-135.7,224.3,,,,22.97,16,AUTO.LOITER,0,0
2026-08-21T20:02:49,1787317369,13.822019,100.513622,,,-0.3,-1.8,-135.7,224.3,,,,22.97,16,AUTO.LOITER,0,0
2026-08-21T20:02:50,1787317370,13.822019,100.513622,,,-0.3,-1.8,-135.7,224.3,,,,22.97,16,AUTO.LOITER,0,0
2026-08-21T20:02:51,1787317371,13.822019,100.513622,,,-0.3,-1.8,-135.7,224.3,,,,22.97,16,AUTO.LOITER,0,0
2026-08-21T20:02:52,1787317372,13.822084,100.51356,,,-0.3,-1.8,-135.7,224.3,,,,22.97,16,AUTO.LOITER,0,0
2026-08-21T20:02:53,1787317373,13.822084,100.51356,,,-0.3,-1.8,-135.7,224.3,,,,22.97,16,AUTO.LOITER,0,0
2026-08-21T20:02:54,1787317374,13.822084,100.51356,,,-0.3,-1.8,-135.7,224.3,,,,22.97,16,AUTO.LOITER,0,0
2026-08-21T20:02:55,1787317375,13.822084,100.51356,,,-0.3,-1.8,-135.7,224.3,,,,22.97,16,AUTO.LOITER,0,0
2026-08-21T20:02:56,1787317376,13.822084,100.51356,,,-0.3,-1.8,-135.7,224.3,,,,22.97,16,AUTO.LOITER,0,0
2026-08-21T20:02:57,1787317377,13.822084,100.51356,,,-0.3,-1.8,-135.7,224.3,,,,22.97,16,AUTO.LOITER,0,0
2026-08-21T20:02:58,1787317378,13.822084,100.51356,,,-0.3,-1.8,-135.7,224.3,,,,22.97,16,AUTO.LOITER,0,0
2026-08-21T20:02:59,1787317379,13.822084,100.51356,,,-0.3,-1.8,-135.7,224.3,,,,22.97,16,AUTO.LOITER,0,0
2026-08-21T20:03:00,1787317380,13.822084,100.51356,,,-0.3,-1.8,-135.7,224.3,,,,22.97,16,AUTO.LOITER,0,0
2026-08-21T20:03:01,1787317381,13.822084,100.51356,,,-0.3,-1.8,-135.7,224.3,,,,22.97,16,AUTO.LOITER,0,0
2026-08-21T20:03:02,1787317382,13.822084,100.51356,,,-0.3,-1.8,-135.7,224.3,,,,22.97,16,AUTO.LOITER,0,0
2026-08-21T20:03:03,1787317383,13.822084,100.51356,,,-0.3,-1.8,-135.7,224.3,,,,22.97,16,AUTO.LOITER,0,0
2026-08-21T20:03:04,1787317384,13.822084,100.51356,,,-0.3,-1.8,-135.7,224.3,,,,22.97,16,AUTO.LOITER,0,0
2026-08-21T20:03:07,1787317387,13.822084,100.51356,,,-0.3,-1.8,-135.6,224.4,,,,22.97,16,AUTO.LOITER,0,0
2026-08-21T20:03:08,1787317388,13.822084,100.51356,,,-0.3,-1.8,-135.6,224.4,,,,22.97,16,AUTO.LOITER,0,0
2026-08-21T20:03:09,1787317389,13.822084,100.51356,,,-0.3,-1.8,-135.6,224.4,,,,22.97,16,AUTO.LOITER,0,0
2026-08-21T20:03:10,1787317390,13.822084,100.51356,,,-0.3,-1.8,-135.6,224.4,,,,22.97,16,AUTO.LOITER,0,0
2026-08-21T20:03:11,1787317391,13.822084,100.51356,,,-0.3,-1.8,-135.6,224.4,,,,22.97,16,AUTO.LOITER,0,0
2026-08-21T20:03:12,1787317392,13.822084,100.51356,,,-0.2,-1.8,-135.6,224.4,,,,22.97,16,AUTO.LOITER,0,0
2026-08-21T20:03:13,1787317393,13.822084,100.51356,,,-0.2,-1.8,-135.6,224.4,,,,22.97,16,AUTO.LOITER,0,0
2026-08-21T20:03:14,1787317394,13.822084,100.51356,,,-0.2,-1.8,-135.6,224.4,,,,22.97,16,AUTO.LOITER,0,0
2026-08-21T20:03:15,1787317395,13.822084,100.51356,,,-0.2,-1.8,-135.6,224.4,,,,22.97,16,AUTO.LOITER,0,0
2026-08-21T20:03:16,1787317396,13.822084,100.51356,,,-0.2,-1.8,-135.6,224.4,,,,22.97,16,AUTO.LOITER,0,0
2026-08-21T20:03:17,1787317397,13.822084,100.51356,,,-0.3,-1.8,-135.7,224.3,,,,22.97,16,AUTO.LOITER,0,0
2026-08-21T20:03:18,1787317398,13.822074,100.513678,,,-0.3,-1.8,-135.7,224.3,,,,22.97,16,AUTO.LOITER,0,0
2026-08-21T20:03:19,1787317399,13.822074,100.513678,,,-0.3,-1.8,-135.7,224.3,,,,22.97,16,AUTO.LOITER,0,0
2026-08-21T20:03:20,1787317400,13.822074,100.513678,,,-0.3,-1.8,-135.7,224.3,,,,22.97,16,AUTO.LOITER,0,0
2026-08-21T20:03:21,1787317401,13.822074,100.513678,,,-0.3,-1.8,-135.7,224.3,,,,22.97,16,AUTO.LOITER,0,0
2026-08-21T20:03:22,1787317402,13.822074,100.513678,,,-0.3,-1.8,-135.7,224.3,,,,22.97,16,AUTO.LOITER,0,0
2026-08-21T20:03:23,1787317403,13.822074,100.513678,,,-0.3,-1.8,-135.7,224.3,,,,22.97,16,AUTO.LOITER,0,0
2026-08-21T20:03:27,1787317407,13.822074,100.513678,,,-0.3,-1.8,-135.7,224.3,,,,22.97,16,AUTO.LOITER,0,0
2026-08-21T20:03:28,1787317408,13.822074,100.513678,,,-0.3,-1.8,-135.7,224.3,,,,22.97,16,AUTO.LOITER,0,0
2026-08-21T20:03:29,1787317409,13.822074,100.513678,,,-0.3,-1.8,-135.7,224.3,,,,22.97,16,AUTO.LOITER,0,0
2026-08-21T20:03:30,1787317410,13.822074,100.513678,,,-0.3,-1.8,-135.7,224.3,,,,22.97,16,AUTO.LOITER,0,0
2026-08-21T20:03:31,1787317411,13.822074,100.513678,,,-0.3,-1.8,-135.7,224.3,,,,22.97,16,AUTO.LOITER,0,0
2026-08-21T20:03:32,1787317412,13.822074,100.513678,,,-0.3,-1.8,-135.7,224.3,,,,22.97,16,AUTO.LOITER,0,0
2026-08-21T20:03:33,1787317413,13.821968,100.513653,,,-0.3,-1.8,-135.7,224.3,,,,22.97,16,AUTO.LOITER,0,0
2026-08-21T20:03:34,1787317414,13.821968,100.513653,,,-0.3,-1.8,-135.7,224.3,,,,22.97,16,AUTO.LOITER,0,0
2026-08-21T20:03:35,1787317415,13.821968,100.513653,,,-0.3,-1.8,-135.7,224.3,,,,22.97,16,AUTO.LOITER,0,0
2026-08-21T20:03:36,1787317416,13.821968,100.513653,,,-0.3,-1.8,-135.7,224.3,,,,22.97,16,AUTO.LOITER,0,0
2026-08-21T20:03:37,1787317417,13.821968,100.513653,,,-0.3,-1.8,-135.7,224.3,,,,22.97,16,AUTO.LOITER,0,0
2026-08-21T20:03:38,1787317418,13.821968,100.513653,,,-0.3,-1.8,-135.7,224.3,,,,22.97,16,AUTO.LOITER,0,0
2026-08-21T20:03:39,1787317419,13.821968,100.513653,,,-0.3,-1.8,-135.7,224.3,,,,22.97,16,AUTO.LOITER,0,0
2026-08-21T20:03:40,1787317420,13.821968,100.513653,,,-0.3,-1.8,-135.7,224.3,,,,22.97,16,AUTO.LOITER,0,0
2026-08-21T20:03:41,1787317421,13.821968,100.513653,,,-0.3,-1.8,-135.7,224.3,,,,22.97,16,AUTO.LOITER,0,0
2026-08-21T20:03:42,1787317422,13.821968,100.513653,,,-0.3,-1.8,-135.7,224.3,,,,22.97,16,AUTO.LOITER,0,0
2026-08-21T20:03:43,1787317423,13.821968,100.513653,,,-0.3,-1.8,-135.7,224.3,,,,22.97,16,AUTO.LOITER,0,0
2026-08-21T20:03:44,1787317424,13.821855,100.513635,,,-0.3,-1.8,-135.7,224.3,,,,22.97,16,AUTO.LOITER,0,0
2026-08-21T20:03:45,1787317425,13.821855,100.513635,,,-0.3,-1.8,-135.7,224.3,,,,22.97,16,AUTO.LOITER,0,0
2026-08-21T20:03:46,1787317426,13.821855,100.513635,,,-0.3,-1.8,-135.7,224.3,,,,22.97,16,AUTO.LOITER,0,0
2026-08-21T20:03:47,1787317427,13.821855,100.513635,,,-0.3,-1.8,-135.7,224.3,,,,22.97,16,AUTO.LOITER,0,0
2026-08-21T20:03:48,1787317428,13.821855,100.513635,,,-0.3,-1.8,-135.7,224.3,,,,22.97,16,AUTO.LOITER,0,0
2026-08-21T20:03:49,1787317429,13.821855,100.513635,,,-0.3,-1.7,-135.7,224.3,,,,22.97,16,AUTO.LOITER,0,0
2026-08-21T20:03:50,1787317430,13.821855,100.513635,,,-0.3,-1.7,-135.7,224.3,,,,22.97,16,AUTO.LOITER,0,0
2026-08-21T20:03:51,1787317431,13.821855,100.513635,,,-0.3,-1.7,-135.7,224.3,,,,22.97,16,AUTO.LOITER,0,0
2026-08-21T20:03:52,1787317432,13.821855,100.513635,,,-0.3,-1.7,-135.7,224.3,,,,22.97,16,AUTO.LOITER,0,0
2026-08-21T20:03:53,1787317433,13.821855,100.513635,,,-0.3,-1.7,-135.7,224.3,,,,22.97,16,AUTO.LOITER,0,0
2026-08-21T20:03:54,1787317434,13.821855,100.513635,,,-0.3,-1.8,-135.7,224.3,,,,22.97,16,AUTO.LOITER,0,0
2026-08-21T20:03:55,1787317435,13.821855,100.513635,,,-0.3,-1.8,-135.7,224.3,,,,22.97,16,AUTO.LOITER,0,0
2026-08-21T20:03:56,1787317436,13.821855,100.513635,,,-0.3,-1.8,-135.7,224.3,,,,22.97,16,AUTO.LOITER,0,0
2026-08-21T20:03:57,1787317437,13.821855,100.513635,,,-0.3,-1.8,-135.7,224.3,,,,22.97,16,AUTO.LOITER,0,0
2026-08-21T20:03:58,1787317438,13.821941,100.513644,,,-0.3,-1.8,-135.7,224.3,,,,22.97,15,AUTO.LOITER,0,0
2026-08-21T20:03:59,1787317439,13.821941,100.513644,,,-0.3,-1.8,-135.8,224.2,,,,22.97,15,AUTO.LOITER,0,0
2026-08-21T20:04:00,1787317440,13.821941,100.513644,,,-0.3,-1.8,-135.8,224.2,,,,22.97,15,AUTO.LOITER,0,0
2026-08-21T20:04:01,1787317441,13.821941,100.513644,,,-0.3,-1.8,-135.8,224.2,,,,22.97,15,AUTO.LOITER,0,0
2026-08-21T20:04:02,1787317442,13.821991,100.513635,,,-0.3,-1.8,-135.8,224.2,,,,22.97,15,AUTO.LOITER,0,0
2026-08-21T20:04:03,1787317443,13.821991,100.513635,,,-0.3,-1.8,-135.8,224.2,,,,22.97,15,AUTO.LOITER,0,0
2026-08-21T20:04:04,1787317444,13.821991,100.513635,,,-0.3,-1.8,-135.8,224.2,,,,22.97,15,AUTO.LOITER,0,0
2026-08-21T20:04:05,1787317445,13.821991,100.513635,,,-0.3,-1.8,-135.8,224.2,,,,22.97,15,AUTO.LOITER,0,0
2026-08-21T20:04:06,1787317446,13.821991,100.513635,,,-0.3,-1.8,-135.8,224.2,,,,22.97,15,AUTO.LOITER,0,0
2026-08-21T20:04:07,1787317447,13.822019,100.513627,,,-0.3,-1.8,-135.8,224.2,,,,22.97,15,AUTO.LOITER,0,0
2026-08-21T20:04:08,1787317448,13.822019,100.513627,,,-0.3,-1.8,-135.8,224.2,,,,22.97,15,AUTO.LOITER,0,0
2026-08-21T20:04:09,1787317449,13.822019,100.513627,,,-0.3,-1.8,-135.8,224.2,,,,22.97,15,AUTO.LOITER,0,0
2026-08-21T20:04:10,1787317450,13.822019,100.513627,,,-0.3,-1.8,-135.9,224.1,,,,22.97,15,AUTO.LOITER,0,0
2026-08-21T20:04:11,1787317451,13.822019,100.513627,,,-0.3,-1.8,-135.9,224.1,,,,22.97,15,AUTO.LOITER,0,0
2026-08-21T20:04:12,1787317452,13.822068,100.513641,,,-0.3,-1.8,-135.9,224.1,,,,22.97,15,AUTO.LOITER,0,0
2026-08-21T20:04:13,1787317453,13.822068,100.513641,,,-0.3,-1.7,-135.9,224.1,,,,22.97,15,AUTO.LOITER,0,0
2026-08-21T20:04:14,1787317454,13.822068,100.513641,,,-0.3,-1.7,-135.9,224.1,,,,22.97,15,AUTO.LOITER,0,0
2026-08-21T20:04:15,1787317455,13.822068,100.513641,,,-0.3,-1.7,-135.9,224.1,,,,22.97,15,AUTO.LOITER,0,0
2026-08-21T20:04:16,1787317456,13.82206,100.513655,,,-0.3,-1.7,-135.9,224.1,,,,22.97,15,AUTO.LOITER,0,0
2026-08-21T20:04:17,1787317457,13.82206,100.513655,,,-0.3,-1.8,-135.8,224.2,,,,22.97,15,AUTO.LOITER,0,0
2026-08-21T20:04:18,1787317458,13.82206,100.513655,,,-0.3,-1.8,-135.8,224.2,,,,22.97,15,AUTO.LOITER,0,0
2026-08-21T20:04:19,1787317459,13.82206,100.513655,,,-0.3,-1.8,-135.8,224.2,,,,22.97,15,AUTO.LOITER,0,0
2026-08-21T20:04:20,1787317460,13.82206,100.513655,,,-0.3,-1.8,-135.8,224.2,,,,22.97,15,AUTO.LOITER,0,0
2026-08-21T20:04:21,1787317461,13.82206,100.513655,,,-0.3,-1.8,-135.8,224.2,,,,22.97,15,AUTO.LOITER,0,0
2026-08-21T20:04:22,1787317462,13.82206,100.513655,,,-0.3,-1.8,-135.8,224.2,,,,22.97,15,AUTO.LOITER,0,0
2026-08-21T20:04:23,1787317463,13.82206,100.513655,,,-0.3,-1.8,-135.8,224.2,,,,22.97,15,AUTO.LOITER,0,0
2026-08-21T20:04:24,1787317464,13.82206,100.513655,,,-0.3,-1.8,-135.8,224.2,,,,22.97,15,AUTO.LOITER,0,0
2026-08-21T20:04:25,1787317465,13.82206,100.513655,,,-0.3,-1.8,-135.8,224.2,,,,22.97,15,AUTO.LOITER,0,0
2026-08-21T20:04:26,1787317466,13.82206,100.513655,,,-0.3,-1.8,-135.8,224.2,,,,22.97,15,AUTO.LOITER,0,0
2026-08-21T20:04:27,1787317467,13.82206,100.513655,,,-0.3,-1.8,-135.8,224.2,,,,22.97,15,AUTO.LOITER,0,0
2026-08-21T20:04:28,1787317468,13.822074,100.513682,,,-0.3,-1.8,-135.9,224.1,,,,22.97,15,AUTO.LOITER,0,0
2026-08-21T20:04:29,1787317469,13.822074,100.513682,,,-0.3,-1.8,-135.9,224.1,,,,22.97,15,AUTO.LOITER,0,0
2026-08-21T20:04:30,1787317470,13.822074,100.513682,,,-0.3,-1.8,-135.9,224.1,,,,22.97,15,AUTO.LOITER,0,0
2026-08-21T20:04:31,1787317471,13.822074,100.513682,,,-0.3,-1.8,-135.9,224.1,,,,22.97,15,AUTO.LOITER,0,0
2026-08-21T20:04:32,1787317472,13.822074,100.513682,,,-0.3,-1.8,-135.9,224.1,,,,22.97,15,AUTO.LOITER,0,0
2026-08-21T20:04:33,1787317473,13.822137,100.513735,,,-0.3,-1.8,-135.9,224.1,,,,22.97,15,AUTO.LOITER,0,0
2026-08-21T20:04:34,1787317474,13.822137,100.513735,,,-0.3,-1.8,-135.9,224.1,,,,22.97,15,AUTO.LOITER,0,0
2026-08-21T20:04:35,1787317475,13.822137,100.513735,,,-0.3,-1.8,-135.9,224.1,,,,22.97,15,AUTO.LOITER,0,0
2026-08-21T20:04:36,1787317476,13.822137,100.513735,,,-0.3,-1.8,-135.9,224.1,,,,22.97,15,AUTO.LOITER,0,0
2026-08-21T20:04:37,1787317477,13.822149,100.51377,,,-0.3,-1.8,-135.9,224.1,,,,22.97,15,AUTO.LOITER,0,0
2026-08-21T20:04:38,1787317478,13.822149,100.51377,,,-0.3,-1.8,-135.9,224.1,,,,22.97,15,AUTO.LOITER,0,0
2026-08-21T20:04:39,1787317479,13.822149,100.51377,,,-0.3,-1.8,-135.9,224.1,,,,22.97,15,AUTO.LOITER,0,0
2026-08-21T20:04:40,1787317480,13.822149,100.51377,,,-0.3,-1.8,-135.9,224.1,,,,22.97,15,AUTO.LOITER,0,0
2026-08-21T20:04:41,1787317481,13.822149,100.51377,,,-0.3,-1.8,-135.9,224.1,,,,22.97,15,AUTO.LOITER,0,0
2026-08-21T20:04:42,1787317482,13.82215,100.513801,,,-0.3,-1.8,-135.9,224.1,,,,22.97,15,AUTO.LOITER,0,0
2026-08-21T20:04:43,1787317483,13.82215,100.513801,,,-0.3,-1.8,-135.9,224.1,,,,22.96,15,AUTO.LOITER,0,0
2026-08-21T20:04:44,1787317484,13.82215,100.513801,,,-0.3,-1.8,-135.9,224.1,,,,22.96,15,AUTO.LOITER,0,0
2026-08-21T20:04:45,1787317485,13.82215,100.513801,,,-0.3,-1.8,-135.9,224.1,,,,22.96,15,AUTO.LOITER,0,0
2026-08-21T20:04:46,1787317486,13.82215,100.513801,,,-0.3,-1.8,-135.9,224.1,,,,22.96,15,AUTO.LOITER,0,0
2026-08-21T20:04:47,1787317487,13.82215,100.513801,,,-0.3,-1.8,-135.9,224.1,,,,22.96,15,AUTO.LOITER,0,0
2026-08-21T20:04:48,1787317488,13.82215,100.513801,,,-0.3,-1.8,-135.9,224.1,,,,22.96,15,AUTO.LOITER,0,0
2026-08-21T20:04:49,1787317489,13.82215,100.513801,,,-0.3,-1.8,-135.9,224.1,,,,22.96,15,AUTO.LOITER,0,0
2026-08-21T20:04:50,1787317490,13.82215,100.513801,,,-0.3,-1.8,-135.9,224.1,,,,22.96,15,AUTO.LOITER,0,0
2026-08-21T20:04:51,1787317491,13.82215,100.513801,,,-0.3,-1.7,-135.9,224.1,,,,22.96,15,AUTO.LOITER,0,0
2026-08-21T20:04:52,1787317492,13.822154,100.51382,,,-0.3,-1.7,-135.9,224.1,,,,22.96,15,AUTO.LOITER,0,0
2026-08-21T20:04:53,1787317493,13.822154,100.51382,,,-0.3,-1.8,-135.9,224.1,,,,22.96,15,AUTO.LOITER,0,0
2026-08-21T20:04:54,1787317494,13.822154,100.51382,,,-0.3,-1.8,-135.9,224.1,,,,22.96,15,AUTO.LOITER,0,0
2026-08-21T20:04:55,1787317495,13.822154,100.51382,,,-0.3,-1.8,-135.9,224.1,,,,22.96,15,AUTO.LOITER,0,0
2026-08-21T20:04:56,1787317496,13.822154,100.51382,,,-0.3,-1.8,-135.9,224.1,,,,22.96,15,AUTO.LOITER,0,0
2026-08-21T20:04:57,1787317497,13.822154,100.51382,,,-0.3,-1.8,-135.9,224.1,,,,22.96,15,AUTO.LOITER,0,0
2026-08-21T20:04:58,1787317498,13.822154,100.51382,,,-0.3,-1.8,-135.9,224.1,,,,22.96,15,AUTO.LOITER,0,0
2026-08-21T20:04:59,1787317499,13.822154,100.51382,,,-0.3,-1.8,-135.9,224.1,,,,22.96,15,AUTO.LOITER,0,0
2026-08-21T20:05:00,1787317500,13.822154,100.51382,,,-0.3,-1.8,-135.9,224.1,,,,22.96,15,AUTO.LOITER,0,0
2026-08-21T20:05:01,1787317501,13.822154,100.51382,,,-0.3,-1.8,-135.9,224.1,,,,22.96,15,AUTO.LOITER,0,0
2026-08-21T20:05:02,1787317502,13.822103,100.513789,,,-0.3,-1.8,-135.9,224.1,,,,22.96,15,AUTO.LOITER,0,0
2026-08-21T20:05:03,1787317503,13.822103,100.513789,,,-0.3,-1.8,-135.9,224.1,,,,22.96,15,AUTO.LOITER,0,0
2026-08-21T20:05:04,1787317504,13.822103,100.513789,,,-0.3,-1.8,-135.9,224.1,,,,22.96,15,AUTO.LOITER,0,0
2026-08-21T20:05:05,1787317505,13.822103,100.513789,,,-0.3,-1.8,-135.9,224.1,,,,22.96,15,AUTO.LOITER,0,0
2026-08-21T20:05:06,1787317506,13.822075,100.513784,,,-0.3,-1.8,-135.9,224.1,,,,22.96,15,AUTO.LOITER,0,0
2026-08-21T20:05:07,1787317507,13.822075,100.513784,,,-0.3,-1.8,-135.9,224.1,,,,22.96,15,AUTO.LOITER,0,0
2026-08-21T20:05:08,1787317508,13.822075,100.513784,,,-0.3,-1.8,-135.9,224.1,,,,22.96,15,AUTO.LOITER,0,0
2026-08-21T20:05:09,1787317509,13.822075,100.513784,,,-0.3,-1.8,-135.9,224.1,,,,22.96,15,AUTO.LOITER,0,0
2026-08-21T20:05:10,1787317510,13.822075,100.513784,,,-0.3,-1.8,-135.9,224.1,,,,22.96,15,AUTO.LOITER,0,0
2026-08-21T20:05:11,1787317511,13.822048,100.513771,,,-0.3,-1.8,-135.9,224.1,,,,22.96,15,AUTO.LOITER,0,0
2026-08-21T20:05:12,1787317512,13.822048,100.513771,,,-0.3,-1.7,-135.9,224.1,,,,22.96,15,AUTO.LOITER,0,0
2026-08-21T20:05:13,1787317513,13.822048,100.513771,,,-0.3,-1.7,-135.9,224.1,,,,22.96,15,AUTO.LOITER,0,0
2026-08-21T20:05:14,1787317514,13.822048,100.513771,,,-0.3,-1.7,-135.9,224.1,,,,22.96,15,AUTO.LOITER,0,0
2026-08-21T20:05:15,1787317515,13.822048,100.513771,,,-0.3,-1.7,-135.9,224.1,,,,22.96,15,AUTO.LOITER,0,0
2026-08-21T20:05:16,1787317516,13.822048,100.513771,,,-0.3,-1.7,-135.9,224.1,,,,22.96,15,AUTO.LOITER,0,0
2026-08-21T20:05:17,1787317517,13.822048,100.513771,,,-0.3,-1.7,-135.9,224.1,,,,22.96,15,AUTO.LOITER,0,0
2026-08-21T20:05:19,1787317519,13.822048,100.513771,,,-0.3,-1.7,-135.9,224.1,,,,22.96,15,AUTO.LOITER,0,0
2026-08-21T20:05:20,1787317520,13.822048,100.513771,,,-0.3,-1.8,-135.9,224.1,,,,22.96,15,AUTO.LOITER,0,0
2026-08-21T20:05:21,1787317521,13.822055,100.51373,,,-0.3,-1.8,-135.9,224.1,,,,22.96,15,AUTO.LOITER,0,0
2026-08-21T20:05:22,1787317522,13.822055,100.51373,,,-0.3,-1.8,-135.9,224.1,,,,22.96,15,AUTO.LOITER,0,0
2026-08-21T20:05:23,1787317523,13.822055,100.51373,,,-0.3,-1.8,-135.9,224.1,,,,22.96,15,AUTO.LOITER,0,0
2026-08-21T20:05:24,1787317524,13.822055,100.51373,,,-0.3,-1.7,-135.9,224.1,,,,22.96,15,AUTO.LOITER,0,0
2026-08-21T20:05:25,1787317525,13.822055,100.51373,,,-0.3,-1.7,-135.9,224.1,,,,22.96,15,AUTO.LOITER,0,0
2026-08-21T20:05:26,1787317526,13.822055,100.51373,,,-0.3,-1.7,-135.9,224.1,,,,22.96,15,AUTO.LOITER,0,0
2026-08-21T20:05:27,1787317527,13.822055,100.51373,,,-0.3,-1.8,-135.9,224.1,,,,22.96,15,AUTO.LOITER,0,0
2026-08-21T20:05:28,1787317528,13.822055,100.51373,,,-0.3,-1.8,-135.9,224.1,,,,22.96,15,AUTO.LOITER,0,0
2026-08-21T20:05:29,1787317529,13.822055,100.51373,,,-0.3,-1.8,-135.9,224.1,,,,22.96,15,AUTO.LOITER,0,0
2026-08-21T20:05:30,1787317530,13.822055,100.51373,,,-0.3,-1.8,-135.9,224.1,,,,22.96,15,AUTO.LOITER,0,0
2026-08-21T20:05:31,1787317531,13.822094,100.513645,,,-0.3,-1.8,-135.9,224.1,,,,22.96,15,AUTO.LOITER,0,0
2026-08-21T20:05:32,1787317532,13.822094,100.513645,,,-0.3,-1.8,-135.9,224.1,,,,22.96,15,AUTO.LOITER,0,0
2026-08-21T20:05:33,1787317533,13.822094,100.513645,,,-0.3,-1.8,-135.9,224.1,,,,22.96,15,AUTO.LOITER,0,0
2026-08-21T20:05:34,1787317534,13.822094,100.513645,,,-0.3,-1.8,-135.9,224.1,,,,22.96,15,AUTO.LOITER,0,0
2026-08-21T20:05:35,1787317535,13.822094,100.513645,,,-0.3,-1.8,-135.9,224.1,,,,22.96,15,AUTO.LOITER,0,0
2026-08-21T20:05:36,1787317536,13.822094,100.513645,,,-0.3,-1.8,-135.9,224.1,,,,22.96,15,AUTO.LOITER,0,0
2026-08-21T20:05:37,1787317537,13.822094,100.513645,,,-0.3,-1.8,-135.9,224.1,,,,22.96,15,AUTO.LOITER,0,0
2026-08-21T20:05:38,1787317538,13.822094,100.513645,,,-0.3,-1.7,-135.9,224.1,,,,22.96,15,AUTO.LOITER,0,0
2026-08-21T20:05:39,1787317539,13.822094,100.513645,,,-0.3,-1.7,-135.9,224.1,,,,22.96,15,AUTO.LOITER,0,0
2026-08-21T20:05:40,1787317540,13.822094,100.513645,,,-0.3,-1.7,-135.9,224.1,,,,22.96,15,AUTO.LOITER,0,0
2026-08-21T20:05:41,1787317541,13.822073,100.513573,,,-0.3,-1.7,-135.9,224.1,,,,22.96,15,AUTO.LOITER,0,0
2026-08-21T20:05:42,1787317542,13.822073,100.513573,,,-0.3,-1.7,-135.8,224.2,,,,22.96,15,AUTO.LOITER,0,0
2026-08-21T20:05:43,1787317543,13.822073,100.513573,,,-0.3,-1.7,-135.8,224.2,,,,22.96,15,AUTO.LOITER,0,0
2026-08-21T20:05:44,1787317544,13.822073,100.513573,,,-0.3,-1.7,-135.8,224.2,,,,22.96,15,AUTO.LOITER,0,0
2026-08-21T20:05:45,1787317545,13.822073,100.513573,,,-0.3,-1.7,-135.8,224.2,,,,22.96,15,AUTO.LOITER,0,0
2026-08-21T20:05:46,1787317546,13.822073,100.513573,,,-0.3,-1.7,-135.8,224.2,,,,22.96,15,AUTO.LOITER,0,0
2026-08-21T20:05:47,1787317547,13.822073,100.513573,,,-0.3,-1.7,-135.8,224.2,,,,22.96,15,AUTO.LOITER,0,0
2026-08-21T20:05:48,1787317548,13.822073,100.513573,,,-0.3,-1.7,-135.8,224.2,,,,22.96,15,AUTO.LOITER,0,0
2026-08-21T20:05:49,1787317549,13.822073,100.513573,,,-0.3,-1.7,-135.8,224.2,,,,22.96,15,AUTO.LOITER,0,0
2026-08-21T20:05:50,1787317550,13.822071,100.513512,,,-0.3,-1.7,-135.7,224.3,,,,22.96,15,AUTO.LOITER,0,0
2026-08-21T20:05:51,1787317551,13.822071,100.513512,,,-0.3,-1.7,-135.7,224.3,,,,22.96,15,AUTO.LOITER,0,0
2026-08-21T20:05:52,1787317552,13.822071,100.513512,,,-0.3,-1.7,-135.7,224.3,,,,22.96,15,AUTO.LOITER,0,0
2026-08-21T20:05:53,1787317553,13.822071,100.513512,,,-0.3,-1.7,-135.7,224.3,,,,22.96,15,AUTO.LOITER,0,0
2026-08-21T20:05:54,1787317554,13.822071,100.513512,,,-0.3,-1.7,-135.7,224.3,,,,22.96,15,AUTO.LOITER,0,0
2026-08-21T20:05:55,1787317555,13.822071,100.513512,,,-0.3,-1.8,-135.8,224.2,,,,22.96,15,AUTO.LOITER,0,0
2026-08-21T20:05:56,1787317556,13.822071,100.513512,,,-0.3,-1.8,-135.8,224.2,,,,22.96,15,AUTO.LOITER,0,0
2026-08-21T20:05:57,1787317557,13.822071,100.513512,,,-0.3,-1.8,-135.8,224.2,,,,22.96,15,AUTO.LOITER,0,0
2026-08-21T20:05:58,1787317558,13.822071,100.513512,,,-0.3,-1.8,-135.8,224.2,,,,22.96,15,AUTO.LOITER,0,0
2026-08-21T20:05:59,1787317559,13.822071,100.513512,,,-0.3,-1.8,-135.8,224.2,,,,22.96,15,AUTO.LOITER,0,0
2026-08-21T20:06:00,1787317560,13.822071,100.513512,,,-0.3,-1.8,-135.8,224.2,,,,22.96,15,AUTO.LOITER,0,0
2026-08-21T20:06:01,1787317561,13.822071,100.513512,,,-0.3,-1.8,-135.8,224.2,,,,22.96,15,AUTO.LOITER,0,0
2026-08-21T20:06:02,1787317562,13.822071,100.513512,,,-0.3,-1.8,-135.8,224.2,,,,22.96,15,AUTO.LOITER,0,0
2026-08-21T20:06:03,1787317563,13.822071,100.513512,,,-0.3,-1.8,-135.8,224.2,,,,22.96,15,AUTO.LOITER,0,0
2026-08-21T20:06:04,1787317564,13.822071,100.513512,,,-0.3,-1.8,-135.8,224.2,,,,22.96,15,AUTO.LOITER,0,0
2026-08-21T20:06:05,1787317565,13.822071,100.513512,,,-0.3,-1.8,-135.8,224.2,,,,22.96,15,AUTO.LOITER,0,0
2026-08-21T20:06:06,1787317566,13.822071,100.513512,,,-0.3,-1.8,-135.8,224.2,,,,22.96,15,AUTO.LOITER,0,0
2026-08-21T20:06:07,1787317567,13.822071,100.513512,,,-0.3,-1.8,-135.8,224.2,,,,22.96,15,AUTO.LOITER,0,0
2026-08-21T20:06:08,1787317568,13.822068,100.51352,,,-0.3,-1.8,-135.8,224.2,,,,22.96,15,AUTO.LOITER,0,0
2026-08-21T20:06:09,1787317569,13.822068,100.51352,,,-0.3,-1.8,-135.8,224.2,,,,22.96,15,AUTO.LOITER,0,0
2026-08-21T20:06:10,1787317570,13.822068,100.51352,,,-0.3,-1.8,-135.8,224.2,,,,22.96,15,AUTO.LOITER,0,0
2026-08-21T20:06:11,1787317571,13.822068,100.51352,,,-0.3,-1.8,-135.8,224.2,,,,22.96,15,AUTO.LOITER,0,0
2026-08-21T20:06:12,1787317572,13.822068,100.51352,,,-0.3,-1.8,-135.8,224.2,,,,22.96,15,AUTO.LOITER,0,0
2026-08-21T20:06:13,1787317573,13.822071,100.513508,,,-0.3,-1.8,-135.8,224.2,,,,22.96,15,AUTO.LOITER,0,0
2026-08-21T20:06:14,1787317574,13.822071,100.513508,,,-0.3,-1.8,-135.8,224.2,,,,22.96,15,AUTO.LOITER,0,0
2026-08-21T20:06:15,1787317575,13.822071,100.513508,,,-0.3,-1.8,-135.8,224.2,,,,22.96,15,AUTO.LOITER,0,0
2026-08-21T20:06:16,1787317576,13.822071,100.513508,,,-0.3,-1.8,-135.8,224.2,,,,22.96,15,AUTO.LOITER,0,0
2026-08-21T20:06:17,1787317577,13.822071,100.513508,,,-0.3,-1.8,-135.8,224.2,,,,22.96,15,AUTO.LOITER,0,0
2026-08-21T20:06:18,1787317578,13.822058,100.513499,,,-0.3,-1.8,-135.8,224.2,,,,22.96,15,AUTO.LOITER,0,0
2026-08-21T20:06:19,1787317579,13.822058,100.513499,,,-0.3,-1.8,-135.8,224.2,,,,22.96,15,AUTO.LOITER,0,0
2026-08-21T20:06:20,1787317580,13.822058,100.513499,,,-0.3,-1.8,-135.8,224.2,,,,22.96,15,AUTO.LOITER,0,0
2026-08-21T20:06:21,1787317581,13.822058,100.513499,,,-0.3,-1.8,-135.8,224.2,,,,22.96,15,AUTO.LOITER,0,0
2026-08-21T20:06:22,1787317582,13.822058,100.513499,,,-0.3,-1.8,-135.8,224.2,,,,22.96,15,AUTO.LOITER,0,0
2026-08-21T20:06:23,1787317583,13.822058,100.513499,,,-0.3,-1.8,-135.8,224.2,,,,22.96,15,AUTO.LOITER,0,0
2026-08-21T20:06:24,1787317584,13.822058,100.513499,,,-0.3,-1.7,-135.8,224.2,,,,22.96,15,AUTO.LOITER,0,0
2026-08-21T20:06:25,1787317585,13.822058,100.513499,,,-0.3,-1.7,-135.8,224.2,,,,22.96,15,AUTO.LOITER,0,0
2026-08-21T20:06:26,1787317586,13.822058,100.513499,,,-0.3,-1.7,-135.8,224.2,,,,22.96,15,AUTO.LOITER,0,0
2026-08-21T20:06:27,1787317587,13.822058,100.513499,,,-0.3,-1.7,-135.8,224.2,,,,22.96,15,AUTO.LOITER,0,0
2026-08-21T20:06:28,1787317588,13.822058,100.513499,,,-0.3,-1.7,-135.8,224.2,,,,22.96,15,AUTO.LOITER,0,0
2026-08-21T20:06:29,1787317589,13.822058,100.513499,,,-0.3,-1.7,-135.8,224.2,,,,22.96,15,AUTO.LOITER,0,0
2026-08-21T20:06:30,1787317590,13.822058,100.513499,,,-0.3,-1.7,-135.8,224.2,,,,22.96,15,AUTO.LOITER,0,0
2026-08-21T20:06:31,1787317591,13.821685,100.513069,,,-0.3,-1.7,-135.8,224.2,,,,22.96,15,AUTO.LOITER,0,0
2026-08-21T20:06:32,1787317592,13.821685,100.513069,,,-0.3,-1.7,-135.8,224.2,,,,22.96,15,AUTO.LOITER,0,0
2026-08-21T20:06:33,1787317593,13.821685,100.513069,,,-0.3,-1.7,-135.8,224.2,,,,22.96,15,AUTO.LOITER,0,0
2026-08-21T20:06:34,1787317594,13.821685,100.513069,,,-0.3,-1.8,-135.8,224.2,,,,22.96,15,AUTO.LOITER,0,0
2026-08-21T20:06:35,1787317595,13.821685,100.513069,,,-0.3,-1.8,-135.8,224.2,,,,22.96,15,AUTO.LOITER,0,0
2026-08-21T20:06:36,1787317596,13.821685,100.513069,,,-0.3,-1.8,-135.8,224.2,,,,22.96,15,AUTO.LOITER,0,0
2026-08-21T20:06:37,1787317597,13.821685,100.513069,,,-0.3,-1.8,-135.8,224.2,,,,22.96,15,AUTO.LOITER,0,0
2026-08-21T20:06:38,1787317598,13.821685,100.513069,,,-0.3,-1.8,-135.8,224.2,,,,22.96,15,AUTO.LOITER,0,0
2026-08-21T20:06:39,1787317599,13.821685,100.513069,,,-0.3,-1.8,-135.8,224.2,,,,22.96,15,AUTO.LOITER,0,0
2026-08-21T20:06:40,1787317600,13.821685,100.513069,,,-0.3,-1.8,-135.8,224.2,,,,22.96,15,AUTO.LOITER,0,0
2026-08-21T20:06:41,1787317601,13.821685,100.513069,,,-0.3,-1.8,-135.8,224.2,,,,22.96,15,AUTO.LOITER,0,0
2026-08-21T20:06:42,1787317602,13.821685,100.513069,,,-0.3,-1.8,-135.8,224.2,,,,22.96,15,AUTO.LOITER,0,0
2026-08-21T20:06:43,1787317603,13.821685,100.513069,,,-0.3,-1.8,-135.8,224.2,,,,22.96,15,AUTO.LOITER,0,0
2026-08-21T20:06:44,1787317604,13.821699,100.512999,,,-0.3,-1.8,-135.8,224.2,,,,22.96,15,AUTO.LOITER,0,0
2026-08-21T20:06:45,1787317605,13.821699,100.512999,,,-0.3,-1.8,-135.8,224.2,,,,22.96,15,AUTO.LOITER,0,0
2026-08-21T20:06:46,1787317606,13.821699,100.512999,,,-0.3,-1.8,-135.8,224.2,,,,22.96,15,AUTO.LOITER,0,0
2026-08-21T20:06:47,1787317607,13.821699,100.512999,,,-0.3,-1.8,-135.8,224.2,,,,22.96,15,AUTO.LOITER,0,0
2026-08-21T20:06:48,1787317608,13.821699,100.512999,,,-0.3,-1.8,-135.8,224.2,,,,22.96,15,AUTO.LOITER,0,0
2026-08-21T20:06:49,1787317609,13.821699,100.512999,,,-0.3,-1.8,-135.8,224.2,,,,22.96,15,AUTO.LOITER,0,0
2026-08-21T20:06:50,1787317610,13.821699,100.512999,,,-0.3,-1.8,-135.8,224.2,,,,22.96,15,AUTO.LOITER,0,0
2026-08-21T20:06:51,1787317611,13.821644,100.512964,,,-0.3,-1.8,-135.8,224.2,,,,22.96,15,AUTO.LOITER,0,0
2026-08-21T20:06:52,1787317612,13.821644,100.512964,,,-0.3,-1.7,-135.9,224.1,,,,22.96,15,AUTO.LOITER,0,0
2026-08-21T20:06:53,1787317613,13.821644,100.512964,,,-0.3,-1.7,-135.9,224.1,,,,22.96,15,AUTO.LOITER,0,0
2026-08-21T20:06:54,1787317614,13.821644,100.512964,,,-0.3,-1.7,-135.9,224.1,,,,22.96,15,AUTO.LOITER,0,0
2026-08-21T20:06:55,1787317615,13.821644,100.512964,,,-0.3,-1.7,-135.9,224.1,,,,22.96,15,AUTO.LOITER,0,0
2026-08-21T20:06:56,1787317616,13.821644,100.512964,,,-0.3,-1.7,-135.9,224.1,,,,22.96,15,AUTO.LOITER,0,0
2026-08-21T20:06:57,1787317617,13.821644,100.512964,,,-0.3,-1.7,-135.9,224.1,,,,22.96,15,AUTO.LOITER,0,0
2026-08-21T20:06:58,1787317618,13.821745,100.513138,,,-0.3,-1.7,-135.9,224.1,,,,22.96,15,AUTO.LOITER,0,0
2026-08-21T20:06:59,1787317619,13.821745,100.513138,,,-0.3,-1.8,-135.8,224.2,,,,22.96,15,AUTO.LOITER,0,0
2026-08-21T20:07:00,1787317620,13.821745,100.513138,,,-0.3,-1.8,-135.8,224.2,,,,22.95,15,AUTO.LOITER,0,0
2026-08-21T20:07:01,1787317621,13.821745,100.513138,,,-0.3,-1.8,-135.8,224.2,,,,22.95,15,AUTO.LOITER,0,0
2026-08-21T20:07:02,1787317622,13.821745,100.513138,,,-0.3,-1.8,-135.8,224.2,,,,22.95,15,AUTO.LOITER,0,0
2026-08-21T20:07:03,1787317623,13.821745,100.513138,,,-0.3,-1.8,-135.8,224.2,,,,22.95,15,AUTO.LOITER,0,0
2026-08-21T20:07:04,1787317624,13.821745,100.513138,,,-0.3,-1.8,-135.8,224.2,,,,22.95,15,AUTO.LOITER,0,0
2026-08-21T20:07:05,1787317625,13.821745,100.513138,,,-0.3,-1.8,-135.8,224.2,,,,22.95,15,AUTO.LOITER,0,0
2026-08-21T20:07:06,1787317626,13.821745,100.513138,,,-0.3,-1.8,-135.8,224.2,,,,22.95,15,AUTO.LOITER,0,0
2026-08-21T20:07:07,1787317627,13.821745,100.513138,,,-0.3,-1.8,-135.8,224.2,,,,22.95,15,AUTO.LOITER,0,0
2026-08-21T20:07:08,1787317628,13.822005,100.513511,,,-0.3,-1.8,-135.8,224.2,,,,22.95,15,AUTO.LOITER,0,0
2026-08-21T20:07:09,1787317629,13.822005,100.513511,,,-0.3,-1.8,-135.8,224.2,,,,22.95,15,AUTO.LOITER,0,0
2026-08-21T20:07:10,1787317630,13.822005,100.513511,,,-0.3,-1.8,-135.8,224.2,,,,22.95,15,AUTO.LOITER,0,0
2026-08-21T20:07:11,1787317631,13.822005,100.513511,,,-0.3,-1.8,-135.8,224.2,,,,22.95,15,AUTO.LOITER,0,0
2026-08-21T20:07:12,1787317632,13.822005,100.513511,,,-0.3,-1.8,-135.8,224.2,,,,22.95,15,AUTO.LOITER,0,0
2026-08-21T20:07:13,1787317633,13.822026,100.513516,,,-0.3,-1.8,-135.8,224.2,,,,22.95,15,AUTO.LOITER,0,0
2026-08-21T20:07:14,1787317634,13.822026,100.513516,,,-0.3,-1.8,-135.8,224.2,,,,22.95,15,AUTO.LOITER,0,0
2026-08-21T20:07:17,1787317637,13.822026,100.513516,,,-0.3,-1.8,-135.8,224.2,,,,22.95,15,AUTO.LOITER,0,0
2026-08-21T20:07:18,1787317638,13.821998,100.513468,,,-0.3,-1.8,-135.8,224.2,,,,22.95,15,AUTO.LOITER,0,0
2026-08-21T20:07:19,1787317639,13.821998,100.513468,,,-0.3,-1.8,-135.8,224.2,,,,22.95,15,AUTO.LOITER,0,0
2026-08-21T20:07:20,1787317640,13.821998,100.513468,,,-0.3,-1.8,-135.8,224.2,,,,22.95,15,AUTO.LOITER,0,0
2026-08-21T20:07:21,1787317641,13.821998,100.513468,,,-0.3,-1.8,-135.8,224.2,,,,22.95,15,AUTO.LOITER,0,0
2026-08-21T20:07:22,1787317642,13.821998,100.513468,,,-0.3,-1.8,-135.8,224.2,,,,22.95,15,AUTO.LOITER,0,0
2026-08-21T20:07:23,1787317643,13.821998,100.513468,,,-0.3,-1.8,-135.8,224.2,,,,22.95,15,AUTO.LOITER,0,0
2026-08-21T20:07:24,1787317644,13.821998,100.513468,,,-0.3,-1.8,-135.8,224.2,,,,22.95,15,AUTO.LOITER,0,0
2026-08-21T20:07:25,1787317645,13.821998,100.513468,,,-0.3,-1.8,-135.8,224.2,,,,22.95,15,AUTO.LOITER,0,0
2026-08-21T20:07:26,1787317646,13.821998,100.513468,,,-0.3,-1.8,-135.8,224.2,,,,22.95,15,AUTO.LOITER,0,0
2026-08-21T20:07:27,1787317647,13.821998,100.513468,,,-0.3,-1.8,-135.8,224.2,,,,22.95,15,AUTO.LOITER,0,0
2026-08-21T20:07:28,1787317648,13.821991,100.513479,,,-0.3,-1.8,-135.8,224.2,,,,22.95,15,AUTO.LOITER,0,0
2026-08-21T20:07:29,1787317649,13.821991,100.513479,,,-0.3,-1.8,-135.8,224.2,,,,22.95,15,AUTO.LOITER,0,0
2026-08-21T20:07:30,1787317650,13.821991,100.513479,,,-0.3,-1.8,-135.8,224.2,,,,22.95,15,AUTO.LOITER,0,0
2026-08-21T20:07:31,1787317651,13.821991,100.513479,,,-0.3,-1.8,-135.8,224.2,,,,22.95,15,AUTO.LOITER,0,0
2026-08-21T20:07:32,1787317652,13.821991,100.513479,,,-0.3,-1.8,-135.8,224.2,,,,22.95,15,AUTO.LOITER,0,0
2026-08-21T20:07:33,1787317653,13.821991,100.513479,,,-0.3,-1.8,-135.8,224.2,,,,22.95,15,AUTO.LOITER,0,0
2026-08-21T20:07:34,1787317654,13.821991,100.513479,,,-0.3,-1.8,-135.8,224.2,,,,22.95,15,AUTO.LOITER,0,0
2026-08-21T20:07:35,1787317655,13.821991,100.513479,,,-0.3,-1.8,-135.8,224.2,,,,22.95,15,AUTO.LOITER,0,0
2026-08-21T20:07:36,1787317656,13.821991,100.513479,,,-0.3,-1.8,-135.8,224.2,,,,22.95,15,AUTO.LOITER,0,0
2026-08-21T20:07:37,1787317657,13.821991,100.513479,,,-0.3,-1.8,-135.8,224.2,,,,22.95,15,AUTO.LOITER,0,0
2026-08-21T20:07:38,1787317658,13.821991,100.513479,,,-0.3,-1.8,-135.8,224.2,,,,22.95,15,AUTO.LOITER,0,0
2026-08-21T20:07:39,1787317659,13.821991,100.513479,,,-0.3,-1.8,-135.8,224.2,,,,22.95,15,AUTO.LOITER,0,0
2026-08-21T20:07:40,1787317660,13.821991,100.513479,,,-0.3,-1.8,-135.8,224.2,,,,22.95,15,AUTO.LOITER,0,0
2026-08-21T20:07:41,1787317661,13.821991,100.513479,,,-0.3,-1.8,-135.8,224.2,,,,22.95,15,AUTO.LOITER,0,0
2026-08-21T20:07:42,1787317662,13.821991,100.513479,,,-0.3,-1.8,-135.8,224.2,,,,22.95,15,AUTO.LOITER,0,0
2026-08-21T20:07:43,1787317663,13.822024,100.513331,,,-0.3,-1.8,-135.8,224.2,,,,22.95,15,AUTO.LOITER,0,0
2026-08-21T20:07:44,1787317664,13.822024,100.513331,,,-0.3,-1.8,-135.8,224.2,,,,22.95,15,AUTO.LOITER,0,0
2026-08-21T20:07:45,1787317665,13.822024,100.513331,,,-0.3,-1.8,-135.8,224.2,,,,22.95,15,AUTO.LOITER,0,0
2026-08-21T20:07:46,1787317666,13.822024,100.513331,,,-0.3,-1.8,-135.8,224.2,,,,22.95,15,AUTO.LOITER,0,0
2026-08-21T20:07:47,1787317667,13.822024,100.513331,,,-0.3,-1.8,-135.8,224.2,,,,22.95,15,AUTO.LOITER,0,0
2026-08-21T20:07:48,1787317668,13.822048,100.513282,,,-0.3,-1.8,-135.8,224.2,,,,22.95,15,AUTO.LOITER,0,0
2026-08-21T20:07:49,1787317669,13.822048,100.513282,,,-0.3,-1.8,-135.8,224.2,,,,22.95,15,AUTO.LOITER,0,0
2026-08-21T20:07:50,1787317670,13.822048,100.513282,,,-0.3,-1.8,-135.7,224.3,,,,22.95,15,AUTO.LOITER,0,0
2026-08-21T20:07:51,1787317671,13.822048,100.513282,,,-0.3,-1.8,-135.7,224.3,,,,22.95,15,AUTO.LOITER,0,0
2026-08-21T20:07:52,1787317672,13.822073,100.513234,,,-0.3,-1.8,-135.7,224.3,,,,22.95,15,AUTO.LOITER,0,0
2026-08-21T20:07:53,1787317673,13.822073,100.513234,,,-0.3,-1.8,-135.7,224.3,,,,22.95,15,AUTO.LOITER,0,0
2026-08-21T20:07:54,1787317674,13.822073,100.513234,,,-0.3,-1.8,-135.7,224.3,,,,22.95,15,AUTO.LOITER,0,0
2026-08-21T20:07:55,1787317675,13.822073,100.513234,,,-0.3,-1.8,-135.7,224.3,,,,22.95,15,AUTO.LOITER,0,0
2026-08-21T20:07:56,1787317676,13.822073,100.513234,,,-0.3,-1.8,-135.7,224.3,,,,22.95,15,AUTO.LOITER,0,0
2026-08-21T20:07:57,1787317677,13.822073,100.513234,,,-0.3,-1.8,-135.7,224.3,,,,22.95,15,AUTO.LOITER,0,0
2026-08-21T20:07:58,1787317678,13.822073,100.513234,,,-0.3,-1.8,-135.7,224.3,,,,22.95,15,AUTO.LOITER,0,0
2026-08-21T20:07:59,1787317679,13.822073,100.513234,,,-0.3,-1.8,-135.8,224.2,,,,22.95,15,AUTO.LOITER,0,0
2026-08-21T20:08:00,1787317680,13.822073,100.513234,,,-0.3,-1.8,-135.8,224.2,,,,22.95,15,AUTO.LOITER,0,0
2026-08-21T20:08:01,1787317681,13.822073,100.513234,,,-0.3,-1.8,-135.8,224.2,,,,22.95,15,AUTO.LOITER,0,0
2026-08-21T20:08:02,1787317682,13.822073,100.513234,,,-0.3,-1.8,-135.8,224.2,,,,22.95,15,AUTO.LOITER,0,0
2026-08-21T20:08:03,1787317683,13.822073,100.513234,,,-0.3,-1.8,-135.8,224.2,,,,22.95,15,AUTO.LOITER,0,0
2026-08-21T20:08:04,1787317684,13.822073,100.513234,,,-0.3,-1.8,-135.8,224.2,,,,22.95,15,AUTO.LOITER,0,0
2026-08-21T20:08:05,1787317685,13.822073,100.513234,,,-0.3,-1.8,-135.8,224.2,,,,22.95,15,AUTO.LOITER,0,0
2026-08-21T20:08:06,1787317686,13.822073,100.513234,,,-0.3,-1.8,-135.8,224.2,,,,22.95,15,AUTO.LOITER,0,0
2026-08-21T20:08:07,1787317687,13.822073,100.513234,,,-0.3,-1.8,-135.8,224.2,,,,22.95,15,AUTO.LOITER,0,0
2026-08-21T20:08:08,1787317688,13.822073,100.513234,,,-0.3,-1.8,-135.8,224.2,,,,22.95,15,AUTO.LOITER,0,0
2026-08-21T20:08:09,1787317689,13.822073,100.513234,,,-0.3,-1.8,-135.8,224.2,,,,22.95,15,AUTO.LOITER,0,0
2026-08-21T20:08:10,1787317690,13.822072,100.513184,,,-0.3,-1.8,-135.8,224.2,,,,22.95,15,AUTO.LOITER,0,0
2026-08-21T20:08:11,1787317691,13.822072,100.513184,,,-0.3,-1.8,-135.8,224.2,,,,22.95,15,AUTO.LOITER,0,0
2026-08-21T20:08:12,1787317692,13.822072,100.513184,,,-0.3,-1.8,-135.8,224.2,,,,22.95,15,AUTO.LOITER,0,0
2026-08-21T20:08:13,1787317693,13.822072,100.513184,,,-0.3,-1.8,-135.8,224.2,,,,22.95,15,AUTO.LOITER,0,0
2026-08-21T20:08:14,1787317694,13.822072,100.513184,,,-0.3,-1.8,-135.8,224.2,,,,22.95,15,AUTO.LOITER,0,0
2026-08-21T20:08:15,1787317695,13.822072,100.513184,,,-0.3,-1.8,-135.8,224.2,,,,22.95,15,AUTO.LOITER,0,0
2026-08-21T20:08:16,1787317696,13.822072,100.513184,,,-0.3,-1.8,-135.8,224.2,,,,22.95,15,AUTO.LOITER,0,0
2026-08-21T20:08:17,1787317697,13.822072,100.513184,,,-0.3,-1.8,-135.8,224.2,,,,22.95,15,AUTO.LOITER,0,0
2026-08-21T20:08:18,1787317698,13.822072,100.513184,,,-0.3,-1.8,-135.8,224.2,,,,22.95,15,AUTO.LOITER,0,0
2026-08-21T20:08:19,1787317699,13.822072,100.513184,,,-0.3,-1.8,-135.8,224.2,,,,22.95,15,AUTO.LOITER,0,0
2026-08-21T20:08:20,1787317700,13.822072,100.513184,,,-0.3,-1.8,-135.8,224.2,,,,22.95,15,AUTO.LOITER,0,0
2026-08-21T20:08:21,1787317701,13.822072,100.513184,,,-0.3,-1.8,-135.8,224.2,,,,22.95,15,AUTO.LOITER,0,0
2026-08-21T20:08:22,1787317702,13.822072,100.513184,,,-0.3,-1.8,-135.8,224.2,,,,22.95,15,AUTO.LOITER,0,0
2026-08-21T20:08:23,1787317703,13.822072,100.513184,,,-0.3,-1.8,-135.8,224.2,,,,22.95,15,AUTO.LOITER,0,0
2026-08-21T20:08:24,1787317704,13.822072,100.513184,,,-0.3,-1.8,-135.8,224.2,,,,22.95,15,AUTO.LOITER,0,0
2026-08-21T20:08:25,1787317705,13.822072,100.513184,,,-0.3,-1.8,-135.8,224.2,,,,22.95,15,AUTO.LOITER,0,0
2026-08-21T20:08:26,1787317706,13.822072,100.513184,,,-0.3,-1.8,-135.8,224.2,,,,22.95,15,AUTO.LOITER,0,0
2026-08-21T20:08:27,1787317707,13.822072,100.513184,,,-0.3,-1.8,-135.8,224.2,,,,22.95,15,AUTO.LOITER,0,0
2026-08-21T20:08:28,1787317708,13.822072,100.513184,,,-0.3,-1.8,-135.8,224.2,,,,22.95,15,AUTO.LOITER,0,0
2026-08-21T20:08:29,1787317709,13.822072,100.513184,,,-0.3,-1.8,-135.8,224.2,,,,22.95,15,AUTO.LOITER,0,0
2026-08-21T20:08:30,1787317710,13.822072,100.513184,,,-0.3,-1.8,-135.8,224.2,,,,22.95,15,AUTO.LOITER,0,0
2026-08-21T20:08:31,1787317711,13.822072,100.513184,,,-0.3,-1.8,-135.8,224.2,,,,22.95,15,AUTO.LOITER,0,0
2026-08-21T20:08:33,1787317713,13.822072,100.513184,,,-0.3,-1.8,-135.8,224.2,,,,22.95,15,AUTO.LOITER,0,0
2026-08-21T20:08:34,1787317714,13.822072,100.513184,,,-0.3,-1.7,-135.8,224.2,,,,22.95,15,AUTO.LOITER,0,0
2026-08-21T20:08:35,1787317715,13.821984,100.513269,,,-0.3,-1.7,-135.8,224.2,,,,22.95,15,AUTO.LOITER,0,0
2026-08-21T20:08:36,1787317716,13.821984,100.513269,,,-0.3,-1.7,-135.8,224.2,,,,22.95,15,AUTO.LOITER,0,0
2026-08-21T20:08:37,1787317717,13.821984,100.513269,,,-0.3,-1.8,-135.8,224.2,,,,22.95,15,AUTO.LOITER,0,0
2026-08-21T20:08:38,1787317718,13.821984,100.513269,,,-0.3,-1.8,-135.8,224.2,,,,22.95,15,AUTO.LOITER,0,0
2026-08-21T20:08:39,1787317719,13.821984,100.513269,,,-0.3,-1.8,-135.8,224.2,,,,22.95,15,AUTO.LOITER,0,0
2026-08-21T20:08:40,1787317720,13.821984,100.513269,,,-0.3,-1.8,-135.8,224.2,,,,22.95,15,AUTO.LOITER,0,0
2026-08-21T20:08:41,1787317721,13.821984,100.513269,,,-0.3,-1.8,-135.8,224.2,,,,22.95,15,AUTO.LOITER,0,0
2026-08-21T20:08:42,1787317722,13.821984,100.513269,,,-0.3,-1.8,-135.8,224.2,,,,22.95,15,AUTO.LOITER,0,0
2026-08-21T20:08:43,1787317723,13.821984,100.513269,,,-0.3,-1.8,-135.8,224.2,,,,22.95,15,AUTO.LOITER,0,0
2026-08-21T20:08:44,1787317724,13.821984,100.513269,,,-0.3,-1.8,-135.8,224.2,,,,22.95,15,AUTO.LOITER,0,0
2026-08-21T20:08:45,1787317725,13.821984,100.513269,,,-0.3,-1.8,-135.8,224.2,,,,22.95,15,AUTO.LOITER,0,0
2026-08-21T20:08:46,1787317726,13.821984,100.513269,,,-0.3,-1.8,-135.8,224.2,,,,22.95,15,AUTO.LOITER,0,0
2026-08-21T20:08:47,1787317727,13.821984,100.513269,,,-0.3,-1.8,-135.8,224.2,,,,22.95,15,AUTO.LOITER,0,0
2026-08-21T20:08:48,1787317728,13.821984,100.513269,,,-0.3,-1.8,-135.8,224.2,,,,22.95,15,AUTO.LOITER,0,0
2026-08-21T20:08:49,1787317729,13.821984,100.513269,,,-0.3,-1.8,-135.8,224.2,,,,22.95,15,AUTO.LOITER,0,0
2026-08-21T20:08:50,1787317730,13.821984,100.513269,,,-0.3,-1.8,-135.8,224.2,,,,22.95,15,AUTO.LOITER,0,0
2026-08-21T20:08:51,1787317731,13.821984,100.513269,,,-0.3,-1.8,-135.8,224.2,,,,22.95,15,AUTO.LOITER,0,0
2026-08-21T20:08:52,1787317732,13.821984,100.513269,,,-0.3,-1.8,-135.8,224.2,,,,22.95,15,AUTO.LOITER,0,0
2026-08-21T20:08:53,1787317733,13.822049,100.513504,,,-0.3,-1.8,-135.8,224.2,,,,22.95,15,AUTO.LOITER,0,0
2026-08-21T20:08:54,1787317734,13.822049,100.513504,,,-0.3,-1.8,-135.8,224.2,,,,22.95,15,AUTO.LOITER,0,0
2026-08-21T20:08:55,1787317735,13.822049,100.513504,,,-0.3,-1.8,-135.8,224.2,,,,22.95,15,AUTO.LOITER,0,0
2026-08-21T20:08:56,1787317736,13.822049,100.513504,,,-0.3,-1.8,-135.8,224.2,,,,22.95,15,AUTO.LOITER,0,0
2026-08-21T20:08:57,1787317737,13.822049,100.513504,,,-0.3,-1.8,-135.8,224.2,,,,22.95,15,AUTO.LOITER,0,0
2026-08-21T20:08:58,1787317738,13.822049,100.513504,,,-0.3,-1.8,-135.8,224.2,,,,22.95,15,AUTO.LOITER,0,0
2026-08-21T20:09:01,1787317741,13.822049,100.513504,,,-0.3,-1.8,-135.8,224.2,,,,22.95,15,AUTO.LOITER,0,0
2026-08-21T20:09:02,1787317742,13.822049,100.513504,,,-0.3,-1.7,-135.8,224.2,,,,22.95,15,AUTO.LOITER,0,0
2026-08-21T20:09:03,1787317743,13.821999,100.5135,,,-0.3,-1.7,-135.8,224.2,,,,22.95,15,AUTO.LOITER,0,0
2026-08-21T20:09:04,1787317744,13.821999,100.5135,,,-0.3,-1.7,-135.8,224.2,,,,22.95,15,AUTO.LOITER,0,0
2026-08-21T20:09:05,1787317745,13.821999,100.5135,,,-0.3,-1.7,-135.8,224.2,,,,22.95,15,AUTO.LOITER,0,0
2026-08-21T20:09:06,1787317746,13.821999,100.5135,,,-0.3,-1.8,-135.8,224.2,,,,22.95,15,AUTO.LOITER,0,0
2026-08-21T20:09:07,1787317747,13.821999,100.5135,,,-0.3,-1.8,-135.8,224.2,,,,22.95,15,AUTO.LOITER,0,0
2026-08-21T20:09:08,1787317748,13.821999,100.5135,,,-0.3,-1.8,-135.8,224.2,,,,22.95,15,AUTO.LOITER,0,0
2026-08-21T20:09:09,1787317749,13.821999,100.5135,,,-0.3,-1.7,-135.8,224.2,,,,22.95,15,AUTO.LOITER,0,0
2026-08-21T20:09:10,1787317750,13.821999,100.5135,,,-0.3,-1.7,-135.8,224.2,,,,22.95,15,AUTO.LOITER,0,0
2026-08-21T20:09:11,1787317751,13.821979,100.513452,,,-0.3,-1.7,-135.8,224.2,,,,22.95,15,AUTO.LOITER,0,0
2026-08-21T20:09:12,1787317752,13.821979,100.513452,,,-0.3,-1.7,-135.8,224.2,,,,22.95,15,AUTO.LOITER,0,0
2026-08-21T20:09:13,1787317753,13.821979,100.513452,,,-0.3,-1.7,-135.8,224.2,,,,22.95,15,AUTO.LOITER,0,0
2026-08-21T20:09:14,1787317754,13.821979,100.513452,,,-0.3,-1.7,-135.8,224.2,,,,22.95,15,AUTO.LOITER,0,0
2026-08-21T20:09:15,1787317755,13.821979,100.513452,,,-0.3,-1.7,-135.8,224.2,,,,22.95,15,AUTO.LOITER,0,0
2026-08-21T20:09:16,1787317756,13.821979,100.513452,,,-0.3,-1.7,-135.8,224.2,,,,22.95,15,AUTO.LOITER,0,0
2026-08-21T20:09:17,1787317757,13.821979,100.513452,,,-0.3,-1.7,-135.8,224.2,,,,22.95,15,AUTO.LOITER,0,0
2026-08-21T20:09:18,1787317758,13.821979,100.513452,,,-0.3,-1.7,-135.8,224.2,,,,22.95,15,AUTO.LOITER,0,0
2026-08-21T20:09:19,1787317759,13.821958,100.513444,,,-0.3,-1.7,-135.8,224.2,,,,22.95,15,AUTO.LOITER,0,0
2026-08-21T20:09:20,1787317760,13.821958,100.513444,,,-0.3,-1.7,-135.8,224.2,,,,22.95,15,AUTO.LOITER,0,0
2026-08-21T20:09:21,1787317761,13.821958,100.513444,,,-0.3,-1.8,-135.8,224.2,,,,22.95,15,AUTO.LOITER,0,0
2026-08-21T20:09:22,1787317762,13.821958,100.513444,,,-0.3,-1.8,-135.8,224.2,,,,22.95,15,AUTO.LOITER,0,0
2026-08-21T20:09:23,1787317763,13.821958,100.513444,,,-0.3,-1.8,-135.8,224.2,,,,22.95,15,AUTO.LOITER,0,0
2026-08-21T20:09:24,1787317764,13.821958,100.513444,,,-0.3,-1.8,-135.8,224.2,,,,22.95,15,AUTO.LOITER,0,0
2026-08-21T20:09:26,1787317766,13.821958,100.513444,,,-0.3,-1.8,-135.8,224.2,,,,22.95,15,AUTO.LOITER,0,0
2026-08-21T20:09:27,1787317767,13.821958,100.513444,,,-0.3,-1.8,-135.8,224.2,,,,22.95,15,AUTO.LOITER,0,0
2026-08-21T20:09:28,1787317768,13.821958,100.513423,,,-0.3,-1.8,-135.8,224.2,,,,22.95,15,AUTO.LOITER,0,0
2026-08-21T20:09:29,1787317769,13.821958,100.513423,,,-0.3,-1.8,-135.8,224.2,,,,22.95,15,AUTO.LOITER,0,0
2026-08-21T20:09:30,1787317770,13.821958,100.513423,,,-0.3,-1.7,-135.7,224.3,,,,22.95,15,AUTO.LOITER,0,0
2026-08-21T20:09:31,1787317771,13.821958,100.513423,,,-0.3,-1.7,-135.7,224.3,,,,22.95,15,AUTO.LOITER,0,0
2026-08-21T20:09:32,1787317772,13.821958,100.513423,,,-0.3,-1.7,-135.7,224.3,,,,22.95,15,AUTO.LOITER,0,0
2026-08-21T20:09:33,1787317773,13.821951,100.513409,,,-0.3,-1.7,-135.7,224.3,,,,22.95,15,AUTO.LOITER,0,0
2026-08-21T20:09:34,1787317774,13.821951,100.513409,,,-0.3,-1.7,-135.7,224.3,,,,22.95,15,AUTO.LOITER,0,0
2026-08-21T20:09:35,1787317775,13.821951,100.513409,,,-0.3,-1.8,-135.7,224.3,,,,22.95,15,AUTO.LOITER,0,0
2026-08-21T20:09:36,1787317776,13.821951,100.513409,,,-0.3,-1.8,-135.7,224.3,,,,22.95,15,AUTO.LOITER,0,0
2026-08-21T20:09:37,1787317777,13.821935,100.513395,,,-0.3,-1.8,-135.7,224.3,,,,22.95,15,AUTO.LOITER,0,0
2026-08-21T20:09:38,1787317778,13.821935,100.513395,,,-0.3,-1.8,-135.7,224.3,,,,22.95,15,AUTO.LOITER,0,0
2026-08-21T20:09:39,1787317779,13.821935,100.513395,,,-0.3,-1.8,-135.7,224.3,,,,22.95,15,AUTO.LOITER,0,0
2026-08-21T20:09:40,1787317780,13.821935,100.513395,,,-0.3,-1.8,-135.7,224.3,,,,22.95,15,AUTO.LOITER,0,0
2026-08-21T20:09:41,1787317781,13.821935,100.513395,,,-0.3,-1.8,-135.7,224.3,,,,22.95,15,AUTO.LOITER,0,0
2026-08-21T20:09:42,1787317782,13.821935,100.513395,,,-0.3,-1.8,-135.7,224.3,,,,22.95,15,AUTO.LOITER,0,0
2026-08-21T20:09:43,1787317783,13.821935,100.513395,,,-0.3,-1.8,-135.7,224.3,,,,22.95,15,AUTO.LOITER,0,0
2026-08-21T20:09:44,1787317784,13.821935,100.513395,,,-0.3,-1.8,-135.7,224.3,,,,22.95,15,AUTO.LOITER,0,0
2026-08-21T20:09:45,1787317785,13.821935,100.513395,,,-0.3,-1.8,-135.7,224.3,,,,22.95,15,AUTO.LOITER,0,0
2026-08-21T20:09:46,1787317786,13.821929,100.513417,,,-0.3,-1.8,-135.7,224.3,,,,22.95,15,AUTO.LOITER,0,0
2026-08-21T20:09:47,1787317787,13.821929,100.513417,,,-0.3,-1.8,-135.7,224.3,,,,22.95,15,AUTO.LOITER,0,0
2026-08-21T20:09:48,1787317788,13.821929,100.513417,,,-0.3,-1.8,-135.7,224.3,,,,22.95,15,AUTO.LOITER,0,0
2026-08-21T20:09:49,1787317789,13.821929,100.513417,,,-0.3,-1.8,-135.7,224.3,,,,22.95,15,AUTO.LOITER,0,0
2026-08-21T20:09:50,1787317790,13.821929,100.513417,,,-0.3,-1.8,-135.8,224.2,,,,22.95,15,AUTO.LOITER,0,0
2026-08-21T20:09:51,1787317791,13.821929,100.513417,,,-0.3,-1.8,-135.8,224.2,,,,22.95,15,AUTO.LOITER,0,0
2026-08-21T20:09:52,1787317792,13.821936,100.513435,,,-0.3,-1.8,-135.8,224.2,,,,22.95,15,AUTO.LOITER,0,0
2026-08-21T20:09:53,1787317793,13.821936,100.513435,,,-0.3,-1.8,-135.8,224.2,,,,22.95,15,AUTO.LOITER,0,0
2026-08-21T20:09:54,1787317794,13.821936,100.513435,,,-0.3,-1.8,-135.8,224.2,,,,22.95,15,AUTO.LOITER,0,0
2026-08-21T20:09:55,1787317795,13.821936,100.513435,,,-0.3,-1.8,-135.8,224.2,,,,22.95,15,AUTO.LOITER,0,0
2026-08-21T20:09:56,1787317796,13.821936,100.513435,,,-0.3,-1.8,-135.8,224.2,,,,22.95,15,AUTO.LOITER,0,0
2026-08-21T20:09:57,1787317797,13.821936,100.513435,,,-0.3,-1.8,-135.8,224.2,,,,22.95,15,AUTO.LOITER,0,0
2026-08-21T20:09:58,1787317798,13.821936,100.513435,,,-0.3,-1.8,-135.8,224.2,,,,22.95,15,AUTO.LOITER,0,0
2026-08-21T20:09:59,1787317799,13.821936,100.513435,,,-0.3,-1.8,-135.8,224.2,,,,22.95,15,AUTO.LOITER,0,0
2026-08-21T20:10:00,1787317800,13.821936,100.513435,,,-0.3,-1.8,-135.8,224.2,,,,22.95,15,AUTO.LOITER,0,0
2026-08-21T20:10:01,1787317801,13.821936,100.513435,,,-0.3,-1.8,-135.8,224.2,,,,22.95,15,AUTO.LOITER,0,0
2026-08-21T20:10:02,1787317802,13.821936,100.513435,,,-0.3,-1.8,-135.8,224.2,,,,22.94,14,AUTO.LOITER,0,0
2026-08-21T20:10:03,1787317803,13.821936,100.513435,,,-0.3,-1.8,-135.8,224.2,,,,22.94,14,AUTO.LOITER,0,0
2026-08-21T20:10:04,1787317804,13.821936,100.513435,,,-0.3,-1.8,-135.8,224.2,,,,22.94,14,AUTO.LOITER,0,0
2026-08-21T20:10:05,1787317805,13.821936,100.513435,,,-0.3,-1.7,-135.8,224.2,,,,22.94,14,AUTO.LOITER,0,0
2026-08-21T20:10:06,1787317806,13.821964,100.513427,,,-0.3,-1.7,-135.8,224.2,,,,22.94,14,AUTO.LOITER,0,0
2026-08-21T20:10:07,1787317807,13.821964,100.513427,,,-0.3,-1.7,-135.8,224.2,,,,22.94,14,AUTO.LOITER,0,0
2026-08-21T20:10:08,1787317808,13.821964,100.513427,,,-0.3,-1.7,-135.8,224.2,,,,22.94,14,AUTO.LOITER,0,0
2026-08-21T20:10:09,1787317809,13.821964,100.513427,,,-0.3,-1.7,-135.8,224.2,,,,22.94,14,AUTO.LOITER,0,0
2026-08-21T20:10:10,1787317810,13.821964,100.513427,,,-0.3,-1.7,-135.8,224.2,,,,22.94,14,AUTO.LOITER,0,0
2026-08-21T20:10:11,1787317811,13.821964,100.513427,,,-0.3,-1.7,-135.8,224.2,,,,22.94,14,AUTO.LOITER,0,0
2026-08-21T20:10:12,1787317812,13.821964,100.513427,,,-0.3,-1.7,-135.8,224.2,,,,22.94,14,AUTO.LOITER,0,0
2026-08-21T20:10:13,1787317813,13.821964,100.513427,,,-0.3,-1.7,-135.8,224.2,,,,22.94,14,AUTO.LOITER,0,0
2026-08-21T20:10:14,1787317814,13.821964,100.513427,,,-0.3,-1.7,-135.8,224.2,,,,22.94,14,AUTO.LOITER,0,0
2026-08-21T20:10:15,1787317815,13.821964,100.513427,,,-0.3,-1.7,-135.8,224.2,,,,22.94,14,AUTO.LOITER,0,0
2026-08-21T20:10:16,1787317816,13.821982,100.5134,,,-0.3,-1.7,-135.8,224.2,,,,22.94,14,AUTO.LOITER,0,0
2026-08-21T20:10:17,1787317817,13.821982,100.5134,,,-0.3,-1.8,-135.8,224.2,,,,22.94,14,AUTO.LOITER,0,0
2026-08-21T20:10:18,1787317818,13.821982,100.5134,,,-0.3,-1.8,-135.8,224.2,,,,22.94,14,AUTO.LOITER,0,0
2026-08-21T20:10:19,1787317819,13.821982,100.5134,,,-0.3,-1.8,-135.8,224.2,,,,22.94,14,AUTO.LOITER,0,0
2026-08-21T20:10:20,1787317820,13.821982,100.5134,,,-0.3,-1.8,-135.8,224.2,,,,22.94,14,AUTO.LOITER,0,0
2026-08-21T20:10:21,1787317821,13.821982,100.5134,,,-0.3,-1.8,-135.8,224.2,,,,22.94,14,AUTO.LOITER,0,0
2026-08-21T20:10:22,1787317822,13.821982,100.5134,,,-0.3,-1.8,-135.8,224.2,,,,22.94,14,AUTO.LOITER,0,0
2026-08-21T20:10:23,1787317823,13.821982,100.5134,,,-0.3,-1.8,-135.8,224.2,,,,22.94,14,AUTO.LOITER,0,0
2026-08-21T20:10:24,1787317824,13.821982,100.5134,,,-0.3,-1.8,-135.8,224.2,,,,22.94,14,AUTO.LOITER,0,0
2026-08-21T20:10:25,1787317825,13.821982,100.5134,,,-0.3,-1.8,-135.8,224.2,,,,22.94,14,AUTO.LOITER,0,0
2026-08-21T20:10:26,1787317826,13.821982,100.5134,,,-0.3,-1.8,-135.8,224.2,,,,22.94,14,AUTO.LOITER,0,0
2026-08-21T20:10:27,1787317827,13.821982,100.5134,,,-0.3,-1.8,-135.8,224.2,,,,22.94,14,AUTO.LOITER,0,0
2026-08-21T20:10:28,1787317828,13.821982,100.5134,,,-0.3,-1.8,-135.8,224.2,,,,22.94,14,AUTO.LOITER,0,0
2026-08-21T20:10:29,1787317829,13.821982,100.5134,,,-0.3,-1.8,-135.8,224.2,,,,22.94,14,AUTO.LOITER,0,0
2026-08-21T20:10:30,1787317830,13.821982,100.5134,,,-0.3,-1.8,-135.8,224.2,,,,22.94,14,AUTO.LOITER,0,0
2026-08-21T20:10:31,1787317831,13.821982,100.5134,,,-0.3,-1.8,-135.8,224.2,,,,22.94,14,AUTO.LOITER,0,0
2026-08-21T20:10:32,1787317832,13.82197,100.513407,,,-0.3,-1.8,-135.8,224.2,,,,22.94,14,AUTO.LOITER,0,0
2026-08-21T20:10:33,1787317833,13.82197,100.513407,,,-0.3,-1.8,-135.8,224.2,,,,22.94,14,AUTO.LOITER,0,0
2026-08-21T20:10:34,1787317834,13.82197,100.513407,,,-0.3,-1.8,-135.8,224.2,,,,22.94,14,AUTO.LOITER,0,0
2026-08-21T20:10:35,1787317835,13.82197,100.513407,,,-0.3,-1.8,-135.8,224.2,,,,22.94,14,AUTO.LOITER,0,0
2026-08-21T20:10:36,1787317836,13.82197,100.513407,,,-0.3,-1.8,-135.8,224.2,,,,22.94,14,AUTO.LOITER,0,0
2026-08-21T20:10:37,1787317837,13.82197,100.513407,,,-0.3,-1.8,-135.8,224.2,,,,22.94,14,AUTO.LOITER,0,0
2026-08-21T20:10:38,1787317838,13.82197,100.513407,,,-0.3,-1.8,-135.8,224.2,,,,22.94,14,AUTO.LOITER,0,0
2026-08-21T20:10:39,1787317839,13.82197,100.513407,,,-0.3,-1.8,-135.8,224.2,,,,22.94,14,AUTO.LOITER,0,0
2026-08-21T20:10:40,1787317840,13.82197,100.513407,,,-0.3,-1.8,-135.8,224.2,,,,22.94,14,AUTO.LOITER,0,0
2026-08-21T20:10:41,1787317841,13.82197,100.513407,,,-0.3,-1.8,-135.8,224.2,,,,22.94,14,AUTO.LOITER,0,0
2026-08-21T20:10:42,1787317842,13.821933,100.513455,,,-0.3,-1.8,-135.8,224.2,,,,22.94,14,AUTO.LOITER,0,0
2026-08-21T20:10:43,1787317843,13.821933,100.513455,,,-0.3,-1.8,-135.8,224.2,,,,22.94,14,AUTO.LOITER,0,0
2026-08-21T20:10:44,1787317844,13.821933,100.513455,,,-0.3,-1.8,-135.8,224.2,,,,22.94,14,AUTO.LOITER,0,0
2026-08-21T20:10:45,1787317845,13.821933,100.513455,,,-0.3,-1.8,-135.8,224.2,,,,22.94,14,AUTO.LOITER,0,0
2026-08-21T20:10:46,1787317846,13.821933,100.513455,,,-0.3,-1.8,-135.8,224.2,,,,22.94,14,AUTO.LOITER,0,0
2026-08-21T20:10:47,1787317847,13.821933,100.513455,,,-0.3,-1.8,-135.7,224.3,,,,22.94,14,AUTO.LOITER,0,0
2026-08-21T20:10:48,1787317848,13.821933,100.513455,,,-0.3,-1.8,-135.7,224.3,,,,22.94,14,AUTO.LOITER,0,0
2026-08-21T20:10:49,1787317849,13.821933,100.513455,,,-0.3,-1.8,-135.7,224.3,,,,22.94,14,AUTO.LOITER,0,0
2026-08-21T20:10:50,1787317850,13.821933,100.513455,,,-0.3,-1.8,-135.7,224.3,,,,22.94,14,AUTO.LOITER,0,0
2026-08-21T20:10:51,1787317851,13.821933,100.513455,,,-0.3,-1.8,-135.7,224.3,,,,22.94,14,AUTO.LOITER,0,0
2026-08-21T20:10:52,1787317852,13.821933,100.513455,,,-0.3,-1.8,-135.7,224.3,,,,22.94,14,AUTO.LOITER,0,0
2026-08-21T20:10:53,1787317853,13.821933,100.513455,,,-0.3,-1.8,-135.7,224.3,,,,22.94,14,AUTO.LOITER,0,0
2026-08-21T20:10:54,1787317854,13.821933,100.513455,,,-0.3,-1.8,-135.7,224.3,,,,22.94,14,AUTO.LOITER,0,0
2026-08-21T20:10:55,1787317855,13.821933,100.513455,,,-0.3,-1.8,-135.7,224.3,,,,22.94,14,AUTO.LOITER,0,0
2026-08-21T20:10:56,1787317856,13.821933,100.513455,,,-0.3,-1.8,-135.7,224.3,,,,22.94,14,AUTO.LOITER,0,0
2026-08-21T20:10:57,1787317857,13.821933,100.513455,,,-0.3,-1.8,-135.7,224.3,,,,22.94,14,AUTO.LOITER,0,0
2026-08-21T20:10:58,1787317858,13.821933,100.513455,,,-0.3,-1.8,-135.7,224.3,,,,22.94,14,AUTO.LOITER,0,0
2026-08-21T20:10:59,1787317859,13.821943,100.513509,,,-0.3,-1.8,-135.7,224.3,,,,22.94,14,AUTO.LOITER,0,0
2026-08-21T20:11:00,1787317860,13.821943,100.513509,,,-0.3,-1.8,-135.7,224.3,,,,22.94,14,AUTO.LOITER,0,0
2026-08-21T20:11:01,1787317861,13.821943,100.513509,,,-0.3,-1.8,-135.7,224.3,,,,22.94,14,AUTO.LOITER,0,0
2026-08-21T20:11:02,1787317862,13.821943,100.513509,,,-0.3,-1.8,-135.7,224.3,,,,22.94,14,AUTO.LOITER,0,0
2026-08-21T20:11:03,1787317863,13.821943,100.513509,,,-0.3,-1.8,-135.7,224.3,,,,22.94,14,AUTO.LOITER,0,0
2026-08-21T20:11:04,1787317864,13.821943,100.513509,,,-0.3,-1.8,-135.7,224.3,,,,22.94,14,AUTO.LOITER,0,0
2026-08-21T20:11:05,1787317865,13.821943,100.513509,,,-0.3,-1.8,-135.7,224.3,,,,22.94,14,AUTO.LOITER,0,0
2026-08-21T20:11:06,1787317866,13.821943,100.513509,,,-0.3,-1.8,-135.7,224.3,,,,22.94,14,AUTO.LOITER,0,0
2026-08-21T20:11:07,1787317867,13.821943,100.513509,,,-0.3,-1.8,-135.7,224.3,,,,22.94,14,AUTO.LOITER,0,0
2026-08-21T20:11:08,1787317868,13.82195,100.513539,,,-0.3,-1.8,-135.7,224.3,,,,22.94,14,AUTO.LOITER,0,0
2026-08-21T20:11:09,1787317869,13.82195,100.513539,,,-0.3,-1.8,-135.7,224.3,,,,22.94,14,AUTO.LOITER,0,0
2026-08-21T20:11:10,1787317870,13.82195,100.513539,,,-0.3,-1.8,-135.7,224.3,,,,22.94,14,AUTO.LOITER,0,0
2026-08-21T20:11:11,1787317871,13.82195,100.513539,,,-0.3,-1.8,-135.7,224.3,,,,22.94,14,AUTO.LOITER,0,0
2026-08-21T20:11:12,1787317872,13.82195,100.513539,,,-0.3,-1.8,-135.7,224.3,,,,22.94,14,AUTO.LOITER,0,0
2026-08-21T20:11:13,1787317873,13.82195,100.513539,,,-0.3,-1.8,-135.7,224.3,,,,22.94,14,AUTO.LOITER,0,0
2026-08-21T20:11:14,1787317874,13.821961,100.513557,,,-0.3,-1.8,-135.7,224.3,,,,22.94,14,AUTO.LOITER,0,0
2026-08-21T20:11:15,1787317875,13.821961,100.513557,,,-0.3,-1.8,-135.7,224.3,,,,22.94,14,AUTO.LOITER,0,0
2026-08-21T20:11:16,1787317876,13.821961,100.513557,,,-0.3,-1.8,-135.7,224.3,,,,22.94,14,AUTO.LOITER,0,0
2026-08-21T20:11:17,1787317877,13.821961,100.513557,,,-0.3,-1.8,-135.7,224.3,,,,22.94,14,AUTO.LOITER,0,0
2026-08-21T20:11:18,1787317878,13.821961,100.513557,,,-0.3,-1.8,-135.7,224.3,,,,22.94,14,AUTO.LOITER,0,0
2026-08-21T20:11:19,1787317879,13.821961,100.513557,,,-0.3,-1.8,-135.7,224.3,,,,22.94,14,AUTO.LOITER,0,0
2026-08-21T20:11:20,1787317880,13.821961,100.513557,,,-0.3,-1.8,-135.7,224.3,,,,22.94,14,AUTO.LOITER,0,0
2026-08-21T20:11:21,1787317881,13.821961,100.513557,,,-0.3,-1.8,-135.7,224.3,,,,22.94,14,AUTO.LOITER,0,0
2026-08-21T20:11:22,1787317882,13.821965,100.513542,,,-0.3,-1.7,-135.7,224.3,,,,22.94,14,AUTO.LOITER,0,0
2026-08-21T20:11:23,1787317883,13.821965,100.513542,,,-0.3,-1.7,-135.7,224.3,,,,22.94,14,AUTO.LOITER,0,0
2026-08-21T20:11:24,1787317884,13.821965,100.513542,,,-0.3,-1.7,-135.7,224.3,,,,22.94,14,AUTO.LOITER,0,0
2026-08-21T20:11:25,1787317885,13.821965,100.513542,,,-0.3,-1.7,-135.7,224.3,,,,22.94,14,AUTO.LOITER,0,0
2026-08-21T20:11:26,1787317886,13.821965,100.513542,,,-0.3,-1.7,-135.7,224.3,,,,22.94,14,AUTO.LOITER,0,0
2026-08-21T20:11:27,1787317887,13.821965,100.513542,,,-0.3,-1.7,-135.7,224.3,,,,22.94,14,AUTO.LOITER,0,0
2026-08-21T20:11:28,1787317888,13.821965,100.513542,,,-0.3,-1.7,-135.7,224.3,,,,22.94,14,AUTO.LOITER,0,0
2026-08-21T20:11:29,1787317889,13.821965,100.513542,,,-0.3,-1.8,-135.7,224.3,,,,22.94,14,AUTO.LOITER,0,0
2026-08-21T20:11:30,1787317890,13.821965,100.513542,,,-0.3,-1.8,-135.7,224.3,,,,22.94,14,AUTO.LOITER,0,0
2026-08-21T20:11:31,1787317891,13.821981,100.513577,,,-0.3,-1.8,-135.7,224.3,,,,22.94,14,AUTO.LOITER,0,0
2026-08-21T20:11:32,1787317892,13.821981,100.513577,,,-0.3,-1.8,-135.7,224.3,,,,22.94,14,AUTO.LOITER,0,0
2026-08-21T20:11:33,1787317893,13.821981,100.513577,,,-0.3,-1.8,-135.8,224.2,,,,22.94,14,AUTO.LOITER,0,0
2026-08-21T20:11:34,1787317894,13.821981,100.513577,,,-0.3,-1.8,-135.8,224.2,,,,22.94,14,AUTO.LOITER,0,0
2026-08-21T20:11:35,1787317895,13.821981,100.513577,,,-0.3,-1.8,-135.8,224.2,,,,22.94,14,AUTO.LOITER,0,0
2026-08-21T20:11:36,1787317896,13.821981,100.513577,,,-0.3,-1.8,-135.8,224.2,,,,22.94,14,AUTO.LOITER,0,0
2026-08-21T20:11:37,1787317897,13.821981,100.513577,,,-0.3,-1.7,-135.8,224.2,,,,22.94,14,AUTO.LOITER,0,0
2026-08-21T20:11:38,1787317898,13.821981,100.513577,,,-0.3,-1.7,-135.8,224.2,,,,22.94,14,AUTO.LOITER,0,0
2026-08-21T20:11:39,1787317899,13.821981,100.513577,,,-0.3,-1.7,-135.8,224.2,,,,22.94,14,AUTO.LOITER,0,0
2026-08-21T20:11:40,1787317900,13.821981,100.513577,,,-0.3,-1.8,-135.8,224.2,,,,22.94,14,AUTO.LOITER,0,0
2026-08-21T20:11:41,1787317901,13.82201,100.513587,,,-0.3,-1.8,-135.8,224.2,,,,22.94,14,AUTO.LOITER,0,0
2026-08-21T20:11:42,1787317902,13.82201,100.513587,,,-0.3,-1.8,-135.8,224.2,,,,22.94,14,AUTO.LOITER,0,0
2026-08-21T20:11:43,1787317903,13.82201,100.513587,,,-0.3,-1.8,-135.8,224.2,,,,22.94,14,AUTO.LOITER,0,0
2026-08-21T20:11:44,1787317904,13.82201,100.513587,,,-0.3,-1.8,-135.8,224.2,,,,22.94,14,AUTO.LOITER,0,0
2026-08-21T20:11:45,1787317905,13.82201,100.513587,,,-0.3,-1.8,-135.8,224.2,,,,22.94,14,AUTO.LOITER,0,0
2026-08-21T20:11:46,1787317906,13.82201,100.513587,,,-0.3,-1.8,-135.8,224.2,,,,22.94,14,AUTO.LOITER,0,0
2026-08-21T20:11:47,1787317907,13.82201,100.513587,,,-0.3,-1.8,-135.8,224.2,,,,22.94,14,AUTO.LOITER,0,0
2026-08-21T20:11:48,1787317908,13.82201,100.513587,,,-0.3,-1.7,-135.8,224.2,,,,22.94,14,AUTO.LOITER,0,0
2026-08-21T20:11:49,1787317909,13.82201,100.513587,,,-0.3,-1.7,-135.8,224.2,,,,22.94,14,AUTO.LOITER,0,0
2026-08-21T20:11:50,1787317910,13.82201,100.513587,,,-0.3,-1.7,-135.8,224.2,,,,22.94,14,AUTO.LOITER,0,0
2026-08-21T20:11:51,1787317911,13.82201,100.513587,,,-0.3,-1.8,-135.8,224.2,,,,22.94,14,AUTO.LOITER,0,0
2026-08-21T20:11:52,1787317912,13.82204,100.513624,,,-0.3,-1.8,-135.8,224.2,,,,22.94,14,AUTO.LOITER,0,0
2026-08-21T20:11:53,1787317913,13.82204,100.513624,,,-0.3,-1.8,-135.8,224.2,,,,22.94,14,AUTO.LOITER,0,0
2026-08-21T20:11:54,1787317914,13.82204,100.513624,,,-0.3,-1.8,-135.8,224.2,,,,22.94,14,AUTO.LOITER,0,0
2026-08-21T20:11:55,1787317915,13.82204,100.513624,,,-0.3,-1.8,-135.8,224.2,,,,22.94,14,AUTO.LOITER,0,0
2026-08-21T20:11:56,1787317916,13.82204,100.513624,,,-0.3,-1.8,-135.8,224.2,,,,22.94,14,AUTO.LOITER,0,0
2026-08-21T20:11:57,1787317917,13.822057,100.51362,,,-0.3,-1.8,-135.8,224.2,,,,22.94,14,AUTO.LOITER,0,0
2026-08-21T20:11:58,1787317918,13.822057,100.51362,,,-0.3,-1.8,-135.8,224.2,,,,22.94,14,AUTO.LOITER,0,0
2026-08-21T20:11:59,1787317919,13.822057,100.51362,,,-0.3,-1.8,-135.8,224.2,,,,22.93,14,AUTO.LOITER,0,0
2026-08-21T20:12:00,1787317920,13.822057,100.51362,,,-0.3,-1.8,-135.8,224.2,,,,22.93,14,AUTO.LOITER,0,0
2026-08-21T20:12:01,1787317921,13.822057,100.51362,,,-0.3,-1.8,-135.7,224.3,,,,22.93,14,AUTO.LOITER,0,0
2026-08-21T20:12:02,1787317922,13.822089,100.513644,,,-0.3,-1.8,-135.7,224.3,,,,22.93,14,AUTO.LOITER,0,0
2026-08-21T20:12:03,1787317923,13.822089,100.513644,,,-0.3,-1.8,-135.7,224.3,,,,22.93,14,AUTO.LOITER,0,0
2026-08-21T20:12:04,1787317924,13.822089,100.513644,,,-0.3,-1.8,-135.7,224.3,,,,22.93,14,AUTO.LOITER,0,0
2026-08-21T20:12:05,1787317925,13.822089,100.513644,,,-0.3,-1.8,-135.7,224.3,,,,22.93,14,AUTO.LOITER,0,0
2026-08-21T20:12:06,1787317926,13.822089,100.513644,,,-0.3,-1.8,-135.8,224.2,,,,22.93,14,AUTO.LOITER,0,0
2026-08-21T20:12:07,1787317927,13.822115,100.513655,,,-0.3,-1.8,-135.8,224.2,,,,22.93,14,AUTO.LOITER,0,0
2026-08-21T20:12:08,1787317928,13.822115,100.513655,,,-0.3,-1.8,-135.8,224.2,,,,22.93,14,AUTO.LOITER,0,0
2026-08-21T20:12:09,1787317929,13.822115,100.513655,,,-0.3,-1.8,-135.8,224.2,,,,22.93,14,AUTO.LOITER,0,0
2026-08-21T20:12:10,1787317930,13.822115,100.513655,,,-0.3,-1.8,-135.8,224.2,,,,22.93,14,AUTO.LOITER,0,0
2026-08-21T20:12:11,1787317931,13.822115,100.513655,,,-0.3,-1.8,-135.8,224.2,,,,22.93,14,AUTO.LOITER,0,0
2026-08-21T20:12:12,1787317932,13.822115,100.513655,,,-0.3,-1.7,-135.8,224.2,,,,22.93,14,AUTO.LOITER,0,0
2026-08-21T20:12:13,1787317933,13.822115,100.513655,,,-0.3,-1.7,-135.8,224.2,,,,22.93,14,AUTO.LOITER,0,0
2026-08-21T20:12:14,1787317934,13.822162,100.51355,,,-0.3,-1.7,-135.8,224.2,,,,22.93,14,AUTO.LOITER,0,0
2026-08-21T20:12:15,1787317935,13.822162,100.51355,,,-0.3,-1.7,-135.8,224.2,,,,22.93,14,AUTO.LOITER,0,0
2026-08-21T20:12:16,1787317936,13.822162,100.51355,,,-0.3,-1.7,-135.8,224.2,,,,22.93,14,AUTO.LOITER,0,0
2026-08-21T20:12:17,1787317937,13.822162,100.51355,,,-0.3,-1.7,-135.8,224.2,,,,22.93,14,AUTO.LOITER,0,0
2026-08-21T20:12:18,1787317938,13.822162,100.51355,,,-0.3,-1.7,-135.8,224.2,,,,22.93,14,AUTO.LOITER,0,0
2026-08-21T20:12:19,1787317939,13.822162,100.51355,,,-0.3,-1.7,-135.8,224.2,,,,22.93,14,AUTO.LOITER,0,0
2026-08-21T20:12:20,1787317940,13.822162,100.51355,,,-0.3,-1.8,-135.8,224.2,,,,22.93,14,AUTO.LOITER,0,0
2026-08-21T20:12:21,1787317941,13.822162,100.51355,,,-0.3,-1.8,-135.8,224.2,,,,22.93,14,AUTO.LOITER,0,0
2026-08-21T20:12:22,1787317942,13.822162,100.51355,,,-0.3,-1.8,-135.8,224.2,,,,22.93,14,AUTO.LOITER,0,0
2026-08-21T20:12:23,1787317943,13.822207,100.5135,,,-0.3,-1.8,-135.8,224.2,,,,22.93,14,AUTO.LOITER,0,0
2026-08-21T20:12:24,1787317944,13.822207,100.5135,,,-0.3,-1.8,-135.8,224.2,,,,22.93,14,AUTO.LOITER,0,0
2026-08-21T20:12:25,1787317945,13.822207,100.5135,,,-0.3,-1.8,-135.8,224.2,,,,22.93,14,AUTO.LOITER,0,0
2026-08-21T20:12:26,1787317946,13.822207,100.5135,,,-0.3,-1.8,-135.8,224.2,,,,22.93,14,AUTO.LOITER,0,0
2026-08-21T20:12:27,1787317947,13.822207,100.5135,,,-0.3,-1.8,-135.8,224.2,,,,22.93,14,AUTO.LOITER,0,0
2026-08-21T20:12:28,1787317948,13.822244,100.513443,,,-0.3,-1.8,-135.8,224.2,,,,22.93,14,AUTO.LOITER,0,0
2026-08-21T20:12:29,1787317949,13.822244,100.513443,,,-0.3,-1.8,-135.8,224.2,,,,22.93,14,AUTO.LOITER,0,0
2026-08-21T20:12:30,1787317950,13.822244,100.513443,,,-0.3,-1.8,-135.8,224.2,,,,22.93,14,AUTO.LOITER,0,0
2026-08-21T20:12:31,1787317951,13.822244,100.513443,,,-0.3,-1.8,-135.8,224.2,,,,22.93,14,AUTO.LOITER,0,0
2026-08-21T20:12:32,1787317952,13.822244,100.513443,,,-0.3,-1.8,-135.8,224.2,,,,22.93,14,AUTO.LOITER,0,0
2026-08-21T20:12:33,1787317953,13.822244,100.513443,,,-0.3,-1.8,-135.8,224.2,,,,22.93,14,AUTO.LOITER,0,0
2026-08-21T20:12:34,1787317954,13.822244,100.513443,,,-0.3,-1.8,-135.8,224.2,,,,22.93,14,AUTO.LOITER,0,0
2026-08-21T20:12:35,1787317955,13.822244,100.513443,,,-0.3,-1.8,-135.8,224.2,,,,22.93,14,AUTO.LOITER,0,0
2026-08-21T20:12:36,1787317956,13.822244,100.513443,,,-0.3,-1.8,-135.8,224.2,,,,22.93,14,AUTO.LOITER,0,0
2026-08-21T20:12:37,1787317957,13.822244,100.513443,,,-0.3,-1.8,-135.8,224.2,,,,22.93,14,AUTO.LOITER,0,0
2026-08-21T20:12:38,1787317958,13.822249,100.513362,,,-0.3,-1.8,-135.8,224.2,,,,22.93,14,AUTO.LOITER,0,0
2026-08-21T20:12:39,1787317959,13.822249,100.513362,,,-0.3,-1.8,-135.8,224.2,,,,22.93,14,AUTO.LOITER,0,0
2026-08-21T20:12:40,1787317960,13.822249,100.513362,,,-0.3,-1.8,-135.8,224.2,,,,22.93,14,AUTO.LOITER,0,0
2026-08-21T20:12:41,1787317961,13.822249,100.513362,,,-0.3,-1.8,-135.8,224.2,,,,22.93,14,AUTO.LOITER,0,0
2026-08-21T20:12:42,1787317962,13.822249,100.513362,,,-0.3,-1.8,-135.8,224.2,,,,22.93,14,AUTO.LOITER,0,0
2026-08-21T20:12:43,1787317963,13.822246,100.513358,,,-0.3,-1.8,-135.8,224.2,,,,22.93,14,AUTO.LOITER,0,0
2026-08-21T20:12:44,1787317964,13.822246,100.513358,,,-0.3,-1.8,-135.8,224.2,,,,22.93,14,AUTO.LOITER,0,0
2026-08-21T20:12:45,1787317965,13.822246,100.513358,,,-0.3,-1.8,-135.8,224.2,,,,22.93,14,AUTO.LOITER,0,0
2026-08-21T20:12:46,1787317966,13.822246,100.513358,,,-0.3,-1.8,-135.7,224.3,,,,22.93,14,AUTO.LOITER,0,0
2026-08-21T20:12:47,1787317967,13.822246,100.513358,,,-0.3,-1.8,-135.7,224.3,,,,22.93,14,AUTO.LOITER,0,0
2026-08-21T20:12:48,1787317968,13.822223,100.513435,,,-0.3,-1.8,-135.7,224.3,,,,22.93,14,AUTO.LOITER,0,0
2026-08-21T20:12:49,1787317969,13.822223,100.513435,,,-0.3,-1.8,-135.7,224.3,,,,22.93,14,AUTO.LOITER,0,0
2026-08-21T20:12:50,1787317970,13.822223,100.513435,,,-0.3,-1.8,-135.7,224.3,,,,22.93,14,AUTO.LOITER,0,0
2026-08-21T20:12:51,1787317971,13.822223,100.513435,,,-0.3,-1.8,-135.7,224.3,,,,22.93,14,AUTO.LOITER,0,0
2026-08-21T20:12:52,1787317972,13.822223,100.513435,,,-0.3,-1.8,-135.7,224.3,,,,22.93,14,AUTO.LOITER,0,0
2026-08-21T20:12:53,1787317973,13.822223,100.513435,,,-0.3,-1.8,-135.7,224.3,,,,22.93,14,AUTO.LOITER,0,0
2026-08-21T20:12:54,1787317974,13.822223,100.513435,,,-0.3,-1.8,-135.7,224.3,,,,22.93,14,AUTO.LOITER,0,0
2026-08-21T20:12:55,1787317975,13.822223,100.513435,,,-0.3,-1.8,-135.7,224.3,,,,22.93,14,AUTO.LOITER,0,0
2026-08-21T20:12:56,1787317976,13.822223,100.513435,,,-0.3,-1.8,-135.7,224.3,,,,22.93,14,AUTO.LOITER,0,0
2026-08-21T20:12:57,1787317977,13.822223,100.513435,,,-0.3,-1.8,-135.7,224.3,,,,22.93,14,AUTO.LOITER,0,0
2026-08-21T20:12:58,1787317978,13.822223,100.513435,,,-0.3,-1.8,-135.7,224.3,,,,22.93,14,AUTO.LOITER,0,0
2026-08-21T20:12:59,1787317979,13.822223,100.513435,,,-0.3,-1.8,-135.7,224.3,,,,22.93,14,AUTO.LOITER,0,0
2026-08-21T20:13:00,1787317980,13.822223,100.513435,,,-0.3,-1.8,-135.7,224.3,,,,22.93,14,AUTO.LOITER,0,0
2026-08-21T20:13:01,1787317981,13.822223,100.513435,,,-0.3,-1.8,-135.7,224.3,,,,22.93,14,AUTO.LOITER,0,0
2026-08-21T20:13:02,1787317982,13.822223,100.513435,,,-0.3,-1.8,-135.8,224.2,,,,22.93,14,AUTO.LOITER,0,0
2026-08-21T20:13:03,1787317983,13.822236,100.513497,,,-0.3,-1.8,-135.8,224.2,,,,22.93,14,AUTO.LOITER,0,0
2026-08-21T20:13:04,1787317984,13.822236,100.513497,,,-0.3,-1.8,-135.8,224.2,,,,22.93,14,AUTO.LOITER,0,0
2026-08-21T20:13:05,1787317985,13.822236,100.513497,,,-0.3,-1.8,-135.8,224.2,,,,22.93,14,AUTO.LOITER,0,0
2026-08-21T20:13:06,1787317986,13.822236,100.513497,,,-0.3,-1.8,-135.8,224.2,,,,22.93,14,AUTO.LOITER,0,0
2026-08-21T20:13:07,1787317987,13.822236,100.513497,,,-0.3,-1.8,-135.8,224.2,,,,22.93,14,AUTO.LOITER,0,0
2026-08-21T20:13:08,1787317988,13.822236,100.513497,,,-0.3,-1.8,-135.7,224.3,,,,22.93,14,AUTO.LOITER,0,0
2026-08-21T20:13:09,1787317989,13.822207,100.513542,,,-0.3,-1.8,-135.7,224.3,,,,22.93,14,AUTO.LOITER,0,0
2026-08-21T20:13:10,1787317990,13.822207,100.513542,,,-0.3,-1.8,-135.7,224.3,,,,22.93,14,AUTO.LOITER,0,0
2026-08-21T20:13:11,1787317991,13.822207,100.513542,,,-0.3,-1.8,-135.7,224.3,,,,22.93,14,AUTO.LOITER,0,0
2026-08-21T20:13:12,1787317992,13.822207,100.513542,,,-0.3,-1.8,-135.7,224.3,,,,22.93,14,AUTO.LOITER,0,0
2026-08-21T20:13:13,1787317993,13.822207,100.513542,,,-0.3,-1.8,-135.7,224.3,,,,22.93,14,AUTO.LOITER,0,0
2026-08-21T20:13:14,1787317994,13.822183,100.513544,,,-0.3,-1.8,-135.8,224.2,,,,22.93,14,AUTO.LOITER,0,0
2026-08-21T20:13:15,1787317995,13.822183,100.513544,,,-0.3,-1.8,-135.8,224.2,,,,22.93,14,AUTO.LOITER,0,0
2026-08-21T20:13:16,1787317996,13.822183,100.513544,,,-0.3,-1.8,-135.7,224.3,,,,22.93,14,AUTO.LOITER,0,0
2026-08-21T20:13:17,1787317997,13.822183,100.513544,,,-0.3,-1.8,-135.7,224.3,,,,22.93,14,AUTO.LOITER,0,0
2026-08-21T20:13:18,1787317998,13.822178,100.513541,,,-0.3,-1.8,-135.7,224.3,,,,22.93,14,AUTO.LOITER,0,0
2026-08-21T20:13:19,1787317999,13.822178,100.513541,,,-0.3,-1.8,-135.7,224.3,,,,22.93,14,AUTO.LOITER,0,0
2026-08-21T20:13:20,1787318000,13.822178,100.513541,,,-0.3,-1.8,-135.7,224.3,,,,22.93,14,AUTO.LOITER,0,0
2026-08-21T20:13:21,1787318001,13.822178,100.513541,,,-0.3,-1.8,-135.7,224.3,,,,22.93,14,AUTO.LOITER,0,0
2026-08-21T20:13:22,1787318002,13.822178,100.513541,,,-0.3,-1.8,-135.7,224.3,,,,22.93,14,AUTO.LOITER,0,0
2026-08-21T20:13:23,1787318003,13.822178,100.513541,,,-0.3,-1.8,-135.7,224.3,,,,22.93,14,AUTO.LOITER,0,0
2026-08-21T20:13:24,1787318004,13.822158,100.513533,,,-0.3,-1.8,-135.7,224.3,,,,22.93,14,AUTO.LOITER,0,0
2026-08-21T20:13:25,1787318005,13.822158,100.513533,,,-0.3,-1.8,-135.7,224.3,,,,22.93,14,AUTO.LOITER,0,0
2026-08-21T20:13:26,1787318007,13.822158,100.513533,,,-0.3,-1.8,-135.7,224.3,,,,22.93,14,AUTO.LOITER,0,0
2026-08-21T20:13:27,1787318008,13.822158,100.513533,,,-0.3,-1.8,-135.7,224.3,,,,22.93,14,AUTO.LOITER,0,0
2026-08-21T20:13:28,1787318009,13.822158,100.513533,,,-0.3,-1.8,-135.7,224.3,,,,22.93,14,AUTO.LOITER,0,0
2026-08-21T20:13:29,1787318010,13.822161,100.513539,,,-0.3,-1.8,-135.7,224.3,,,,22.93,14,AUTO.LOITER,0,0
2026-08-21T20:13:30,1787318011,13.822161,100.513539,,,-0.3,-1.8,-135.7,224.3,,,,22.93,14,AUTO.LOITER,0,0
2026-08-21T20:13:31,1787318012,13.822161,100.513539,,,-0.3,-1.8,-135.7,224.3,,,,22.93,14,AUTO.LOITER,0,0
2026-08-21T20:13:32,1787318013,13.822161,100.513539,,,-0.3,-1.8,-135.7,224.3,,,,22.93,14,AUTO.LOITER,0,0
2026-08-21T20:13:33,1787318014,13.822161,100.513539,,,-0.3,-1.8,-135.6,224.4,,,,22.93,14,AUTO.LOITER,0,0
2026-08-21T20:13:34,1787318015,13.822169,100.51352,,,-0.3,-1.8,-135.6,224.4,,,,22.93,14,AUTO.LOITER,0,0
2026-08-21T20:13:35,1787318016,13.822169,100.51352,,,-0.3,-1.8,-135.6,224.4,,,,22.93,14,AUTO.LOITER,0,0
2026-08-21T20:13:36,1787318017,13.822169,100.51352,,,-0.3,-1.8,-135.6,224.4,,,,22.93,14,AUTO.LOITER,0,0
2026-08-21T20:13:37,1787318018,13.822169,100.51352,,,-0.3,-1.8,-135.6,224.4,,,,22.93,14,AUTO.LOITER,0,0
2026-08-21T20:13:38,1787318019,13.822176,100.513497,,,-0.3,-1.8,-135.6,224.4,,,,22.93,14,AUTO.LOITER,0,0
2026-08-21T20:13:39,1787318020,13.822176,100.513497,,,-0.3,-1.7,-135.6,224.4,,,,22.93,14,AUTO.LOITER,0,0
2026-08-21T20:13:40,1787318021,13.822176,100.513497,,,-0.3,-1.7,-135.6,224.4,,,,22.93,14,AUTO.LOITER,0,0
2026-08-21T20:13:41,1787318022,13.822176,100.513497,,,-0.3,-1.8,-135.6,224.4,,,,22.93,14,AUTO.LOITER,0,0
2026-08-21T20:13:42,1787318023,13.822176,100.513497,,,-0.3,-1.8,-135.6,224.4,,,,22.93,14,AUTO.LOITER,0,0
2026-08-21T20:13:43,1787318024,13.822176,100.513497,,,-0.3,-1.8,-135.7,224.3,,,,22.93,14,AUTO.LOITER,0,0
2026-08-21T20:13:44,1787318025,13.822176,100.513497,,,-0.3,-1.8,-135.7,224.3,,,,22.93,14,AUTO.LOITER,0,0
2026-08-21T20:13:45,1787318026,13.822176,100.513497,,,-0.3,-1.8,-135.7,224.3,,,,22.93,14,AUTO.LOITER,0,0
2026-08-21T20:13:46,1787318027,13.822176,100.513497,,,-0.3,-1.8,-135.7,224.3,,,,22.93,14,AUTO.LOITER,0,0
2026-08-21T20:13:47,1787318028,13.822176,100.513497,,,-0.3,-1.8,-135.7,224.3,,,,22.93,14,AUTO.LOITER,0,0
2026-08-21T20:13:48,1787318029,13.822191,100.513485,,,-0.3,-1.8,-135.5,224.5,,,,22.93,14,AUTO.LOITER,0,0
2026-08-21T20:13:49,1787318030,13.822191,100.513485,,,-0.3,-1.8,-135.5,224.5,,,,22.93,14,AUTO.LOITER,0,0
2026-08-21T20:13:50,1787318031,13.822191,100.513485,,,-0.3,-1.8,-135.5,224.5,,,,22.93,14,AUTO.LOITER,0,0
2026-08-21T20:13:51,1787318032,13.822191,100.513485,,,-0.3,-1.8,-135.6,224.4,,,,22.93,14,AUTO.LOITER,0,0
2026-08-21T20:13:52,1787318033,13.822191,100.513485,,,-0.3,-1.8,-135.6,224.4,,,,22.93,14,AUTO.LOITER,0,0
2026-08-21T20:13:53,1787318034,13.822172,100.5135,,,-0.3,-1.8,-135.6,224.4,,,,22.93,14,AUTO.LOITER,0,0
2026-08-21T20:13:54,1787318035,13.822172,100.5135,,,-0.3,-1.8,-135.6,224.4,,,,22.93,14,AUTO.LOITER,0,0
2026-08-21T20:13:55,1787318036,13.822172,100.5135,,,-0.3,-1.8,-135.6,224.4,,,,22.93,14,AUTO.LOITER,0,0
2026-08-21T20:13:56,1787318037,13.822172,100.5135,,,-0.3,-1.8,-135.6,224.4,,,,22.93,14,AUTO.LOITER,0,0
2026-08-21T20:13:58,1787318039,13.822172,100.5135,,,-0.3,-1.8,-135.6,224.4,,,,22.93,14,AUTO.LOITER,0,0
2026-08-21T20:13:59,1787318040,13.822172,100.5135,,,-0.3,-1.8,-135.6,224.4,,,,22.93,14,AUTO.LOITER,0,0
2026-08-21T20:14:00,1787318041,13.822172,100.5135,,,-0.3,-1.8,-135.6,224.4,,,,22.93,14,AUTO.LOITER,0,0
2026-08-21T20:14:01,1787318042,13.822172,100.5135,,,-0.3,-1.8,-135.6,224.4,,,,22.93,14,AUTO.LOITER,0,0
2026-08-21T20:14:02,1787318043,13.822163,100.513488,,,-0.3,-1.8,-135.6,224.4,,,,22.93,14,AUTO.LOITER,0,0
2026-08-21T20:14:03,1787318044,13.822163,100.513488,,,-0.3,-1.8,-135.7,224.3,,,,22.93,14,AUTO.LOITER,0,0
2026-08-21T20:14:04,1787318045,13.822163,100.513488,,,-0.3,-1.8,-135.7,224.3,,,,22.93,14,AUTO.LOITER,0,0
2026-08-21T20:14:05,1787318046,13.822163,100.513488,,,-0.3,-1.8,-135.7,224.3,,,,22.93,14,AUTO.LOITER,0,0
2026-08-21T20:14:06,1787318047,13.822163,100.513488,,,-0.3,-1.8,-135.7,224.3,,,,22.93,14,AUTO.LOITER,0,0
2026-08-21T20:14:07,1787318048,13.822163,100.513488,,,-0.3,-1.8,-135.7,224.3,,,,22.93,14,AUTO.LOITER,0,0
2026-08-21T20:14:08,1787318049,13.822163,100.513488,,,-0.3,-1.8,-135.7,224.3,,,,22.93,14,AUTO.LOITER,0,0
2026-08-21T20:14:09,1787318050,13.822163,100.513488,,,-0.3,-1.8,-135.7,224.3,,,,22.93,14,AUTO.LOITER,0,0
2026-08-21T20:14:10,1787318051,13.822163,100.513488,,,-0.3,-1.8,-135.7,224.3,,,,22.93,14,AUTO.LOITER,0,0
2026-08-21T20:14:11,1787318052,13.822132,100.513486,,,-0.3,-1.8,-135.7,224.3,,,,22.93,14,AUTO.LOITER,0,0
2026-08-21T20:14:12,1787318053,13.822132,100.513486,,,-0.3,-1.8,-135.7,224.3,,,,22.93,14,AUTO.LOITER,0,0
2026-08-21T20:14:13,1787318054,13.822132,100.513486,,,-0.3,-1.8,-135.7,224.3,,,,22.93,14,AUTO.LOITER,0,0
2026-08-21T20:14:14,1787318055,13.822132,100.513486,,,-0.3,-1.8,-135.7,224.3,,,,22.93,14,AUTO.LOITER,0,0
2026-08-21T20:14:15,1787318056,13.822132,100.513486,,,-0.3,-1.8,-135.7,224.3,,,,22.93,14,AUTO.LOITER,0,0
2026-08-21T20:14:16,1787318057,13.822114,100.513495,,,-0.3,-1.8,-135.7,224.3,,,,22.93,14,AUTO.LOITER,0,0
2026-08-21T20:14:17,1787318058,13.822114,100.513495,,,-0.3,-1.8,-135.7,224.3,,,,22.93,14,AUTO.LOITER,0,0
2026-08-21T20:14:18,1787318059,13.822114,100.513495,,,-0.3,-1.8,-135.7,224.3,,,,22.93,14,AUTO.LOITER,0,0
2026-08-21T20:14:19,1787318060,13.822114,100.513495,,,-0.3,-1.8,-135.7,224.3,,,,22.93,14,AUTO.LOITER,0,0
2026-08-21T20:14:20,1787318061,13.822114,100.513495,,,-0.3,-1.8,-135.7,224.3,,,,22.93,14,AUTO.LOITER,0,0
2026-08-21T20:14:21,1787318062,13.822113,100.513504,,,-0.3,-1.8,-135.7,224.3,,,,22.93,14,AUTO.LOITER,0,0
2026-08-21T20:14:22,1787318063,13.822113,100.513504,,,-0.3,-1.8,-135.7,224.3,,,,22.93,14,AUTO.LOITER,0,0
2026-08-21T20:14:23,1787318064,13.822113,100.513504,,,-0.3,-1.8,-135.7,224.3,,,,22.93,14,AUTO.LOITER,0,0
2026-08-21T20:14:25,1787318066,13.822109,100.513504,,,-0.3,-1.8,-135.7,224.3,,,,22.93,14,AUTO.LOITER,0,0
2026-08-21T20:14:26,1787318067,13.822109,100.513504,,,-0.3,-1.8,-135.7,224.3,,,,22.93,14,AUTO.LOITER,0,0
2026-08-21T20:14:27,1787318068,13.822109,100.513504,,,-0.3,-1.8,-135.7,224.3,,,,22.93,14,AUTO.LOITER,0,0
2026-08-21T20:14:28,1787318069,13.822109,100.513504,,,-0.3,-1.8,-135.7,224.3,,,,22.93,14,AUTO.LOITER,0,0
2026-08-21T20:14:29,1787318070,13.822109,100.513504,,,-0.3,-1.8,-135.7,224.3,,,,22.93,14,AUTO.LOITER,0,0
2026-08-21T20:14:30,1787318071,13.822109,100.513504,,,-0.3,-1.8,-135.7,224.3,,,,22.93,14,AUTO.LOITER,0,0
2026-08-21T20:14:31,1787318072,13.822109,100.513504,,,-0.3,-1.8,-135.7,224.3,,,,22.93,14,AUTO.LOITER,0,0
2026-08-21T20:14:32,1787318073,13.822109,100.513504,,,-0.3,-1.8,-135.7,224.3,,,,22.93,14,AUTO.LOITER,0,0
2026-08-21T20:14:33,1787318074,13.822109,100.513504,,,-0.3,-1.8,-135.7,224.3,,,,22.93,14,AUTO.LOITER,0,0
2026-08-21T20:14:34,1787318075,13.822109,100.513504,,,-0.3,-1.8,-135.7,224.3,,,,22.93,14,AUTO.LOITER,0,0
2026-08-21T20:14:35,1787318076,13.822109,100.513504,,,-0.3,-1.8,-135.7,224.3,,,,22.93,14,AUTO.LOITER,0,0
2026-08-21T20:14:36,1787318077,13.822109,100.513504,,,-0.3,-1.8,-135.7,224.3,,,,22.93,14,AUTO.LOITER,0,0
2026-08-21T20:14:37,1787318078,13.822109,100.513504,,,-0.3,-1.8,-135.7,224.3,,,,22.93,14,AUTO.LOITER,0,0
2026-08-21T20:14:38,1787318079,13.822109,100.513504,,,-0.3,-1.8,-135.8,224.2,,,,22.93,14,AUTO.LOITER,0,0
2026-08-21T20:14:39,1787318080,13.822109,100.513504,,,-0.3,-1.8,-135.8,224.2,,,,22.93,14,AUTO.LOITER,0,0
2026-08-21T20:14:40,1787318081,13.822109,100.513504,,,-0.3,-1.8,-135.8,224.2,,,,22.93,14,AUTO.LOITER,0,0
2026-08-21T20:14:43,1787318084,13.822109,100.513504,,,-0.3,-1.8,-135.8,224.2,,,,22.93,14,AUTO.LOITER,0,0
2026-08-21T20:14:44,1787318085,13.822042,100.513534,,,-0.3,-1.8,-135.8,224.2,,,,22.93,14,AUTO.LOITER,0,0
2026-08-21T20:14:45,1787318086,13.822042,100.513534,,,-0.3,-1.8,-135.8,224.2,,,,22.93,14,AUTO.LOITER,0,0
2026-08-21T20:14:46,1787318087,13.822042,100.513534,,,-0.3,-1.8,-135.8,224.2,,,,22.93,14,AUTO.LOITER,0,0
2026-08-21T20:14:47,1787318088,13.822042,100.513534,,,-0.3,-1.8,-135.8,224.2,,,,22.93,14,AUTO.LOITER,0,0
2026-08-21T20:14:48,1787318089,13.822042,100.513534,,,-0.3,-1.8,-135.8,224.2,,,,22.93,14,AUTO.LOITER,0,0
2026-08-21T20:14:49,1787318090,13.822042,100.513534,,,-0.3,-1.8,-135.8,224.2,,,,22.93,14,AUTO.LOITER,0,0
2026-08-21T20:14:50,1787318091,13.822042,100.513534,,,-0.3,-1.8,-135.8,224.2,,,,22.93,14,AUTO.LOITER,0,0
2026-08-21T20:14:51,1787318092,13.822042,100.513534,,,-0.3,-1.8,-135.8,224.2,,,,22.93,14,AUTO.LOITER,0,0
2026-08-21T20:14:52,1787318093,13.822042,100.513534,,,-0.3,-1.8,-135.8,224.2,,,,22.93,14,AUTO.LOITER,0,0
2026-08-21T20:14:53,1787318094,13.822042,100.513534,,,-0.3,-1.8,-135.7,224.3,,,,22.93,14,AUTO.LOITER,0,0
2026-08-21T20:14:54,1787318095,13.821942,100.513653,,,-0.3,-1.8,-135.7,224.3,,,,22.93,14,AUTO.LOITER,0,0
2026-08-21T20:14:55,1787318096,13.821942,100.513653,,,-0.3,-1.8,-135.7,224.3,,,,22.93,14,AUTO.LOITER,0,0
2026-08-21T20:14:56,1787318097,13.821942,100.513653,,,-0.3,-1.8,-135.7,224.3,,,,22.93,14,AUTO.LOITER,0,0
2026-08-21T20:14:57,1787318098,13.821942,100.513653,,,-0.3,-1.8,-135.7,224.3,,,,22.93,14,AUTO.LOITER,0,0
2026-08-21T20:14:58,1787318099,13.821942,100.513653,,,-0.3,-1.8,-135.7,224.3,,,,22.93,14,AUTO.LOITER,0,0
2026-08-21T20:14:59,1787318100,13.821942,100.513653,,,-0.3,-1.8,-135.7,224.3,,,,22.93,14,AUTO.LOITER,0,0
2026-08-21T20:15:00,1787318101,13.821942,100.513653,,,-0.3,-1.8,-135.7,224.3,,,,22.92,14,AUTO.LOITER,0,0
2026-08-21T20:15:01,1787318102,13.821942,100.513653,,,-0.3,-1.8,-135.8,224.2,,,,22.92,14,AUTO.LOITER,0,0
2026-08-21T20:15:02,1787318103,13.821942,100.513653,,,-0.3,-1.8,-135.8,224.2,,,,22.92,14,AUTO.LOITER,0,0
2026-08-21T20:15:03,1787318104,13.821942,100.513653,,,-0.3,-1.8,-135.8,224.2,,,,22.92,14,AUTO.LOITER,0,0
2026-08-21T20:15:04,1787318105,13.821895,100.513679,,,-0.3,-1.8,-135.8,224.2,,,,22.92,14,AUTO.LOITER,0,0
2026-08-21T20:15:05,1787318106,13.821895,100.513679,,,-0.3,-1.8,-135.8,224.2,,,,22.92,14,AUTO.LOITER,0,0
2026-08-21T20:15:06,1787318107,13.821895,100.513679,,,-0.3,-1.8,-135.8,224.2,,,,22.92,14,AUTO.LOITER,0,0
2026-08-21T20:15:07,1787318108,13.821895,100.513679,,,-0.3,-1.8,-135.8,224.2,,,,22.92,14,AUTO.LOITER,0,0
2026-08-21T20:15:08,1787318109,13.821884,100.513691,,,-0.3,-1.8,-135.8,224.2,,,,22.92,14,AUTO.LOITER,0,0
2026-08-21T20:15:09,1787318110,13.821884,100.513691,,,-0.3,-1.8,-135.8,224.2,,,,22.92,14,AUTO.LOITER,0,0
2026-08-21T20:15:10,1787318111,13.821884,100.513691,,,-0.3,-1.8,-135.8,224.2,,,,22.92,14,AUTO.LOITER,0,0
2026-08-21T20:15:11,1787318112,13.821884,100.513691,,,-0.3,-1.8,-135.8,224.2,,,,22.92,14,AUTO.LOITER,0,0
2026-08-21T20:15:12,1787318113,13.821884,100.513691,,,-0.3,-1.8,-135.8,224.2,,,,22.92,14,AUTO.LOITER,0,0
2026-08-21T20:15:13,1787318114,13.821756,100.513844,,,-0.3,-1.8,-135.8,224.2,,,,22.92,14,AUTO.LOITER,0,0
2026-08-21T20:15:14,1787318115,13.821756,100.513844,,,-0.3,-1.8,-135.8,224.2,,,,22.92,14,AUTO.LOITER,0,0
2026-08-21T20:15:15,1787318116,13.821756,100.513844,,,-0.3,-1.8,-135.8,224.2,,,,22.92,14,AUTO.LOITER,0,0
2026-08-21T20:15:16,1787318117,13.821756,100.513844,,,-0.3,-1.8,-135.8,224.2,,,,22.92,14,AUTO.LOITER,0,0
2026-08-21T20:15:17,1787318118,13.821756,100.513844,,,-0.3,-1.8,-135.7,224.3,,,,22.92,14,AUTO.LOITER,0,0
2026-08-21T20:15:18,1787318119,13.821756,100.513844,,,-0.3,-1.8,-135.7,224.3,,,,22.92,14,AUTO.LOITER,0,0
2026-08-21T20:15:19,1787318120,13.821626,100.513966,,,-0.3,-1.8,-135.7,224.3,,,,22.92,14,AUTO.LOITER,0,0
2026-08-21T20:15:20,1787318121,13.821626,100.513966,,,-0.3,-1.8,-135.7,224.3,,,,22.92,14,AUTO.LOITER,0,0
2026-08-21T20:15:21,1787318122,13.821626,100.513966,,,-0.3,-1.8,-135.7,224.3,,,,22.92,14,AUTO.LOITER,0,0
2026-08-21T20:15:22,1787318123,13.821626,100.513966,,,-0.3,-1.8,-135.7,224.3,,,,22.92,14,AUTO.LOITER,0,0
2026-08-21T20:15:23,1787318124,13.821626,100.513966,,,-0.3,-1.8,-135.7,224.3,,,,22.92,14,AUTO.LOITER,0,0
2026-08-21T20:15:24,1787318125,13.821626,100.513966,,,-0.3,-1.8,-135.7,224.3,,,,22.92,14,AUTO.LOITER,0,0
2026-08-21T20:15:25,1787318126,13.821626,100.513966,,,-0.3,-1.8,-135.7,224.3,,,,22.92,14,AUTO.LOITER,0,0
2026-08-21T20:15:26,1787318127,13.821626,100.513966,,,-0.3,-1.8,-135.7,224.3,,,,22.92,14,AUTO.LOITER,0,0
2026-08-21T20:15:27,1787318128,13.821626,100.513966,,,-0.3,-1.8,-135.7,224.3,,,,22.92,14,AUTO.LOITER,0,0
2026-08-21T20:15:28,1787318129,13.821549,100.514073,,,-0.3,-1.8,-135.7,224.3,,,,22.92,14,AUTO.LOITER,0,0
2026-08-21T20:15:29,1787318130,13.821549,100.514073,,,-0.3,-1.8,-135.7,224.3,,,,22.92,14,AUTO.LOITER,0,0
2026-08-21T20:15:30,1787318131,13.821549,100.514073,,,-0.3,-1.8,-135.7,224.3,,,,22.92,14,AUTO.LOITER,0,0
2026-08-21T20:15:31,1787318132,13.821549,100.514073,,,-0.3,-1.8,-135.7,224.3,,,,22.92,14,AUTO.LOITER,0,0
2026-08-21T20:15:32,1787318133,13.821549,100.514073,,,-0.3,-1.8,-135.7,224.3,,,,22.92,14,AUTO.LOITER,0,0
2026-08-21T20:15:33,1787318134,13.821549,100.514073,,,-0.3,-1.8,-135.7,224.3,,,,22.92,14,AUTO.LOITER,0,0
2026-08-21T20:15:35,1787318136,13.821549,100.514073,,,-0.3,-1.8,-135.7,224.3,,,,22.92,14,AUTO.LOITER,0,0
2026-08-21T20:15:36,1787318137,13.821549,100.514073,,,-0.3,-1.8,-135.7,224.3,,,,22.92,14,AUTO.LOITER,0,0
2026-08-21T20:15:37,1787318138,13.821549,100.514073,,,-0.3,-1.8,-135.7,224.3,,,,22.92,14,AUTO.LOITER,0,0
2026-08-21T20:15:38,1787318139,13.821549,100.514073,,,-0.3,-1.8,-135.8,224.2,,,,22.92,14,AUTO.LOITER,0,0
2026-08-21T20:15:39,1787318140,13.821549,100.514073,,,-0.3,-1.8,-135.8,224.2,,,,22.92,14,AUTO.LOITER,0,0
2026-08-21T20:15:40,1787318141,13.821764,100.513843,,,-0.3,-1.8,-135.8,224.2,,,,22.92,14,AUTO.LOITER,0,0
2026-08-21T20:15:41,1787318142,13.821764,100.513843,,,-0.3,-1.8,-135.8,224.2,,,,22.92,14,AUTO.LOITER,0,0
2026-08-21T20:15:42,1787318143,13.821764,100.513843,,,-0.3,-1.8,-135.8,224.2,,,,22.92,14,AUTO.LOITER,0,0
2026-08-21T20:15:43,1787318144,13.821764,100.513843,,,-0.3,-1.8,-135.8,224.2,,,,22.92,14,AUTO.LOITER,0,0
2026-08-21T20:15:44,1787318145,13.821764,100.513843,,,-0.3,-1.8,-135.8,224.2,,,,22.92,14,AUTO.LOITER,0,0
2026-08-21T20:15:45,1787318146,13.821764,100.513843,,,-0.3,-1.8,-135.8,224.2,,,,22.92,14,AUTO.LOITER,0,0
2026-08-21T20:15:46,1787318147,13.82185,100.513754,,,-0.3,-1.8,-135.8,224.2,,,,22.92,14,AUTO.LOITER,0,0
2026-08-21T20:15:47,1787318148,13.82185,100.513754,,,-0.3,-1.8,-135.8,224.2,,,,22.92,14,AUTO.LOITER,0,0
2026-08-21T20:15:48,1787318149,13.82185,100.513754,,,-0.3,-1.7,-135.8,224.2,,,,22.92,14,AUTO.LOITER,0,0
2026-08-21T20:15:49,1787318150,13.82185,100.513754,,,-0.3,-1.7,-135.8,224.2,,,,22.92,14,AUTO.LOITER,0,0
2026-08-21T20:15:50,1787318151,13.82185,100.513754,,,-0.3,-1.7,-135.8,224.2,,,,22.92,14,AUTO.LOITER,0,0
2026-08-21T20:15:51,1787318152,13.82185,100.513754,,,-0.3,-1.7,-135.8,224.2,,,,22.92,14,AUTO.LOITER,0,0
2026-08-21T20:15:52,1787318153,13.82185,100.513754,,,-0.3,-1.7,-135.8,224.2,,,,22.92,14,AUTO.LOITER,0,0
2026-08-21T20:15:53,1787318154,13.82185,100.513754,,,-0.3,-1.7,-135.8,224.2,,,,22.92,14,AUTO.LOITER,0,0
2026-08-21T20:15:54,1787318155,13.82185,100.513754,,,-0.3,-1.7,-135.8,224.2,,,,22.92,14,AUTO.LOITER,0,0
2026-08-21T20:15:55,1787318156,13.821972,100.513649,,,-0.3,-1.7,-135.8,224.2,,,,22.92,14,AUTO.LOITER,0,0
2026-08-21T20:15:56,1787318157,13.821972,100.513649,,,-0.3,-1.7,-135.8,224.2,,,,22.92,14,AUTO.LOITER,0,0
2026-08-21T20:15:57,1787318158,13.821972,100.513649,,,-0.3,-1.7,-135.8,224.2,,,,22.92,14,AUTO.LOITER,0,0
2026-08-21T20:15:58,1787318159,13.821972,100.513649,,,-0.3,-1.8,-135.8,224.2,,,,22.92,14,AUTO.LOITER,0,0
2026-08-21T20:15:59,1787318160,13.821972,100.513649,,,-0.3,-1.8,-135.8,224.2,,,,22.92,14,AUTO.LOITER,0,0
2026-08-21T20:16:00,1787318161,13.821972,100.513649,,,-0.3,-1.8,-135.8,224.2,,,,22.92,14,AUTO.LOITER,0,0
2026-08-21T20:16:01,1787318162,13.821972,100.513649,,,-0.3,-1.8,-135.8,224.2,,,,22.92,14,AUTO.LOITER,0,0
2026-08-21T20:16:02,1787318163,13.821972,100.513649,,,-0.3,-1.8,-135.8,224.2,,,,22.92,14,AUTO.LOITER,0,0
2026-08-21T20:16:03,1787318164,13.821972,100.513649,,,-0.3,-1.8,-135.8,224.2,,,,22.92,14,AUTO.LOITER,0,0
2026-08-21T20:16:04,1787318165,13.821972,100.513658,,,-0.3,-1.8,-135.8,224.2,,,,22.92,14,AUTO.LOITER,0,0
2026-08-21T20:16:05,1787318166,13.821972,100.513658,,,-0.3,-1.8,-135.8,224.2,,,,22.92,14,AUTO.LOITER,0,0
2026-08-21T20:16:06,1787318167,13.821972,100.513658,,,-0.3,-1.8,-135.8,224.2,,,,22.92,14,AUTO.LOITER,0,0
2026-08-21T20:16:07,1787318168,13.821972,100.513658,,,-0.3,-1.8,-135.8,224.2,,,,22.92,14,AUTO.LOITER,0,0
2026-08-21T20:16:08,1787318169,13.821972,100.513658,,,-0.3,-1.8,-135.8,224.2,,,,22.92,14,AUTO.LOITER,0,0
2026-08-21T20:16:09,1787318170,13.821972,100.513658,,,-0.3,-1.8,-135.8,224.2,,,,22.92,14,AUTO.LOITER,0,0
2026-08-21T20:16:10,1787318171,13.821972,100.513658,,,-0.3,-1.8,-135.8,224.2,,,,22.92,14,AUTO.LOITER,0,0
2026-08-21T20:16:11,1787318172,13.821972,100.513658,,,-0.3,-1.8,-135.8,224.2,,,,22.92,14,AUTO.LOITER,0,0
2026-08-21T20:16:12,1787318173,13.821972,100.513658,,,-0.3,-1.8,-135.8,224.2,,,,22.92,14,AUTO.LOITER,0,0
2026-08-21T20:16:13,1787318174,13.821972,100.513658,,,-0.3,-1.8,-135.8,224.2,,,,22.92,14,AUTO.LOITER,0,0
2026-08-21T20:16:14,1787318175,13.821972,100.513658,,,-0.3,-1.8,-135.8,224.2,,,,22.92,14,AUTO.LOITER,0,0
2026-08-21T20:16:15,1787318176,13.821972,100.513658,,,-0.3,-1.8,-135.8,224.2,,,,22.92,14,AUTO.LOITER,0,0
2026-08-21T20:16:16,1787318177,13.821972,100.513658,,,-0.3,-1.8,-135.6,224.4,,,,22.92,14,AUTO.LOITER,0,0
2026-08-21T20:16:17,1787318178,13.821963,100.5136,,,-0.3,-1.8,-135.6,224.4,,,,22.92,14,AUTO.LOITER,0,0
2026-08-21T20:16:18,1787318179,13.821963,100.5136,,,-0.3,-1.8,-135.6,224.4,,,,22.92,14,AUTO.LOITER,0,0
2026-08-21T20:16:19,1787318180,13.821963,100.5136,,,-0.3,-1.8,-135.6,224.4,,,,22.92,13,AUTO.LOITER,0,0
2026-08-21T20:16:20,1787318181,13.821963,100.5136,,,-0.3,-1.8,-135.6,224.4,,,,22.92,13,AUTO.LOITER,0,0
2026-08-21T20:16:21,1787318182,13.821963,100.5136,,,-0.3,-1.8,-135.6,224.4,,,,22.92,13,AUTO.LOITER,0,0
2026-08-21T20:16:22,1787318183,13.821963,100.5136,,,-0.3,-1.8,-135.6,224.4,,,,22.92,13,AUTO.LOITER,0,0
2026-08-21T20:16:23,1787318184,13.821963,100.5136,,,-0.3,-1.8,-135.6,224.4,,,,22.92,13,AUTO.LOITER,0,0
2026-08-21T20:16:24,1787318185,13.821963,100.5136,,,-0.3,-1.8,-135.7,224.3,,,,22.92,13,AUTO.LOITER,0,0
2026-08-21T20:16:25,1787318186,13.821963,100.5136,,,-0.3,-1.8,-135.7,224.3,,,,22.92,13,AUTO.LOITER,0,0
2026-08-21T20:16:26,1787318187,13.821943,100.51359,,,-0.3,-1.8,-135.7,224.3,,,,22.92,13,AUTO.LOITER,0,0
2026-08-21T20:16:27,1787318188,13.821943,100.51359,,,-0.3,-1.8,-135.7,224.3,,,,22.92,13,AUTO.LOITER,0,0
2026-08-21T20:16:28,1787318189,13.821943,100.51359,,,-0.3,-1.8,-135.7,224.3,,,,22.92,13,AUTO.LOITER,0,0
2026-08-21T20:16:29,1787318190,13.821943,100.51359,,,-0.3,-1.8,-135.7,224.3,,,,22.92,13,AUTO.LOITER,0,0
2026-08-21T20:16:30,1787318191,13.821936,100.513587,,,-0.3,-1.8,-135.7,224.3,,,,22.92,13,AUTO.LOITER,0,0
2026-08-21T20:16:31,1787318192,13.821936,100.513587,,,-0.3,-1.8,-135.7,224.3,,,,22.92,13,AUTO.LOITER,0,0
2026-08-21T20:16:32,1787318193,13.821936,100.513587,,,-0.3,-1.8,-135.7,224.3,,,,22.92,13,AUTO.LOITER,0,0
2026-08-21T20:16:33,1787318194,13.821936,100.513587,,,-0.3,-1.8,-135.7,224.3,,,,22.92,13,AUTO.LOITER,0,0
2026-08-21T20:16:34,1787318195,13.821936,100.513587,,,-0.3,-1.8,-135.7,224.3,,,,22.92,13,AUTO.LOITER,0,0
2026-08-21T20:16:35,1787318196,13.821936,100.513587,,,-0.3,-1.8,-135.7,224.3,,,,22.92,13,AUTO.LOITER,0,0
2026-08-21T20:16:36,1787318197,13.82196,100.513539,,,-0.3,-1.8,-135.7,224.3,,,,22.92,13,AUTO.LOITER,0,0
2026-08-21T20:16:37,1787318198,13.82196,100.513539,,,-0.3,-1.8,-135.7,224.3,,,,22.92,13,AUTO.LOITER,0,0
2026-08-21T20:16:38,1787318199,13.82196,100.513539,,,-0.3,-1.8,-135.7,224.3,,,,22.92,13,AUTO.LOITER,0,0
2026-08-21T20:16:39,1787318200,13.821949,100.513533,,,-0.3,-1.8,-135.7,224.3,,,,22.92,13,AUTO.LOITER,0,0
2026-08-21T20:16:40,1787318201,13.821949,100.513533,,,-0.3,-1.8,-135.7,224.3,,,,22.92,13,AUTO.LOITER,0,0
2026-08-21T20:16:41,1787318202,13.821949,100.513533,,,-0.3,-1.8,-135.7,224.3,,,,22.92,13,AUTO.LOITER,0,0
2026-08-21T20:16:42,1787318203,13.821949,100.513533,,,-0.3,-1.8,-135.7,224.3,,,,22.92,13,AUTO.LOITER,0,0
2026-08-21T20:16:43,1787318204,13.821949,100.513533,,,-0.3,-1.8,-135.7,224.3,,,,22.92,13,AUTO.LOITER,0,0
2026-08-21T20:16:44,1787318205,13.821949,100.513533,,,-0.3,-1.8,-135.7,224.3,,,,22.92,13,AUTO.LOITER,0,0
2026-08-21T20:16:45,1787318206,13.821949,100.513533,,,-0.3,-1.8,-135.7,224.3,,,,22.92,13,AUTO.LOITER,0,0
2026-08-21T20:16:46,1787318207,13.821949,100.513533,,,-0.3,-1.8,-135.7,224.3,,,,22.92,13,AUTO.LOITER,0,0
2026-08-21T20:16:47,1787318208,13.821949,100.513533,,,-0.3,-1.8,-135.7,224.3,,,,22.92,13,AUTO.LOITER,0,0
2026-08-21T20:16:48,1787318209,13.821967,100.513479,,,-0.3,-1.8,-135.7,224.3,,,,22.92,13,AUTO.LOITER,0,0
2026-08-21T20:16:49,1787318210,13.821967,100.513479,,,-0.3,-1.8,-135.7,224.3,,,,22.92,13,AUTO.LOITER,0,0
2026-08-21T20:16:50,1787318211,13.821967,100.513479,,,-0.3,-1.8,-135.7,224.3,,,,22.92,13,AUTO.LOITER,0,0
2026-08-21T20:16:51,1787318212,13.821967,100.513479,,,-0.3,-1.8,-135.7,224.3,,,,22.92,13,AUTO.LOITER,0,0
2026-08-21T20:16:52,1787318213,13.821967,100.513479,,,-0.3,-1.8,-135.7,224.3,,,,22.92,13,AUTO.LOITER,0,0
2026-08-21T20:16:53,1787318214,13.821967,100.513479,,,-0.3,-1.8,-135.7,224.3,,,,22.92,13,AUTO.LOITER,0,0
2026-08-21T20:16:54,1787318215,13.821967,100.513479,,,-0.3,-1.8,-135.7,224.3,,,,22.92,13,AUTO.LOITER,0,0
2026-08-21T20:16:55,1787318216,13.821967,100.513479,,,-0.3,-1.8,-135.7,224.3,,,,22.92,13,AUTO.LOITER,0,0
2026-08-21T20:16:56,1787318217,13.821967,100.513479,,,-0.3,-1.8,-135.7,224.3,,,,22.92,13,AUTO.LOITER,0,0
2026-08-21T20:16:57,1787318218,13.821967,100.513479,,,-0.3,-1.8,-135.7,224.3,,,,22.92,13,AUTO.LOITER,0,0
2026-08-21T20:16:58,1787318219,13.821967,100.513479,,,-0.3,-1.8,-135.7,224.3,,,,22.92,13,AUTO.LOITER,0,0
2026-08-21T20:16:59,1787318220,13.821967,100.513479,,,-0.3,-1.8,-135.7,224.3,,,,22.92,13,AUTO.LOITER,0,0
2026-08-21T20:17:00,1787318221,13.821967,100.513479,,,-0.3,-1.8,-135.7,224.3,,,,22.92,13,AUTO.LOITER,0,0
2026-08-21T20:17:01,1787318222,13.821947,100.513489,,,-0.3,-1.8,-135.7,224.3,,,,22.92,13,AUTO.LOITER,0,0
2026-08-21T20:17:02,1787318223,13.821947,100.513489,,,-0.3,-1.8,-135.7,224.3,,,,22.92,13,AUTO.LOITER,0,0
2026-08-21T20:17:03,1787318224,13.821947,100.513489,,,-0.3,-1.8,-135.7,224.3,,,,22.92,13,AUTO.LOITER,0,0
2026-08-21T20:17:04,1787318225,13.821947,100.513489,,,-0.3,-1.8,-135.7,224.3,,,,22.92,13,AUTO.LOITER,0,0
2026-08-21T20:17:05,1787318226,13.821947,100.513489,,,-0.3,-1.8,-135.7,224.3,,,,22.92,13,AUTO.LOITER,0,0
2026-08-21T20:17:06,1787318227,13.821947,100.513489,,,-0.3,-1.8,-135.7,224.3,,,,22.92,13,AUTO.LOITER,0,0
2026-08-21T20:17:07,1787318228,13.821947,100.513489,,,-0.3,-1.8,-135.7,224.3,,,,22.92,13,AUTO.LOITER,0,0
2026-08-21T20:17:08,1787318229,13.821947,100.513489,,,-0.3,-1.8,-135.7,224.3,,,,22.92,13,AUTO.LOITER,0,0
2026-08-21T20:17:09,1787318230,13.821947,100.513489,,,-0.3,-1.8,-135.7,224.3,,,,22.92,13,AUTO.LOITER,0,0
2026-08-21T20:17:10,1787318231,13.821947,100.513489,,,-0.3,-1.8,-135.7,224.3,,,,22.92,13,AUTO.LOITER,0,0
2026-08-21T20:17:11,1787318232,13.821947,100.513489,,,-0.3,-1.8,-135.7,224.3,,,,22.92,13,AUTO.LOITER,0,0
2026-08-21T20:17:12,1787318233,13.821947,100.513489,,,-0.3,-1.8,-135.7,224.3,,,,22.92,13,AUTO.LOITER,0,0
2026-08-21T20:17:13,1787318234,13.821947,100.513489,,,-0.3,-1.8,-135.7,224.3,,,,22.92,13,AUTO.LOITER,0,0
2026-08-21T20:17:14,1787318235,13.821947,100.513489,,,-0.3,-1.8,-135.7,224.3,,,,22.92,13,AUTO.LOITER,0,0
2026-08-21T20:17:17,1787318238,13.821947,100.513489,,,-0.3,-1.8,-135.7,224.3,,,,22.92,13,AUTO.LOITER,0,0
2026-08-21T20:17:18,1787318239,13.821947,100.513489,,,-0.3,-1.8,-135.7,224.3,,,,22.92,13,AUTO.LOITER,0,0
2026-08-21T20:17:19,1787318240,13.821947,100.513489,,,-0.3,-1.8,-135.7,224.3,,,,22.92,13,AUTO.LOITER,0,0
2026-08-21T20:17:20,1787318241,13.821947,100.513489,,,-0.3,-1.8,-135.7,224.3,,,,22.91,13,AUTO.LOITER,0,0
2026-08-21T20:17:21,1787318242,13.821904,100.51349,,,-0.3,-1.8,-135.7,224.3,,,,22.91,13,AUTO.LOITER,0,0
2026-08-21T20:17:22,1787318243,13.821904,100.51349,,,-0.3,-1.8,-135.7,224.3,,,,22.91,13,AUTO.LOITER,0,0
2026-08-21T20:17:23,1787318244,13.821904,100.51349,,,-0.3,-1.8,-135.7,224.3,,,,22.91,13,AUTO.LOITER,0,0
2026-08-21T20:17:27,1787318248,13.821904,100.51349,,,-0.3,-1.8,-135.7,224.3,,,,22.91,13,AUTO.LOITER,0,0
2026-08-21T20:17:28,1787318249,13.821904,100.51349,,,-0.3,-1.8,-135.7,224.3,,,,22.91,13,AUTO.LOITER,0,0
2026-08-21T20:17:29,1787318250,13.821904,100.51349,,,-0.3,-1.8,-135.7,224.3,,,,22.91,13,AUTO.LOITER,0,0
2026-08-21T20:17:30,1787318251,13.821904,100.51349,,,-0.3,-1.8,-135.7,224.3,,,,22.91,13,AUTO.LOITER,0,0
2026-08-21T20:17:31,1787318252,13.821904,100.51349,,,-0.3,-1.8,-135.7,224.3,,,,22.91,13,AUTO.LOITER,0,0
2026-08-21T20:17:32,1787318253,13.821904,100.51349,,,-0.3,-1.8,-135.7,224.3,,,,22.91,13,AUTO.LOITER,0,0
2026-08-21T20:17:33,1787318254,13.821904,100.51349,,,-0.3,-1.8,-135.7,224.3,,,,22.91,13,AUTO.LOITER,0,0
2026-08-21T20:17:34,1787318255,13.821904,100.51349,,,-0.3,-1.8,-135.7,224.3,,,,22.91,13,AUTO.LOITER,0,0
2026-08-21T20:17:35,1787318256,13.821904,100.51349,,,-0.3,-1.8,-135.7,224.3,,,,22.91,13,AUTO.LOITER,0,0
2026-08-21T20:17:36,1787318257,13.821904,100.51349,,,-0.3,-1.8,-135.7,224.3,,,,22.91,13,AUTO.LOITER,0,0
2026-08-21T20:17:37,1787318258,13.821904,100.51349,,,-0.3,-1.8,-135.7,224.3,,,,22.91,13,AUTO.LOITER,0,0
2026-08-21T20:17:38,1787318259,13.821904,100.51349,,,-0.3,-1.8,-135.7,224.3,,,,22.91,13,AUTO.LOITER,0,0
2026-08-21T20:17:39,1787318260,13.821891,100.513521,,,-0.3,-1.8,-135.7,224.3,,,,22.91,13,AUTO.LOITER,0,0
2026-08-21T20:17:40,1787318261,13.821891,100.513521,,,-0.3,-1.8,-135.7,224.3,,,,22.91,13,AUTO.LOITER,0,0
2026-08-21T20:17:41,1787318262,13.821891,100.513521,,,-0.3,-1.8,-135.7,224.3,,,,22.91,13,AUTO.LOITER,0,0
2026-08-21T20:17:42,1787318263,13.821891,100.513521,,,-0.3,-1.8,-135.7,224.3,,,,22.91,13,AUTO.LOITER,0,0
2026-08-21T20:17:43,1787318264,13.821891,100.513521,,,-0.3,-1.8,-135.7,224.3,,,,22.91,13,AUTO.LOITER,0,0
2026-08-21T20:17:44,1787318265,13.821891,100.513521,,,-0.3,-1.8,-135.7,224.3,,,,22.91,13,AUTO.LOITER,0,0
2026-08-21T20:17:45,1787318266,13.821891,100.513521,,,-0.3,-1.8,-135.7,224.3,,,,22.91,13,AUTO.LOITER,0,0
2026-08-21T20:17:46,1787318267,13.821891,100.513521,,,-0.3,-1.8,-135.7,224.3,,,,22.91,13,AUTO.LOITER,0,0
2026-08-21T20:17:47,1787318268,13.821891,100.513521,,,-0.3,-1.8,-135.7,224.3,,,,22.91,13,AUTO.LOITER,0,0
2026-08-21T20:17:48,1787318269,13.821891,100.513521,,,-0.3,-1.8,-135.7,224.3,,,,22.91,13,AUTO.LOITER,0,0
2026-08-21T20:17:49,1787318270,13.82192,100.513376,,,-0.3,-1.8,-135.7,224.3,,,,22.91,13,AUTO.LOITER,0,0
2026-08-21T20:17:50,1787318271,13.82192,100.513376,,,-0.3,-1.8,-135.7,224.3,,,,22.91,13,AUTO.LOITER,0,0
2026-08-21T20:17:51,1787318272,13.82192,100.513376,,,-0.3,-1.8,-135.7,224.3,,,,22.91,13,AUTO.LOITER,0,0
2026-08-21T20:17:52,1787318273,13.82192,100.513376,,,-0.3,-1.8,-135.7,224.3,,,,22.91,13,AUTO.LOITER,0,0
2026-08-21T20:17:53,1787318274,13.82192,100.513357,,,-0.3,-1.7,-135.8,224.2,,,,22.91,13,AUTO.LOITER,0,0
2026-08-21T20:17:54,1787318275,13.82192,100.513357,,,-0.3,-1.7,-135.8,224.2,,,,22.91,13,AUTO.LOITER,0,0
2026-08-21T20:17:55,1787318276,13.82192,100.513357,,,-0.3,-1.7,-135.8,224.2,,,,22.91,13,AUTO.LOITER,0,0
2026-08-21T20:17:56,1787318277,13.82192,100.513357,,,-0.3,-1.7,-135.8,224.2,,,,22.91,13,AUTO.LOITER,0,0
2026-08-21T20:17:57,1787318278,13.82192,100.513357,,,-0.3,-1.7,-135.8,224.2,,,,22.91,13,AUTO.LOITER,0,0
2026-08-21T20:17:58,1787318279,13.82192,100.513357,,,-0.3,-1.7,-135.8,224.2,,,,22.91,13,AUTO.LOITER,0,0
2026-08-21T20:17:59,1787318280,13.821908,100.513398,,,-0.3,-1.7,-135.8,224.2,,,,22.91,13,AUTO.LOITER,0,0
2026-08-21T20:18:00,1787318281,13.821908,100.513398,,,-0.3,-1.7,-135.8,224.2,,,,22.91,13,AUTO.LOITER,0,0
2026-08-21T20:18:01,1787318282,13.821908,100.513398,,,-0.3,-1.7,-135.8,224.2,,,,22.91,13,AUTO.LOITER,0,0
2026-08-21T20:18:02,1787318283,13.821908,100.513398,,,-0.3,-1.7,-135.8,224.2,,,,22.91,13,AUTO.LOITER,0,0
2026-08-21T20:18:03,1787318284,13.821908,100.513398,,,-0.3,-1.8,-135.8,224.2,,,,22.91,13,AUTO.LOITER,0,0
2026-08-21T20:18:04,1787318285,13.821908,100.513398,,,-0.3,-1.8,-135.8,224.2,,,,22.91,13,AUTO.LOITER,0,0
2026-08-21T20:18:05,1787318286,13.821908,100.513398,,,-0.3,-1.8,-135.8,224.2,,,,22.91,13,AUTO.LOITER,0,0
2026-08-21T20:18:06,1787318287,13.821908,100.513398,,,-0.3,-1.8,-135.8,224.2,,,,22.91,13,AUTO.LOITER,0,0
2026-08-21T20:18:07,1787318288,13.821908,100.513398,,,-0.3,-1.8,-135.8,224.2,,,,22.91,13,AUTO.LOITER,0,0
2026-08-21T20:18:08,1787318289,13.821908,100.513398,,,-0.3,-1.8,-135.8,224.2,,,,22.91,13,AUTO.LOITER,0,0
2026-08-21T20:18:09,1787318290,13.821908,100.513398,,,-0.3,-1.8,-135.8,224.2,,,,22.91,13,AUTO.LOITER,0,0
2026-08-21T20:18:10,1787318291,13.821908,100.513398,,,-0.3,-1.8,-135.8,224.2,,,,22.91,13,AUTO.LOITER,0,0
2026-08-21T20:18:11,1787318292,13.821908,100.513398,,,-0.3,-1.8,-135.8,224.2,,,,22.91,13,AUTO.LOITER,0,0
2026-08-21T20:18:12,1787318293,13.821908,100.513398,,,-0.3,-1.8,-135.8,224.2,,,,22.91,13,AUTO.LOITER,0,0
2026-08-21T20:18:13,1787318294,13.82194,100.513218,,,-0.3,-1.8,-135.8,224.2,,,,22.91,13,AUTO.LOITER,0,0
2026-08-21T20:18:14,1787318295,13.82194,100.513218,,,-0.3,-1.8,-135.8,224.2,,,,22.91,13,AUTO.LOITER,0,0
2026-08-21T20:18:15,1787318296,13.82194,100.513218,,,-0.3,-1.8,-135.8,224.2,,,,22.91,13,AUTO.LOITER,0,0
2026-08-21T20:18:16,1787318297,13.82194,100.513218,,,-0.3,-1.8,-135.7,224.3,,,,22.91,13,AUTO.LOITER,0,0
2026-08-21T20:18:17,1787318298,13.82194,100.513218,,,-0.3,-1.8,-135.7,224.3,,,,22.91,13,AUTO.LOITER,0,0
2026-08-21T20:18:18,1787318299,13.821963,100.513124,,,-0.3,-1.8,-135.7,224.3,,,,22.91,13,AUTO.LOITER,0,0
2026-08-21T20:18:19,1787318300,13.821963,100.513124,,,-0.3,-1.8,-135.7,224.3,,,,22.91,13,AUTO.LOITER,0,0
2026-08-21T20:18:20,1787318301,13.821963,100.513124,,,-0.3,-1.8,-135.8,224.2,,,,22.91,13,AUTO.LOITER,0,0
2026-08-21T20:18:21,1787318302,13.821963,100.513124,,,-0.3,-1.8,-135.8,224.2,,,,22.91,13,AUTO.LOITER,0,0
2026-08-21T20:18:22,1787318303,13.821963,100.513124,,,-0.3,-1.8,-135.8,224.2,,,,22.91,13,AUTO.LOITER,0,0
2026-08-21T20:18:23,1787318304,13.821963,100.513124,,,-0.3,-1.8,-135.8,224.2,,,,22.91,13,AUTO.LOITER,0,0
2026-08-21T20:18:24,1787318305,13.821963,100.513124,,,-0.3,-1.8,-135.8,224.2,,,,22.91,13,AUTO.LOITER,0,0
2026-08-21T20:18:25,1787318306,13.821963,100.513124,,,-0.3,-1.8,-135.8,224.2,,,,22.91,13,AUTO.LOITER,0,0
2026-08-21T20:18:26,1787318307,13.821963,100.513124,,,-0.3,-1.8,-135.7,224.3,,,,22.91,13,AUTO.LOITER,0,0
2026-08-21T20:18:27,1787318308,13.821963,100.513124,,,-0.3,-1.8,-135.7,224.3,,,,22.91,13,AUTO.LOITER,0,0
2026-08-21T20:18:28,1787318309,13.821924,100.513288,,,-0.3,-1.8,-135.7,224.3,,,,22.91,13,AUTO.LOITER,0,0
2026-08-21T20:18:29,1787318310,13.821924,100.513288,,,-0.3,-1.8,-135.7,224.3,,,,22.91,13,AUTO.LOITER,0,0
2026-08-21T20:18:30,1787318311,13.821924,100.513288,,,-0.3,-1.8,-135.7,224.3,,,,22.91,13,AUTO.LOITER,0,0
2026-08-21T20:18:31,1787318312,13.821924,100.513288,,,-0.3,-1.8,-135.7,224.3,,,,22.91,13,AUTO.LOITER,0,0
2026-08-21T20:18:32,1787318313,13.821924,100.513288,,,-0.3,-1.8,-135.7,224.3,,,,22.91,13,AUTO.LOITER,0,0
2026-08-21T20:18:33,1787318314,13.821924,100.513288,,,-0.3,-1.8,-135.7,224.3,,,,22.91,13,AUTO.LOITER,0,0
2026-08-21T20:18:34,1787318315,13.821924,100.513288,,,-0.3,-1.8,-135.7,224.3,,,,22.91,13,AUTO.LOITER,0,0
2026-08-21T20:18:35,1787318316,13.821924,100.513288,,,-0.3,-1.8,-135.7,224.3,,,,22.91,13,AUTO.LOITER,0,0
2026-08-21T20:18:36,1787318317,13.821924,100.513288,,,-0.3,-1.8,-135.7,224.3,,,,22.91,13,AUTO.LOITER,0,0
2026-08-21T20:18:37,1787318318,13.821924,100.513288,,,-0.3,-1.8,-135.7,224.3,,,,22.91,13,AUTO.LOITER,0,0
2026-08-21T20:18:38,1787318319,13.822,100.51296,,,-0.3,-1.8,-135.7,224.3,,,,22.91,13,AUTO.LOITER,0,0
2026-08-21T20:18:39,1787318320,13.822,100.51296,,,-0.3,-1.8,-135.7,224.3,,,,22.91,13,AUTO.LOITER,0,0
2026-08-21T20:18:40,1787318321,13.822,100.51296,,,-0.3,-1.8,-135.7,224.3,,,,22.91,13,AUTO.LOITER,0,0
2026-08-21T20:18:41,1787318322,13.822,100.51296,,,-0.3,-1.8,-135.7,224.3,,,,22.91,13,AUTO.LOITER,0,0
2026-08-21T20:18:42,1787318323,13.822,100.51296,,,-0.3,-1.8,-135.7,224.3,,,,22.91,13,AUTO.LOITER,0,0
2026-08-21T20:18:43,1787318324,13.821984,100.512949,,,-0.3,-1.8,-135.7,224.3,,,,22.91,13,AUTO.LOITER,0,0
2026-08-21T20:18:44,1787318325,13.821984,100.512949,,,-0.3,-1.8,-135.7,224.3,,,,22.91,13,AUTO.LOITER,0,0
2026-08-21T20:18:45,1787318326,13.821984,100.512949,,,-0.3,-1.8,-135.7,224.3,,,,22.91,13,AUTO.LOITER,0,0
2026-08-21T20:18:46,1787318327,13.821984,100.512949,,,-0.3,-1.8,-135.7,224.3,,,,22.91,13,AUTO.LOITER,0,0
2026-08-21T20:18:47,1787318328,13.821984,100.512949,,,-0.3,-1.8,-135.7,224.3,,,,22.91,13,AUTO.LOITER,0,0
2026-08-21T20:18:48,1787318329,13.821984,100.512949,,,-0.3,-1.8,-135.7,224.3,,,,22.91,13,AUTO.LOITER,0,0
2026-08-21T20:18:49,1787318330,13.821984,100.512949,,,-0.3,-1.8,-135.7,224.3,,,,22.91,13,AUTO.LOITER,0,0
2026-08-21T20:18:50,1787318331,13.821984,100.512949,,,-0.3,-1.8,-135.7,224.3,,,,22.91,13,AUTO.LOITER,0,0
2026-08-21T20:18:51,1787318332,13.821984,100.512949,,,-0.3,-1.8,-135.7,224.3,,,,22.91,13,AUTO.LOITER,0,0
2026-08-21T20:18:52,1787318333,13.821984,100.512949,,,-0.3,-1.8,-135.7,224.3,,,,22.91,13,AUTO.LOITER,0,0
2026-08-21T20:18:53,1787318334,13.822052,100.512705,,,-0.3,-1.8,-135.7,224.3,,,,22.91,13,AUTO.LOITER,0,0
2026-08-21T20:18:54,1787318335,13.822052,100.512705,,,-0.3,-1.8,-135.7,224.3,,,,22.91,13,AUTO.LOITER,0,0
2026-08-21T20:18:55,1787318336,13.822052,100.512705,,,-0.3,-1.8,-135.7,224.3,,,,22.91,13,AUTO.LOITER,0,0
2026-08-21T20:18:56,1787318337,13.822052,100.512705,,,-0.3,-1.8,-135.7,224.3,,,,22.91,13,AUTO.LOITER,0,0
2026-08-21T20:18:57,1787318338,13.822052,100.512705,,,-0.3,-1.8,-135.7,224.3,,,,22.91,13,AUTO.LOITER,0,0
2026-08-21T20:18:58,1787318339,13.822052,100.512705,,,-0.3,-1.8,-135.7,224.3,,,,22.91,13,AUTO.LOITER,0,0
2026-08-21T20:18:59,1787318340,13.822052,100.512705,,,-0.3,-1.8,-135.7,224.3,,,,22.91,13,AUTO.LOITER,0,0
2026-08-21T20:19:00,1787318341,13.822052,100.512705,,,-0.3,-1.8,-135.8,224.2,,,,22.91,13,AUTO.LOITER,0,0
2026-08-21T20:19:01,1787318342,13.822052,100.512705,,,-0.3,-1.8,-135.8,224.2,,,,22.91,13,AUTO.LOITER,0,0
2026-08-21T20:19:02,1787318343,13.822052,100.512705,,,-0.3,-1.8,-135.8,224.2,,,,22.91,13,AUTO.LOITER,0,0
2026-08-21T20:19:03,1787318344,13.821852,100.513153,,,-0.3,-1.8,-135.8,224.2,,,,22.91,13,AUTO.LOITER,0,0
2026-08-21T20:19:04,1787318345,13.821852,100.513153,,,-0.3,-1.8,-135.8,224.2,,,,22.91,13,AUTO.LOITER,0,0
2026-08-21T20:19:05,1787318346,13.821852,100.513153,,,-0.3,-1.8,-135.8,224.2,,,,22.91,13,AUTO.LOITER,0,0
2026-08-21T20:19:06,1787318347,13.821852,100.513153,,,-0.3,-1.8,-135.8,224.2,,,,22.91,13,AUTO.LOITER,0,0
2026-08-21T20:19:07,1787318348,13.821852,100.513153,,,-0.3,-1.8,-135.8,224.2,,,,22.91,13,AUTO.LOITER,0,0
2026-08-21T20:19:08,1787318349,13.821852,100.513153,,,-0.3,-1.8,-135.8,224.2,,,,22.91,13,AUTO.LOITER,0,0
2026-08-21T20:19:09,1787318350,13.821761,100.513517,,,-0.3,-1.8,-135.8,224.2,,,,22.91,13,AUTO.LOITER,0,0
2026-08-21T20:19:10,1787318351,13.821761,100.513517,,,-0.3,-1.8,-135.8,224.2,,,,22.91,13,AUTO.LOITER,0,0
2026-08-21T20:19:11,1787318352,13.821761,100.513517,,,-0.3,-1.8,-135.8,224.2,,,,22.91,13,AUTO.LOITER,0,0
2026-08-21T20:19:12,1787318353,13.821761,100.513517,,,-0.3,-1.8,-135.8,224.2,,,,22.91,13,AUTO.LOITER,0,0
2026-08-21T20:19:13,1787318354,13.821761,100.513517,,,-0.3,-1.8,-135.8,224.2,,,,22.91,13,AUTO.LOITER,0,0
2026-08-21T20:19:14,1787318355,13.821761,100.513517,,,-0.3,-1.8,-135.8,224.2,,,,22.91,13,AUTO.LOITER,0,0
2026-08-21T20:19:15,1787318356,13.821761,100.513517,,,-0.3,-1.8,-135.8,224.2,,,,22.91,13,AUTO.LOITER,0,0
2026-08-21T20:19:16,1787318357,13.821761,100.513517,,,-0.3,-1.8,-135.8,224.2,,,,22.91,13,AUTO.LOITER,0,0
2026-08-21T20:19:17,1787318358,13.821761,100.513517,,,-0.3,-1.8,-135.7,224.3,,,,22.91,13,AUTO.LOITER,0,0
2026-08-21T20:19:18,1787318359,13.821805,100.513567,,,-0.3,-1.8,-135.7,224.3,,,,22.91,13,AUTO.LOITER,0,0
2026-08-21T20:19:19,1787318360,13.821805,100.513567,,,-0.3,-1.8,-135.7,224.3,,,,22.91,13,AUTO.LOITER,0,0
2026-08-21T20:19:20,1787318361,13.821805,100.513567,,,-0.3,-1.8,-135.7,224.3,,,,22.91,13,AUTO.LOITER,0,0
2026-08-21T20:19:21,1787318362,13.821805,100.513567,,,-0.3,-1.8,-135.7,224.3,,,,22.91,13,AUTO.LOITER,0,0
2026-08-21T20:19:22,1787318363,13.821805,100.513567,,,-0.3,-1.8,-135.7,224.3,,,,22.91,13,AUTO.LOITER,0,0
2026-08-21T20:19:23,1787318364,13.821805,100.513567,,,-0.3,-1.8,-135.7,224.3,,,,22.91,13,AUTO.LOITER,0,0
2026-08-21T20:19:24,1787318365,13.821805,100.513567,,,-0.3,-1.8,-135.7,224.3,,,,22.91,13,AUTO.LOITER,0,0
2026-08-21T20:19:25,1787318366,13.821805,100.513567,,,-0.3,-1.8,-135.7,224.3,,,,22.91,13,AUTO.LOITER,0,0
2026-08-21T20:19:26,1787318367,13.821805,100.513567,,,-0.3,-1.8,-135.7,224.3,,,,22.91,13,AUTO.LOITER,0,0
2026-08-21T20:19:27,1787318368,13.821805,100.513567,,,-0.3,-1.8,-135.7,224.3,,,,22.91,13,AUTO.LOITER,0,0
2026-08-21T20:19:28,1787318369,13.822036,100.513736,,,-0.3,-1.8,-135.7,224.3,,,,22.91,13,AUTO.LOITER,0,0
2026-08-21T20:19:29,1787318370,13.822036,100.513736,,,-0.3,-1.8,-135.7,224.3,,,,22.91,13,AUTO.LOITER,0,0
2026-08-21T20:19:30,1787318371,13.822036,100.513736,,,-0.3,-1.8,-135.7,224.3,,,,22.91,13,AUTO.LOITER,0,0
2026-08-21T20:19:31,1787318372,13.822036,100.513736,,,-0.3,-1.8,-135.7,224.3,,,,22.91,13,AUTO.LOITER,0,0
2026-08-21T20:19:32,1787318373,13.822036,100.513736,,,-0.3,-1.8,-135.7,224.3,,,,22.91,13,AUTO.LOITER,0,0
2026-08-21T20:19:33,1787318374,13.822036,100.513736,,,-0.3,-1.8,-135.7,224.3,,,,22.91,13,AUTO.LOITER,0,0
2026-08-21T20:19:34,1787318375,13.822036,100.513736,,,-0.3,-1.8,-135.7,224.3,,,,22.91,13,AUTO.LOITER,0,0
2026-08-21T20:19:35,1787318376,13.822036,100.513736,,,-0.3,-1.8,-135.7,224.3,,,,22.91,13,AUTO.LOITER,0,0
2026-08-21T20:19:36,1787318377,13.822036,100.513736,,,-0.3,-1.8,-135.7,224.3,,,,22.91,13,AUTO.LOITER,0,0
2026-08-21T20:19:37,1787318378,13.822036,100.513736,,,-0.3,-1.8,-135.7,224.3,,,,22.91,13,AUTO.LOITER,0,0
2026-08-21T20:19:38,1787318379,13.822017,100.513728,,,-0.3,-1.8,-135.7,224.3,,,,22.91,13,AUTO.LOITER,0,0
2026-08-21T20:19:39,1787318380,13.822017,100.513728,,,-0.3,-1.8,-135.7,224.3,,,,22.91,13,AUTO.LOITER,0,0
2026-08-21T20:19:40,1787318381,13.822017,100.513728,,,-0.3,-1.8,-135.7,224.3,,,,22.91,13,AUTO.LOITER,0,0
2026-08-21T20:19:41,1787318382,13.822017,100.513728,,,-0.3,-1.8,-135.7,224.3,,,,22.91,13,AUTO.LOITER,0,0
2026-08-21T20:19:42,1787318383,13.822017,100.513728,,,-0.3,-1.8,-135.7,224.3,,,,22.91,13,AUTO.LOITER,0,0
2026-08-21T20:19:43,1787318384,13.822017,100.513728,,,-0.3,-1.8,-135.7,224.3,,,,22.91,13,AUTO.LOITER,0,0
2026-08-21T20:19:44,1787318385,13.822017,100.513728,,,-0.3,-1.8,-135.7,224.3,,,,22.91,13,AUTO.LOITER,0,0
2026-08-21T20:19:45,1787318386,13.822017,100.513728,,,-0.3,-1.8,-135.7,224.3,,,,22.91,13,AUTO.LOITER,0,0
2026-08-21T20:19:46,1787318387,13.822017,100.513728,,,-0.3,-1.8,-135.7,224.3,,,,22.91,13,AUTO.LOITER,0,0
2026-08-21T20:19:47,1787318388,13.822017,100.513728,,,-0.3,-1.8,-135.7,224.3,,,,22.91,13,AUTO.LOITER,0,0
2026-08-21T20:19:48,1787318389,13.821981,100.513509,,,-0.3,-1.8,-135.7,224.3,,,,22.91,13,AUTO.LOITER,0,0
2026-08-21T20:19:49,1787318390,13.821981,100.513509,,,-0.3,-1.8,-135.7,224.3,,,,22.91,13,AUTO.LOITER,0,0
2026-08-21T20:19:50,1787318391,13.821981,100.513509,,,-0.3,-1.8,-135.7,224.3,,,,22.91,13,AUTO.LOITER,0,0
2026-08-21T20:19:51,1787318392,13.821981,100.513509,,,-0.3,-1.8,-135.7,224.3,,,,22.91,13,AUTO.LOITER,0,0
2026-08-21T20:19:52,1787318393,13.821981,100.513509,,,-0.3,-1.8,-135.7,224.3,,,,22.91,13,AUTO.LOITER,0,0
2026-08-21T20:19:53,1787318394,13.821981,100.513509,,,-0.3,-1.8,-135.7,224.3,,,,22.91,13,AUTO.LOITER,0,0
2026-08-21T20:19:54,1787318395,13.821981,100.513509,,,-0.3,-1.8,-135.7,224.3,,,,22.91,13,AUTO.LOITER,0,0
2026-08-21T20:19:55,1787318396,13.821981,100.513509,,,-0.3,-1.8,-135.7,224.3,,,,22.91,13,AUTO.LOITER,0,0
2026-08-21T20:19:56,1787318397,13.821981,100.513509,,,-0.3,-1.8,-135.7,224.3,,,,22.91,13,AUTO.LOITER,0,0
2026-08-21T20:19:57,1787318398,13.821981,100.513509,,,-0.3,-1.8,-135.7,224.3,,,,22.91,13,AUTO.LOITER,0,0
2026-08-21T20:19:58,1787318399,13.821929,100.513363,,,-0.3,-1.8,-135.8,224.2,,,,22.91,13,AUTO.LOITER,0,0
2026-08-21T20:19:59,1787318400,13.821929,100.513363,,,-0.3,-1.8,-135.8,224.2,,,,22.91,13,AUTO.LOITER,0,0
2026-08-21T20:20:00,1787318401,13.821929,100.513363,,,-0.3,-1.8,-135.8,224.2,,,,22.91,13,AUTO.LOITER,0,0
2026-08-21T20:20:01,1787318402,13.821929,100.513363,,,-0.3,-1.8,-135.8,224.2,,,,22.91,13,AUTO.LOITER,0,0
2026-08-21T20:20:02,1787318403,13.821912,100.513343,,,-0.3,-1.8,-135.7,224.3,,,,22.9,13,AUTO.LOITER,0,0
2026-08-21T20:20:03,1787318404,13.821912,100.513343,,,-0.3,-1.8,-135.7,224.3,,,,22.9,13,AUTO.LOITER,0,0
2026-08-21T20:20:04,1787318405,13.821912,100.513343,,,-0.3,-1.8,-135.7,224.3,,,,22.9,13,AUTO.LOITER,0,0
2026-08-21T20:20:05,1787318406,13.821912,100.513343,,,-0.3,-1.8,-135.7,224.3,,,,22.9,13,AUTO.LOITER,0,0
2026-08-21T20:20:07,1787318408,13.821912,100.513343,,,-0.3,-1.8,-135.7,224.3,,,,22.9,13,AUTO.LOITER,0,0
2026-08-21T20:20:08,1787318409,13.821912,100.513343,,,-0.3,-1.8,-135.7,224.3,,,,22.9,13,AUTO.LOITER,0,0
2026-08-21T20:20:09,1787318410,13.821948,100.513486,,,-0.3,-1.8,-135.7,224.3,,,,22.9,13,AUTO.LOITER,0,0
2026-08-21T20:20:10,1787318411,13.821948,100.513486,,,-0.3,-1.8,-135.7,224.3,,,,22.9,13,AUTO.LOITER,0,0
2026-08-21T20:20:11,1787318412,13.821948,100.513486,,,-0.3,-1.8,-135.7,224.3,,,,22.9,13,AUTO.LOITER,0,0
2026-08-21T20:20:12,1787318413,13.821948,100.513486,,,-0.3,-1.8,-135.7,224.3,,,,22.9,13,AUTO.LOITER,0,0
2026-08-21T20:20:13,1787318414,13.821948,100.513486,,,-0.3,-1.8,-135.8,224.2,,,,22.9,13,AUTO.LOITER,0,0
2026-08-21T20:20:14,1787318415,13.821948,100.513486,,,-0.3,-1.8,-135.8,224.2,,,,22.9,13,AUTO.LOITER,0,0
2026-08-21T20:20:15,1787318416,13.821948,100.513486,,,-0.3,-1.8,-135.8,224.2,,,,22.9,13,AUTO.LOITER,0,0
2026-08-21T20:20:16,1787318417,13.821948,100.513486,,,-0.3,-1.8,-135.8,224.2,,,,22.9,13,AUTO.LOITER,0,0
2026-08-21T20:20:17,1787318418,13.821948,100.513486,,,-0.3,-1.8,-135.8,224.2,,,,22.9,13,AUTO.LOITER,0,0
2026-08-21T20:20:18,1787318419,13.821948,100.513486,,,-0.3,-1.8,-135.7,224.3,,,,22.9,13,AUTO.LOITER,0,0
2026-08-21T20:20:19,1787318420,13.821962,100.513531,,,-0.3,-1.8,-135.7,224.3,,,,22.9,13,AUTO.LOITER,0,0
2026-08-21T20:20:20,1787318421,13.821962,100.513531,,,-0.3,-1.8,-135.7,224.3,,,,22.9,13,AUTO.LOITER,0,0
2026-08-21T20:20:21,1787318422,13.821962,100.513531,,,-0.3,-1.8,-135.7,224.3,,,,22.9,13,AUTO.LOITER,0,0
2026-08-21T20:20:22,1787318423,13.821962,100.513531,,,-0.3,-1.8,-135.7,224.3,,,,22.9,13,AUTO.LOITER,0,0
2026-08-21T20:20:23,1787318424,13.821962,100.513531,,,-0.3,-1.8,-135.7,224.3,,,,22.9,13,AUTO.LOITER,0,0
2026-08-21T20:20:24,1787318425,13.821962,100.513531,,,-0.3,-1.8,-135.7,224.3,,,,22.9,13,AUTO.LOITER,0,0
2026-08-21T20:20:25,1787318426,13.821962,100.513531,,,-0.3,-1.8,-135.7,224.3,,,,22.9,13,AUTO.LOITER,0,0
2026-08-21T20:20:26,1787318427,13.821962,100.513531,,,-0.3,-1.8,-135.7,224.3,,,,22.9,13,AUTO.LOITER,0,0
2026-08-21T20:20:27,1787318428,13.821962,100.513531,,,-0.3,-1.8,-135.7,224.3,,,,22.9,13,AUTO.LOITER,0,0
2026-08-21T20:20:28,1787318429,13.821985,100.513472,,,-0.3,-1.8,-135.7,224.3,,,,22.9,13,AUTO.LOITER,0,0
2026-08-21T20:20:29,1787318430,13.821985,100.513472,,,-0.3,-1.8,-135.7,224.3,,,,22.9,13,AUTO.LOITER,0,0
2026-08-21T20:20:30,1787318431,13.821985,100.513472,,,-0.3,-1.8,-135.7,224.3,,,,22.9,13,AUTO.LOITER,0,0
2026-08-21T20:20:31,1787318432,13.821985,100.513472,,,-0.3,-1.8,-135.7,224.3,,,,22.9,13,AUTO.LOITER,0,0
2026-08-21T20:20:32,1787318433,13.821985,100.513472,,,-0.3,-1.8,-135.7,224.3,,,,22.9,13,AUTO.LOITER,0,0
2026-08-21T20:20:33,1787318434,13.821985,100.513472,,,-0.3,-1.8,-135.7,224.3,,,,22.9,13,AUTO.LOITER,0,0
2026-08-21T20:20:34,1787318435,13.821985,100.513472,,,-0.3,-1.8,-135.7,224.3,,,,22.9,13,AUTO.LOITER,0,0
2026-08-21T20:20:38,1787318439,13.821985,100.513472,,,-0.3,-1.7,-135.7,224.3,,,,22.9,13,AUTO.LOITER,0,0
2026-08-21T20:20:39,1787318440,13.821985,100.513472,,,-0.3,-1.7,-135.7,224.3,,,,22.9,13,AUTO.LOITER,0,0
2026-08-21T20:20:40,1787318441,13.821985,100.513472,,,-0.3,-1.7,-135.7,224.3,,,,22.9,13,AUTO.LOITER,0,0
2026-08-21T20:20:41,1787318442,13.821985,100.513472,,,-0.3,-1.7,-135.7,224.3,,,,22.9,13,AUTO.LOITER,0,0
2026-08-21T20:20:42,1787318443,13.821944,100.513534,,,-0.3,-1.7,-135.7,224.3,,,,22.9,13,AUTO.LOITER,0,0
2026-08-21T20:20:43,1787318444,13.821944,100.513534,,,-0.3,-1.7,-135.7,224.3,,,,22.9,13,AUTO.LOITER,0,0
2026-08-21T20:20:44,1787318445,13.821944,100.513534,,,-0.3,-1.7,-135.7,224.3,,,,22.9,13,AUTO.LOITER,0,0
2026-08-21T20:20:45,1787318446,13.821944,100.513534,,,-0.3,-1.7,-135.7,224.3,,,,22.9,13,AUTO.LOITER,0,0
2026-08-21T20:20:46,1787318447,13.821944,100.513534,,,-0.3,-1.8,-135.7,224.3,,,,22.9,13,AUTO.LOITER,0,0
2026-08-21T20:20:47,1787318448,13.821944,100.513534,,,-0.3,-1.8,-135.7,224.3,,,,22.9,13,AUTO.LOITER,0,0
2026-08-21T20:20:48,1787318449,13.821944,100.513534,,,-0.3,-1.8,-135.7,224.3,,,,22.9,13,AUTO.LOITER,0,0
2026-08-21T20:20:49,1787318450,13.821944,100.513534,,,-0.3,-1.8,-135.7,224.3,,,,22.9,13,AUTO.LOITER,0,0
2026-08-21T20:20:50,1787318451,13.821944,100.513534,,,-0.3,-1.8,-135.7,224.3,,,,22.9,13,AUTO.LOITER,0,0
2026-08-21T20:20:51,1787318452,13.821944,100.513534,,,-0.3,-1.8,-135.7,224.3,,,,22.9,13,AUTO.LOITER,0,0
2026-08-21T20:20:52,1787318453,13.821944,100.513534,,,-0.3,-1.8,-135.7,224.3,,,,22.9,13,AUTO.LOITER,0,0
2026-08-21T20:20:53,1787318454,13.821944,100.513534,,,-0.3,-1.8,-135.7,224.3,,,,22.9,13,AUTO.LOITER,0,0
2026-08-21T20:20:54,1787318455,13.821944,100.513534,,,-0.3,-1.8,-135.7,224.3,,,,22.9,13,AUTO.LOITER,0,0
2026-08-21T20:20:55,1787318456,13.821944,100.513534,,,-0.3,-1.8,-135.7,224.3,,,,22.9,13,AUTO.LOITER,0,0
2026-08-21T20:20:56,1787318457,13.821944,100.513534,,,-0.3,-1.8,-135.7,224.3,,,,22.9,13,AUTO.LOITER,0,0
2026-08-21T20:20:57,1787318458,13.821958,100.513515,,,-0.3,-1.8,-135.7,224.3,,,,22.9,13,AUTO.LOITER,0,0
2026-08-21T20:20:58,1787318459,13.821958,100.513515,,,-0.3,-1.8,-135.7,224.3,,,,22.9,13,AUTO.LOITER,0,0
2026-08-21T20:20:59,1787318460,13.821958,100.513515,,,-0.3,-1.8,-135.7,224.3,,,,22.9,13,AUTO.LOITER,0,0
2026-08-21T20:21:00,1787318461,13.821958,100.513515,,,-0.3,-1.8,-135.7,224.3,,,,22.9,13,AUTO.LOITER,0,0
2026-08-21T20:21:01,1787318462,13.821958,100.513515,,,-0.3,-1.8,-135.7,224.3,,,,22.9,13,AUTO.LOITER,0,0
2026-08-21T20:21:02,1787318463,13.821956,100.51356,,,-0.3,-1.8,-135.7,224.3,,,,22.9,13,AUTO.LOITER,0,0
2026-08-21T20:21:03,1787318464,13.821956,100.51356,,,-0.3,-1.8,-135.7,224.3,,,,22.9,13,AUTO.LOITER,0,0
2026-08-21T20:21:04,1787318465,13.821956,100.51356,,,-0.3,-1.8,-135.7,224.3,,,,22.9,13,AUTO.LOITER,0,0
2026-08-21T20:21:05,1787318466,13.821956,100.51356,,,-0.3,-1.8,-135.7,224.3,,,,22.9,13,AUTO.LOITER,0,0
2026-08-21T20:21:06,1787318467,13.821984,100.513502,,,-0.3,-1.8,-135.7,224.3,,,,22.9,13,AUTO.LOITER,0,0
2026-08-21T20:21:07,1787318468,13.821984,100.513502,,,-0.3,-1.8,-135.7,224.3,,,,22.9,13,AUTO.LOITER,0,0
2026-08-21T20:21:08,1787318469,13.821984,100.513502,,,-0.3,-1.8,-135.7,224.3,,,,22.9,13,AUTO.LOITER,0,0
2026-08-21T20:21:10,1787318471,13.821984,100.513502,,,-0.3,-1.8,-135.7,224.3,,,,22.9,13,AUTO.LOITER,0,0
2026-08-21T20:21:11,1787318472,13.821924,100.513548,,,-0.3,-1.8,-135.7,224.3,,,,22.9,13,AUTO.LOITER,0,0
2026-08-21T20:21:12,1787318473,13.821924,100.513548,,,-0.3,-1.8,-135.7,224.3,,,,22.9,13,AUTO.LOITER,0,0
2026-08-21T20:21:13,1787318474,13.821924,100.513548,,,-0.3,-1.8,-135.7,224.3,,,,22.9,13,AUTO.LOITER,0,0
2026-08-21T20:21:14,1787318475,13.821924,100.513548,,,-0.3,-1.8,-135.7,224.3,,,,22.9,13,AUTO.LOITER,0,0
2026-08-21T20:21:15,1787318476,13.821924,100.513548,,,-0.3,-1.8,-135.7,224.3,,,,22.9,13,AUTO.LOITER,0,0
2026-08-21T20:21:16,1787318477,13.821897,100.513543,,,-0.3,-1.7,-135.7,224.3,,,,22.9,13,AUTO.LOITER,0,0
2026-08-21T20:21:17,1787318478,13.821897,100.513543,,,-0.3,-1.7,-135.7,224.3,,,,22.9,13,AUTO.LOITER,0,0
2026-08-21T20:21:18,1787318479,13.821897,100.513543,,,-0.3,-1.7,-135.7,224.3,,,,22.9,13,AUTO.LOITER,0,0
2026-08-21T20:21:19,1787318480,13.821897,100.513543,,,-0.3,-1.7,-135.7,224.3,,,,22.9,13,AUTO.LOITER,0,0
2026-08-21T20:21:20,1787318481,13.821897,100.513543,,,-0.3,-1.7,-135.7,224.3,,,,22.9,13,AUTO.LOITER,0,0
2026-08-21T20:21:21,1787318482,13.821897,100.513543,,,-0.3,-1.7,-135.8,224.2,,,,22.9,13,AUTO.LOITER,0,0
2026-08-21T20:21:22,1787318483,13.821894,100.513533,,,-0.3,-1.7,-135.8,224.2,,,,22.9,13,AUTO.LOITER,0,0
2026-08-21T20:21:23,1787318484,13.821894,100.513533,,,-0.3,-1.7,-135.8,224.2,,,,22.9,13,AUTO.LOITER,0,0
2026-08-21T20:21:24,1787318485,13.821894,100.513533,,,-0.3,-1.7,-135.8,224.2,,,,22.9,13,AUTO.LOITER,0,0
2026-08-21T20:21:25,1787318486,13.821894,100.513533,,,-0.3,-1.7,-135.7,224.3,,,,22.9,13,AUTO.LOITER,0,0
2026-08-21T20:21:26,1787318487,13.821894,100.513533,,,-0.3,-1.7,-135.7,224.3,,,,22.9,13,AUTO.LOITER,0,0
2026-08-21T20:21:27,1787318488,13.821894,100.513533,,,-0.3,-1.7,-135.7,224.3,,,,22.9,13,AUTO.LOITER,0,0
2026-08-21T20:21:28,1787318489,13.821894,100.513533,,,-0.3,-1.7,-135.7,224.3,,,,22.9,13,AUTO.LOITER,0,0
2026-08-21T20:21:29,1787318490,13.821894,100.513533,,,-0.3,-1.7,-135.7,224.3,,,,22.9,13,AUTO.LOITER,0,0
2026-08-21T20:21:30,1787318491,13.821894,100.513533,,,-0.3,-1.7,-135.7,224.3,,,,22.9,13,AUTO.LOITER,0,0
2026-08-21T20:21:31,1787318492,13.821894,100.513533,,,-0.3,-1.7,-135.8,224.2,,,,22.9,13,AUTO.LOITER,0,0
2026-08-21T20:21:32,1787318493,13.821897,100.513514,,,-0.3,-1.7,-135.8,224.2,,,,22.9,13,AUTO.LOITER,0,0
2026-08-21T20:21:33,1787318494,13.821897,100.513514,,,-0.3,-1.7,-135.8,224.2,,,,22.9,13,AUTO.LOITER,0,0
2026-08-21T20:21:34,1787318495,13.821897,100.513514,,,-0.3,-1.7,-135.8,224.2,,,,22.9,13,AUTO.LOITER,0,0
2026-08-21T20:21:35,1787318496,13.821897,100.513514,,,-0.3,-1.7,-135.8,224.2,,,,22.9,13,AUTO.LOITER,0,0
2026-08-21T20:21:36,1787318497,13.821805,100.513692,,,-0.3,-1.7,-135.8,224.2,,,,22.9,13,AUTO.LOITER,0,0
2026-08-21T20:21:37,1787318498,13.821805,100.513692,,,-0.3,-1.7,-135.8,224.2,,,,22.9,13,AUTO.LOITER,0,0
2026-08-21T20:21:38,1787318499,13.821805,100.513692,,,-0.3,-1.7,-135.8,224.2,,,,22.9,13,AUTO.LOITER,0,0
2026-08-21T20:21:39,1787318500,13.821805,100.513692,,,-0.3,-1.7,-135.8,224.2,,,,22.9,13,AUTO.LOITER,0,0
2026-08-21T20:21:40,1787318501,13.821805,100.513692,,,-0.3,-1.7,-135.8,224.2,,,,22.9,13,AUTO.LOITER,0,0
2026-08-21T20:21:41,1787318502,13.821805,100.513692,,,-0.3,-1.8,-135.7,224.3,,,,22.9,13,AUTO.LOITER,0,0
2026-08-21T20:21:42,1787318503,13.821799,100.513703,,,-0.3,-1.8,-135.7,224.3,,,,22.9,13,AUTO.LOITER,0,0
2026-08-21T20:21:43,1787318504,13.821799,100.513703,,,-0.3,-1.8,-135.7,224.3,,,,22.9,13,AUTO.LOITER,0,0
2026-08-21T20:21:44,1787318505,13.821799,100.513703,,,-0.3,-1.8,-135.7,224.3,,,,22.9,13,AUTO.LOITER,0,0
2026-08-21T20:21:45,1787318506,13.821799,100.513703,,,-0.3,-1.8,-135.7,224.3,,,,22.9,13,AUTO.LOITER,0,0
2026-08-21T20:21:46,1787318507,13.821799,100.513703,,,-0.3,-1.8,-135.7,224.3,,,,22.9,13,AUTO.LOITER,0,0
2026-08-21T20:21:47,1787318508,13.821799,100.513703,,,-0.3,-1.8,-135.7,224.3,,,,22.9,13,AUTO.LOITER,0,0
2026-08-21T20:21:48,1787318509,13.821799,100.513703,,,-0.3,-1.8,-135.7,224.3,,,,22.9,13,AUTO.LOITER,0,0
2026-08-21T20:21:49,1787318510,13.821799,100.513703,,,-0.3,-1.8,-135.7,224.3,,,,22.9,13,AUTO.LOITER,0,0
2026-08-21T20:21:50,1787318511,13.821799,100.513703,,,-0.3,-1.8,-135.7,224.3,,,,22.9,13,AUTO.LOITER,0,0
2026-08-21T20:21:51,1787318512,13.821799,100.513703,,,-0.3,-1.8,-135.7,224.3,,,,22.9,13,AUTO.LOITER,0,0
2026-08-21T20:21:52,1787318513,13.821799,100.513703,,,-0.3,-1.8,-135.7,224.3,,,,22.9,13,AUTO.LOITER,0,0
2026-08-21T20:21:53,1787318514,13.821799,100.513703,,,-0.3,-1.8,-135.7,224.3,,,,22.9,13,AUTO.LOITER,0,0
2026-08-21T20:21:54,1787318515,13.821799,100.513703,,,-0.3,-1.8,-135.7,224.3,,,,22.9,13,AUTO.LOITER,0,0
2026-08-21T20:21:55,1787318516,13.821799,100.513703,,,-0.3,-1.8,-135.7,224.3,,,,22.9,13,AUTO.LOITER,0,0
2026-08-21T20:21:56,1787318517,13.821799,100.513703,,,-0.3,-1.8,-135.7,224.3,,,,22.9,13,AUTO.LOITER,0,0
2026-08-21T20:21:57,1787318518,13.821799,100.513703,,,-0.3,-1.8,-135.7,224.3,,,,22.9,13,AUTO.LOITER,0,0
2026-08-21T20:21:58,1787318519,13.821782,100.513693,,,-0.3,-1.8,-135.7,224.3,,,,22.9,13,AUTO.LOITER,0,0
2026-08-21T20:21:59,1787318520,13.821782,100.513693,,,-0.3,-1.8,-135.7,224.3,,,,22.9,13,AUTO.LOITER,0,0
2026-08-21T20:22:00,1787318521,13.821782,100.513693,,,-0.3,-1.8,-135.7,224.3,,,,22.9,13,AUTO.LOITER,0,0
2026-08-21T20:22:01,1787318522,13.821782,100.513693,,,-0.3,-1.8,-135.7,224.3,,,,22.9,13,AUTO.LOITER,0,0
2026-08-21T20:22:02,1787318523,13.821782,100.513693,,,-0.3,-1.8,-135.7,224.3,,,,22.9,13,AUTO.LOITER,0,0
2026-08-21T20:22:03,1787318524,13.821782,100.513693,,,-0.3,-1.8,-135.7,224.3,,,,22.9,13,AUTO.LOITER,0,0
2026-08-21T20:22:04,1787318525,13.821782,100.513693,,,-0.3,-1.8,-135.7,224.3,,,,22.9,13,AUTO.LOITER,0,0
2026-08-21T20:22:05,1787318526,13.821782,100.513693,,,-0.3,-1.8,-135.7,224.3,,,,22.9,13,AUTO.LOITER,0,0
2026-08-21T20:22:06,1787318527,13.821782,100.513693,,,-0.3,-1.8,-135.7,224.3,,,,22.9,13,AUTO.LOITER,0,0
2026-08-21T20:22:07,1787318528,13.821782,100.513693,,,-0.3,-1.8,-135.7,224.3,,,,22.9,13,AUTO.LOITER,0,0
2026-08-21T20:22:08,1787318529,13.821782,100.513693,,,-0.3,-1.8,-135.7,224.3,,,,22.9,13,AUTO.LOITER,0,0
2026-08-21T20:22:09,1787318530,13.821782,100.513693,,,-0.3,-1.8,-135.7,224.3,,,,22.9,13,AUTO.LOITER,0,0
2026-08-21T20:22:10,1787318531,13.821782,100.513693,,,-0.3,-1.8,-135.7,224.3,,,,22.9,13,AUTO.LOITER,0,0
2026-08-21T20:22:11,1787318532,13.821943,100.513264,,,-0.3,-1.8,-135.7,224.3,,,,22.9,13,AUTO.LOITER,0,0
2026-08-21T20:22:12,1787318533,13.821943,100.513264,,,-0.3,-1.8,-135.7,224.3,,,,22.9,13,AUTO.LOITER,0,0
2026-08-21T20:22:13,1787318534,13.821943,100.513264,,,-0.3,-1.8,-135.7,224.3,,,,22.9,13,AUTO.LOITER,0,0
2026-08-21T20:22:16,1787318537,13.821972,100.513079,,,-0.3,-1.8,-135.7,224.3,,,,22.9,13,AUTO.LOITER,0,0
2026-08-21T20:22:17,1787318538,13.821972,100.513079,,,-0.3,-1.8,-135.7,224.3,,,,22.9,13,AUTO.LOITER,0,0
2026-08-21T20:22:18,1787318539,13.821972,100.513079,,,-0.3,-1.8,-135.7,224.3,,,,22.9,13,AUTO.LOITER,0,0
2026-08-21T20:22:19,1787318540,13.821972,100.513079,,,-0.3,-1.8,-135.7,224.3,,,,22.9,13,AUTO.LOITER,0,0
2026-08-21T20:22:20,1787318541,13.821972,100.513079,,,-0.3,-1.8,-135.7,224.3,,,,22.9,13,AUTO.LOITER,0,0
2026-08-21T20:22:21,1787318542,13.821964,100.513088,,,-0.3,-1.8,-135.7,224.3,,,,22.9,13,AUTO.LOITER,0,0
2026-08-21T20:22:22,1787318543,13.821964,100.513088,,,-0.3,-1.8,-135.7,224.3,,,,22.9,13,AUTO.LOITER,0,0
2026-08-21T20:22:23,1787318544,13.821964,100.513088,,,-0.3,-1.8,-135.7,224.3,,,,22.9,13,AUTO.LOITER,0,0
2026-08-21T20:22:24,1787318545,13.821964,100.513088,,,-0.3,-1.8,-135.7,224.3,,,,22.9,13,AUTO.LOITER,0,0
2026-08-21T20:22:25,1787318546,13.821964,100.513088,,,-0.3,-1.8,-135.7,224.3,,,,22.9,13,AUTO.LOITER,0,0
2026-08-21T20:22:26,1787318547,13.821964,100.513088,,,-0.3,-1.8,-135.8,224.2,,,,22.9,13,AUTO.LOITER,0,0
2026-08-21T20:22:27,1787318548,13.821964,100.513088,,,-0.3,-1.8,-135.8,224.2,,,,22.9,13,AUTO.LOITER,0,0
2026-08-21T20:22:28,1787318549,13.821964,100.513088,,,-0.3,-1.8,-135.7,224.3,,,,22.9,13,AUTO.LOITER,0,0
2026-08-21T20:22:29,1787318550,13.821964,100.513088,,,-0.3,-1.8,-135.7,224.3,,,,22.9,13,AUTO.LOITER,0,0
2026-08-21T20:22:30,1787318551,13.821964,100.513088,,,-0.3,-1.8,-135.7,224.3,,,,22.9,13,AUTO.LOITER,0,0
2026-08-21T20:22:31,1787318552,13.822035,100.513197,,,-0.3,-1.8,-135.7,224.3,,,,22.9,13,AUTO.LOITER,0,0
2026-08-21T20:22:32,1787318553,13.822035,100.513197,,,-0.3,-1.8,-135.7,224.3,,,,22.9,13,AUTO.LOITER,0,0
2026-08-21T20:22:33,1787318554,13.822035,100.513197,,,-0.3,-1.8,-135.7,224.3,,,,22.9,13,AUTO.LOITER,0,0
2026-08-21T20:22:34,1787318555,13.822035,100.513197,,,-0.3,-1.8,-135.7,224.3,,,,22.9,13,AUTO.LOITER,0,0
2026-08-21T20:22:35,1787318556,13.822035,100.513197,,,-0.3,-1.8,-135.7,224.3,,,,22.9,13,AUTO.LOITER,0,0
2026-08-21T20:22:36,1787318557,13.822035,100.513197,,,-0.3,-1.8,-135.7,224.3,,,,22.9,13,AUTO.LOITER,0,0
2026-08-21T20:22:37,1787318558,13.822035,100.513197,,,-0.3,-1.8,-135.7,224.3,,,,22.9,13,AUTO.LOITER,0,0
2026-08-21T20:22:38,1787318559,13.822035,100.513197,,,-0.3,-1.8,-135.7,224.3,,,,22.9,13,AUTO.LOITER,0,0
2026-08-21T20:22:39,1787318560,13.822035,100.513197,,,-0.3,-1.8,-135.7,224.3,,,,22.9,13,AUTO.LOITER,0,0
2026-08-21T20:22:40,1787318561,13.822204,100.51324,,,-0.3,-1.8,-135.7,224.3,,,,22.9,13,AUTO.LOITER,0,0
2026-08-21T20:22:41,1787318562,13.822204,100.51324,,,-0.3,-1.8,-135.7,224.3,,,,22.9,13,AUTO.LOITER,0,0
2026-08-21T20:22:42,1787318563,13.822204,100.51324,,,-0.3,-1.8,-135.7,224.3,,,,22.9,13,AUTO.LOITER,0,0
2026-08-21T20:22:43,1787318564,13.822204,100.51324,,,-0.3,-1.8,-135.7,224.3,,,,22.9,13,AUTO.LOITER,0,0
2026-08-21T20:22:44,1787318565,13.822204,100.51324,,,-0.3,-1.8,-135.7,224.3,,,,22.9,13,AUTO.LOITER,0,0
2026-08-21T20:22:45,1787318566,13.822204,100.51324,,,-0.3,-1.8,-135.7,224.3,,,,22.9,13,AUTO.LOITER,0,0
2026-08-21T20:22:46,1787318567,13.822252,100.513299,,,-0.3,-1.8,-135.7,224.3,,,,22.9,13,AUTO.LOITER,0,0
2026-08-21T20:22:47,1787318568,13.822252,100.513299,,,-0.3,-1.8,-135.7,224.3,,,,22.9,13,AUTO.LOITER,0,0
2026-08-21T20:22:48,1787318569,13.822252,100.513299,,,-0.3,-1.7,-135.7,224.3,,,,22.9,13,AUTO.LOITER,0,0
2026-08-21T20:22:49,1787318570,13.822252,100.513299,,,-0.3,-1.7,-135.7,224.3,,,,22.89,13,AUTO.LOITER,0,0
2026-08-21T20:22:50,1787318571,13.822252,100.513299,,,-0.3,-1.7,-135.7,224.3,,,,22.89,13,AUTO.LOITER,0,0
2026-08-21T20:22:51,1787318572,13.822298,100.513311,,,-0.3,-1.7,-135.7,224.3,,,,22.89,13,AUTO.LOITER,0,0
2026-08-21T20:22:52,1787318573,13.822298,100.513311,,,-0.3,-1.7,-135.7,224.3,,,,22.89,13,AUTO.LOITER,0,0
2026-08-21T20:22:53,1787318574,13.822298,100.513311,,,-0.3,-1.7,-135.7,224.3,,,,22.89,13,AUTO.LOITER,0,0
2026-08-21T20:22:54,1787318575,13.822298,100.513311,,,-0.3,-1.7,-135.7,224.3,,,,22.89,13,AUTO.LOITER,0,0
2026-08-21T20:22:55,1787318576,13.822298,100.513311,,,-0.3,-1.7,-135.7,224.3,,,,22.89,13,AUTO.LOITER,0,0
2026-08-21T20:22:56,1787318577,13.822152,100.51324,,,-0.3,-1.8,-135.7,224.3,,,,22.89,13,AUTO.LOITER,0,0
2026-08-21T20:22:57,1787318578,13.822152,100.51324,,,-0.3,-1.8,-135.7,224.3,,,,22.89,13,AUTO.LOITER,0,0
2026-08-21T20:22:58,1787318579,13.822152,100.51324,,,-0.3,-1.8,-135.7,224.3,,,,22.89,13,AUTO.LOITER,0,0
2026-08-21T20:22:59,1787318580,13.822152,100.51324,,,-0.3,-1.8,-135.7,224.3,,,,22.89,13,AUTO.LOITER,0,0
2026-08-21T20:23:00,1787318581,13.822152,100.51324,,,-0.3,-1.8,-135.7,224.3,,,,22.89,13,AUTO.LOITER,0,0
2026-08-21T20:23:01,1787318582,13.822152,100.51324,,,-0.3,-1.8,-135.7,224.3,,,,22.89,13,AUTO.LOITER,0,0
2026-08-21T20:23:02,1787318583,13.822152,100.51324,,,-0.3,-1.8,-135.7,224.3,,,,22.89,13,AUTO.LOITER,0,0
2026-08-21T20:23:03,1787318584,13.822152,100.51324,,,-0.3,-1.8,-135.7,224.3,,,,22.89,13,AUTO.LOITER,0,0
2026-08-21T20:23:04,1787318585,13.822152,100.51324,,,-0.3,-1.8,-135.8,224.2,,,,22.89,13,AUTO.LOITER,0,0
2026-08-21T20:23:05,1787318586,13.822063,100.513287,,,-0.3,-1.8,-135.8,224.2,,,,22.89,13,AUTO.LOITER,0,0
2026-08-21T20:23:06,1787318587,13.822063,100.513287,,,-0.3,-1.8,-135.8,224.2,,,,22.89,13,AUTO.LOITER,0,0
2026-08-21T20:23:07,1787318588,13.822063,100.513287,,,-0.3,-1.8,-135.8,224.2,,,,22.89,13,AUTO.LOITER,0,0
2026-08-21T20:23:08,1787318589,13.822063,100.513287,,,-0.3,-1.8,-135.8,224.2,,,,22.89,13,AUTO.LOITER,0,0
2026-08-21T20:23:09,1787318590,13.822063,100.513287,,,-0.3,-1.8,-135.8,224.2,,,,22.89,13,AUTO.LOITER,0,0
2026-08-21T20:23:10,1787318591,13.822063,100.513287,,,-0.3,-1.8,-135.8,224.2,,,,22.89,13,AUTO.LOITER,0,0
2026-08-21T20:23:11,1787318592,13.822042,100.513263,,,-0.3,-1.8,-135.7,224.3,,,,22.89,13,AUTO.LOITER,0,0
2026-08-21T20:23:12,1787318593,13.822042,100.513263,,,-0.3,-1.8,-135.7,224.3,,,,22.89,13,AUTO.LOITER,0,0
2026-08-21T20:23:13,1787318594,13.822042,100.513263,,,-0.3,-1.8,-135.7,224.3,,,,22.89,13,AUTO.LOITER,0,0
2026-08-21T20:23:14,1787318595,13.822042,100.513263,,,-0.3,-1.8,-135.7,224.3,,,,22.89,13,AUTO.LOITER,0,0
2026-08-21T20:23:15,1787318596,13.822042,100.513263,,,-0.3,-1.8,-135.7,224.3,,,,22.89,12,AUTO.LOITER,0,0
2026-08-21T20:23:16,1787318597,13.821995,100.513304,,,-0.3,-1.8,-135.7,224.3,,,,22.89,12,AUTO.LOITER,0,0
2026-08-21T20:23:17,1787318598,13.821995,100.513304,,,-0.3,-1.8,-135.7,224.3,,,,22.89,12,AUTO.LOITER,0,0
2026-08-21T20:23:18,1787318599,13.821995,100.513304,,,-0.3,-1.8,-135.7,224.3,,,,22.89,12,AUTO.LOITER,0,0
2026-08-21T20:23:19,1787318600,13.821995,100.513304,,,-0.3,-1.8,-135.7,224.3,,,,22.89,12,AUTO.LOITER,0,0
2026-08-21T20:23:20,1787318601,13.821995,100.513304,,,-0.3,-1.8,-135.7,224.3,,,,22.89,12,AUTO.LOITER,0,0
2026-08-21T20:23:21,1787318602,13.821959,100.513336,,,-0.3,-1.8,-135.8,224.2,,,,22.89,12,AUTO.LOITER,0,0
2026-08-21T20:23:22,1787318603,13.821959,100.513336,,,-0.3,-1.8,-135.8,224.2,,,,22.89,12,AUTO.LOITER,0,0
2026-08-21T20:23:23,1787318604,13.821959,100.513336,,,-0.3,-1.8,-135.8,224.2,,,,22.89,12,AUTO.LOITER,0,0
2026-08-21T20:23:24,1787318605,13.821959,100.513336,,,-0.3,-1.8,-135.8,224.2,,,,22.89,12,AUTO.LOITER,0,0
2026-08-21T20:23:25,1787318606,13.821959,100.513336,,,-0.3,-1.8,-135.8,224.2,,,,22.89,12,AUTO.LOITER,0,0
2026-08-21T20:23:26,1787318607,13.821959,100.513336,,,-0.3,-1.8,-135.8,224.2,,,,22.89,12,AUTO.LOITER,0,0
2026-08-21T20:23:27,1787318608,13.822017,100.513199,,,-0.3,-1.8,-135.8,224.2,,,,22.89,12,AUTO.LOITER,0,0
2026-08-21T20:23:28,1787318609,13.822017,100.513199,,,-0.3,-1.8,-135.8,224.2,,,,22.89,12,AUTO.LOITER,0,0
2026-08-21T20:23:29,1787318610,13.822017,100.513199,,,-0.3,-1.8,-135.8,224.2,,,,22.89,12,AUTO.LOITER,0,0
2026-08-21T20:23:30,1787318611,13.822017,100.513199,,,-0.3,-1.8,-135.6,224.4,,,,22.89,12,AUTO.LOITER,0,0
2026-08-21T20:23:31,1787318612,13.822017,100.513199,,,-0.3,-1.8,-135.6,224.4,,,,22.89,12,AUTO.LOITER,0,0
2026-08-21T20:23:32,1787318613,13.822017,100.513199,,,-0.3,-1.8,-135.6,224.4,,,,22.89,12,AUTO.LOITER,0,0
2026-08-21T20:23:33,1787318614,13.822017,100.513199,,,-0.3,-1.8,-135.6,224.4,,,,22.89,12,AUTO.LOITER,0,0
2026-08-21T20:23:34,1787318615,13.822017,100.513199,,,-0.3,-1.8,-135.6,224.4,,,,22.89,12,AUTO.LOITER,0,0
2026-08-21T20:23:35,1787318616,13.822017,100.513199,,,-0.3,-1.8,-135.6,224.4,,,,22.89,12,AUTO.LOITER,0,0
2026-08-21T20:23:36,1787318617,13.822017,100.513199,,,-0.3,-1.8,-135.6,224.4,,,,22.89,12,AUTO.LOITER,0,0
2026-08-21T20:23:37,1787318618,13.822027,100.513158,,,-0.3,-1.8,-135.6,224.4,,,,22.89,12,AUTO.LOITER,0,0
2026-08-21T20:23:38,1787318619,13.822027,100.513158,,,-0.3,-1.8,-135.7,224.3,,,,22.89,12,AUTO.LOITER,0,0
2026-08-21T20:23:39,1787318620,13.822027,100.513158,,,-0.3,-1.8,-135.7,224.3,,,,22.89,12,AUTO.LOITER,0,0
2026-08-21T20:23:40,1787318621,13.822027,100.513158,,,-0.3,-1.8,-135.7,224.3,,,,22.89,12,AUTO.LOITER,0,0
2026-08-21T20:23:41,1787318622,13.822027,100.513158,,,-0.3,-1.8,-135.7,224.3,,,,22.89,12,AUTO.LOITER,0,0
2026-08-21T20:23:42,1787318623,13.822027,100.513158,,,-0.3,-1.8,-135.7,224.3,,,,22.89,12,AUTO.LOITER,0,0
2026-08-21T20:23:43,1787318624,13.822027,100.513158,,,-0.3,-1.8,-135.7,224.3,,,,22.89,12,AUTO.LOITER,0,0
2026-08-21T20:23:44,1787318625,13.822027,100.513158,,,-0.3,-1.8,-135.7,224.3,,,,22.89,12,AUTO.LOITER,0,0
2026-08-21T20:23:45,1787318626,13.822027,100.513158,,,-0.3,-1.8,-135.7,224.3,,,,22.89,12,AUTO.LOITER,0,0
2026-08-21T20:23:46,1787318627,13.822027,100.513158,,,-0.3,-1.8,-135.7,224.3,,,,22.89,12,AUTO.LOITER,0,0
2026-08-21T20:23:47,1787318628,13.822027,100.513158,,,-0.3,-1.8,-135.7,224.3,,,,22.89,12,AUTO.LOITER,0,0
2026-08-21T20:23:48,1787318629,13.821996,100.513152,,,-0.3,-1.8,-135.7,224.3,,,,22.89,12,AUTO.LOITER,0,0
2026-08-21T20:23:49,1787318630,13.821996,100.513152,,,-0.3,-1.8,-135.7,224.3,,,,22.89,12,AUTO.LOITER,0,0
2026-08-21T20:23:50,1787318631,13.821996,100.513152,,,-0.3,-1.8,-135.7,224.3,,,,22.89,12,AUTO.LOITER,0,0
2026-08-21T20:23:51,1787318632,13.821996,100.513152,,,-0.3,-1.8,-135.7,224.3,,,,22.89,12,AUTO.LOITER,0,0
2026-08-21T20:23:52,1787318633,13.821996,100.513152,,,-0.3,-1.8,-135.7,224.3,,,,22.89,12,AUTO.LOITER,0,0
2026-08-21T20:23:53,1787318634,13.821996,100.513152,,,-0.3,-1.8,-135.7,224.3,,,,22.89,12,AUTO.LOITER,0,0
2026-08-21T20:23:54,1787318635,13.821996,100.513152,,,-0.3,-1.8,-135.7,224.3,,,,22.89,12,AUTO.LOITER,0,0
2026-08-21T20:23:55,1787318636,13.821996,100.513152,,,-0.3,-1.8,-135.7,224.3,,,,22.89,12,AUTO.LOITER,0,0
2026-08-21T20:23:56,1787318637,13.821996,100.513152,,,-0.3,-1.8,-135.7,224.3,,,,22.89,12,AUTO.LOITER,0,0
2026-08-21T20:23:57,1787318638,13.821996,100.513152,,,-0.3,-1.8,-135.7,224.3,,,,22.89,12,AUTO.LOITER,0,0
2026-08-21T20:23:58,1787318639,13.82197,100.513185,,,-0.3,-1.8,-135.7,224.3,,,,22.89,12,AUTO.LOITER,0,0
2026-08-21T20:23:59,1787318640,13.82197,100.513185,,,-0.3,-1.8,-135.7,224.3,,,,22.89,12,AUTO.LOITER,0,0
2026-08-21T20:24:00,1787318641,13.82197,100.513185,,,-0.3,-1.8,-135.7,224.3,,,,22.89,12,AUTO.LOITER,0,0
2026-08-21T20:24:01,1787318642,13.82197,100.513185,,,-0.3,-1.8,-135.7,224.3,,,,22.89,12,AUTO.LOITER,0,0
2026-08-21T20:24:02,1787318643,13.82197,100.513185,,,-0.3,-1.8,-135.7,224.3,,,,22.89,12,AUTO.LOITER,0,0
2026-08-21T20:24:03,1787318644,13.82197,100.513185,,,-0.3,-1.8,-135.7,224.3,,,,22.89,12,AUTO.LOITER,0,0
2026-08-21T20:24:04,1787318645,13.82197,100.513185,,,-0.3,-1.8,-135.7,224.3,,,,22.89,12,AUTO.LOITER,0,0
2026-08-21T20:24:05,1787318646,13.821985,100.513257,,,-0.3,-1.7,-135.7,224.3,,,,22.89,12,AUTO.LOITER,0,0
2026-08-21T20:24:06,1787318647,13.821985,100.513257,,,-0.3,-1.7,-135.7,224.3,,,,22.89,12,AUTO.LOITER,0,0
2026-08-21T20:24:07,1787318648,13.821985,100.513257,,,-0.3,-1.7,-135.7,224.3,,,,22.89,12,AUTO.LOITER,0,0
2026-08-21T20:24:08,1787318649,13.821985,100.513257,,,-0.3,-1.7,-135.7,224.3,,,,22.89,12,AUTO.LOITER,0,0
2026-08-21T20:24:09,1787318650,13.821985,100.513257,,,-0.3,-1.7,-135.7,224.3,,,,22.89,12,AUTO.LOITER,0,0
2026-08-21T20:24:10,1787318651,13.821985,100.513257,,,-0.3,-1.7,-135.7,224.3,,,,22.89,12,AUTO.LOITER,0,0
2026-08-21T20:24:11,1787318652,13.821985,100.513257,,,-0.3,-1.7,-135.7,224.3,,,,22.89,12,AUTO.LOITER,0,0
2026-08-21T20:24:12,1787318653,13.821985,100.513257,,,-0.3,-1.7,-135.7,224.3,,,,22.89,12,AUTO.LOITER,0,0
2026-08-21T20:24:13,1787318654,13.822018,100.513217,,,-0.3,-1.8,-135.7,224.3,,,,22.89,12,AUTO.LOITER,0,0
2026-08-21T20:24:14,1787318655,13.822018,100.513217,,,-0.3,-1.8,-135.7,224.3,,,,22.89,12,AUTO.LOITER,0,0
2026-08-21T20:24:15,1787318656,13.822018,100.513217,,,-0.3,-1.8,-135.7,224.3,,,,22.89,12,AUTO.LOITER,0,0
2026-08-21T20:24:16,1787318657,13.822018,100.513217,,,-0.3,-1.8,-135.7,224.3,,,,22.89,12,AUTO.LOITER,0,0
2026-08-21T20:24:17,1787318658,13.822018,100.513217,,,-0.3,-1.8,-135.7,224.3,,,,22.89,12,AUTO.LOITER,0,0
2026-08-21T20:24:18,1787318659,13.822018,100.513217,,,-0.3,-1.8,-135.7,224.3,,,,22.89,12,AUTO.LOITER,0,0
2026-08-21T20:24:19,1787318660,13.822018,100.513217,,,-0.3,-1.8,-135.7,224.3,,,,22.89,12,AUTO.LOITER,0,0
2026-08-21T20:24:20,1787318661,13.822018,100.513217,,,-0.3,-1.8,-135.7,224.3,,,,22.89,12,AUTO.LOITER,0,0
2026-08-21T20:24:21,1787318662,13.822018,100.513217,,,-0.3,-1.8,-135.7,224.3,,,,22.89,12,AUTO.LOITER,0,0
2026-08-21T20:24:22,1787318663,13.822018,100.513217,,,-0.3,-1.8,-135.7,224.3,,,,22.89,12,AUTO.LOITER,0,0
2026-08-21T20:24:23,1787318664,13.822018,100.513217,,,-0.3,-1.8,-135.8,224.2,,,,22.89,12,AUTO.LOITER,0,0
2026-08-21T20:24:24,1787318665,13.822018,100.513217,,,-0.3,-1.8,-135.8,224.2,,,,22.89,12,AUTO.LOITER,0,0
2026-08-21T20:24:25,1787318666,13.822018,100.513217,,,-0.3,-1.8,-135.8,224.2,,,,22.89,12,AUTO.LOITER,0,0
2026-08-21T20:24:26,1787318667,13.822018,100.513217,,,-0.3,-1.8,-135.8,224.2,,,,22.89,12,AUTO.LOITER,0,0
2026-08-21T20:24:27,1787318668,13.822018,100.513217,,,-0.3,-1.8,-135.7,224.3,,,,22.89,12,AUTO.LOITER,0,0
2026-08-21T20:24:28,1787318669,13.821976,100.51328,,,-0.3,-1.8,-135.7,224.3,,,,22.89,12,AUTO.LOITER,0,0
2026-08-21T20:24:29,1787318670,13.821976,100.51328,,,-0.3,-1.8,-135.7,224.3,,,,22.89,12,AUTO.LOITER,0,0
2026-08-21T20:24:30,1787318671,13.821976,100.51328,,,-0.3,-1.8,-135.7,224.3,,,,22.89,12,AUTO.LOITER,0,0
2026-08-21T20:24:31,1787318672,13.821976,100.51328,,,-0.3,-1.8,-135.7,224.3,,,,22.89,12,AUTO.LOITER,0,0
2026-08-21T20:24:32,1787318673,13.821976,100.51328,,,-0.3,-1.8,-135.7,224.3,,,,22.89,12,AUTO.LOITER,0,0
2026-08-21T20:24:33,1787318674,13.821967,100.513269,,,-0.3,-1.8,-135.7,224.3,,,,22.89,12,AUTO.LOITER,0,0
2026-08-21T20:24:34,1787318675,13.821967,100.513269,,,-0.3,-1.8,-135.7,224.3,,,,22.89,12,AUTO.LOITER,0,0
2026-08-21T20:24:35,1787318676,13.821967,100.513269,,,-0.3,-1.8,-135.7,224.3,,,,22.89,12,AUTO.LOITER,0,0
2026-08-21T20:24:36,1787318677,13.821967,100.513269,,,-0.3,-1.8,-135.7,224.3,,,,22.89,12,AUTO.LOITER,0,0
2026-08-21T20:24:37,1787318678,13.821967,100.513269,,,-0.3,-1.8,-135.7,224.3,,,,22.89,12,AUTO.LOITER,0,0
2026-08-21T20:24:38,1787318679,13.821967,100.513269,,,-0.3,-1.8,-135.7,224.3,,,,22.89,12,AUTO.LOITER,0,0
2026-08-21T20:24:39,1787318680,13.821967,100.513269,,,-0.3,-1.8,-135.7,224.3,,,,22.89,12,AUTO.LOITER,0,0
2026-08-21T20:24:40,1787318681,13.821967,100.513269,,,-0.3,-1.8,-135.7,224.3,,,,22.89,12,AUTO.LOITER,0,0
2026-08-21T20:24:41,1787318682,13.821967,100.513269,,,-0.3,-1.8,-135.7,224.3,,,,22.89,12,AUTO.LOITER,0,0
2026-08-21T20:24:42,1787318683,13.821967,100.513269,,,-0.3,-1.8,-135.7,224.3,,,,22.89,12,AUTO.LOITER,0,0
2026-08-21T20:24:43,1787318684,13.821967,100.513269,,,-0.3,-1.8,-135.7,224.3,,,,22.89,12,AUTO.LOITER,0,0
2026-08-21T20:24:44,1787318685,13.822005,100.513142,,,-0.3,-1.8,-135.7,224.3,,,,22.89,12,AUTO.LOITER,0,0
2026-08-21T20:24:45,1787318686,13.822005,100.513142,,,-0.3,-1.8,-135.7,224.3,,,,22.89,12,AUTO.LOITER,0,0
2026-08-21T20:24:46,1787318687,13.822005,100.513142,,,-0.3,-1.8,-135.7,224.3,,,,22.89,12,AUTO.LOITER,0,0
2026-08-21T20:24:47,1787318688,13.822005,100.513142,,,-0.3,-1.8,-135.7,224.3,,,,22.89,12,AUTO.LOITER,0,0
2026-08-21T20:24:48,1787318689,13.822005,100.513142,,,-0.3,-1.8,-135.7,224.3,,,,22.89,12,AUTO.LOITER,0,0
2026-08-21T20:24:49,1787318690,13.822005,100.513142,,,-0.3,-1.8,-135.7,224.3,,,,22.89,12,AUTO.LOITER,0,0
2026-08-21T20:24:50,1787318691,13.822005,100.513142,,,-0.3,-1.8,-135.7,224.3,,,,22.89,12,AUTO.LOITER,0,0
2026-08-21T20:24:51,1787318692,13.822005,100.513142,,,-0.3,-1.8,-135.7,224.3,,,,22.89,12,AUTO.LOITER,0,0
2026-08-21T20:24:52,1787318693,13.822005,100.513142,,,-0.3,-1.8,-135.7,224.3,,,,22.89,12,AUTO.LOITER,0,0
2026-08-21T20:24:53,1787318694,13.822005,100.513142,,,-0.3,-1.8,-135.7,224.3,,,,22.89,12,AUTO.LOITER,0,0
2026-08-21T20:24:54,1787318695,13.822005,100.513142,,,-0.3,-1.8,-135.7,224.3,,,,22.89,12,AUTO.LOITER,0,0
2026-08-21T20:24:55,1787318696,13.822005,100.513142,,,-0.3,-1.8,-135.7,224.3,,,,22.89,12,AUTO.LOITER,0,0
2026-08-21T20:24:57,1787318698,13.822005,100.513142,,,-0.3,-1.8,-135.7,224.3,,,,22.89,12,AUTO.LOITER,0,0
2026-08-21T20:24:58,1787318699,13.822005,100.513142,,,-0.3,-1.8,-135.7,224.3,,,,22.89,12,AUTO.LOITER,0,0
2026-08-21T20:24:59,1787318700,13.822005,100.513142,,,-0.3,-1.8,-135.7,224.3,,,,22.89,12,AUTO.LOITER,0,0
2026-08-21T20:25:00,1787318701,13.822005,100.513142,,,-0.3,-1.8,-135.7,224.3,,,,22.89,12,AUTO.LOITER,0,0
2026-08-21T20:25:01,1787318702,13.822007,100.513394,,,-0.3,-1.8,-135.7,224.3,,,,22.89,12,AUTO.LOITER,0,0
2026-08-21T20:25:02,1787318703,13.822007,100.513394,,,-0.3,-1.8,-135.7,224.3,,,,22.89,12,AUTO.LOITER,0,0
2026-08-21T20:25:03,1787318704,13.822007,100.513394,,,-0.3,-1.8,-135.7,224.3,,,,22.89,12,AUTO.LOITER,0,0
2026-08-21T20:25:04,1787318705,13.822007,100.513394,,,-0.3,-1.8,-135.7,224.3,,,,22.89,12,AUTO.LOITER,0,0
2026-08-21T20:25:05,1787318706,13.822007,100.513394,,,-0.3,-1.8,-135.7,224.3,,,,22.89,12,AUTO.LOITER,0,0
2026-08-21T20:25:06,1787318707,13.822007,100.513394,,,-0.3,-1.8,-135.7,224.3,,,,22.89,12,AUTO.LOITER,0,0
2026-08-21T20:25:07,1787318708,13.822007,100.513394,,,-0.3,-1.8,-135.7,224.3,,,,22.89,12,AUTO.LOITER,0,0
2026-08-21T20:25:08,1787318709,13.822007,100.513394,,,-0.3,-1.8,-135.7,224.3,,,,22.89,12,AUTO.LOITER,0,0
2026-08-21T20:25:09,1787318710,13.822007,100.513394,,,-0.3,-1.7,-135.7,224.3,,,,22.89,12,AUTO.LOITER,0,0
2026-08-21T20:25:10,1787318711,13.822007,100.513394,,,-0.3,-1.7,-135.7,224.3,,,,22.89,12,AUTO.LOITER,0,0
2026-08-21T20:25:11,1787318712,13.822007,100.513394,,,-0.3,-1.7,-135.7,224.3,,,,22.89,12,AUTO.LOITER,0,0
2026-08-21T20:25:12,1787318713,13.822007,100.513394,,,-0.3,-1.7,-135.7,224.3,,,,22.89,12,AUTO.LOITER,0,0
2026-08-21T20:25:13,1787318714,13.822007,100.513394,,,-0.3,-1.7,-135.7,224.3,,,,22.89,12,AUTO.LOITER,0,0
2026-08-21T20:25:14,1787318715,13.822007,100.513394,,,-0.3,-1.7,-135.7,224.3,,,,22.89,12,AUTO.LOITER,0,0
2026-08-21T20:25:15,1787318716,13.822007,100.513394,,,-0.3,-1.7,-135.7,224.3,,,,22.89,12,AUTO.LOITER,0,0
2026-08-21T20:25:16,1787318717,13.822007,100.513394,,,-0.3,-1.7,-135.7,224.3,,,,22.89,12,AUTO.LOITER,0,0
2026-08-21T20:25:17,1787318718,13.822007,100.513394,,,-0.3,-1.7,-135.7,224.3,,,,22.89,12,AUTO.LOITER,0,0
2026-08-21T20:25:18,1787318719,13.822007,100.513394,,,-0.3,-1.7,-135.7,224.3,,,,22.89,12,AUTO.LOITER,0,0
2026-08-21T20:25:19,1787318720,13.822007,100.513394,,,-0.3,-1.7,-135.7,224.3,,,,22.89,12,AUTO.LOITER,0,0
2026-08-21T20:25:20,1787318721,13.822007,100.513394,,,-0.3,-1.7,-135.7,224.3,,,,22.89,12,AUTO.LOITER,0,0
2026-08-21T20:25:21,1787318722,13.822007,100.513394,,,-0.3,-1.7,-135.7,224.3,,,,22.89,12,AUTO.LOITER,0,0
2026-08-21T20:25:22,1787318723,13.82196,100.513071,,,-0.3,-1.7,-135.7,224.3,,,,22.89,12,AUTO.LOITER,0,0
2026-08-21T20:25:23,1787318724,13.82196,100.513071,,,-0.3,-1.7,-135.7,224.3,,,,22.89,12,AUTO.LOITER,0,0
2026-08-21T20:25:24,1787318725,13.82196,100.513071,,,-0.3,-1.7,-135.7,224.3,,,,22.89,12,AUTO.LOITER,0,0
2026-08-21T20:25:25,1787318726,13.82196,100.513071,,,-0.3,-1.7,-135.7,224.3,,,,22.89,12,AUTO.LOITER,0,0
2026-08-21T20:25:26,1787318727,13.82196,100.513071,,,-0.3,-1.7,-135.7,224.3,,,,22.89,12,AUTO.LOITER,0,0
2026-08-21T20:25:27,1787318728,13.82196,100.513071,,,-0.3,-1.7,-135.7,224.3,,,,22.89,12,AUTO.LOITER,0,0
2026-08-21T20:25:28,1787318729,13.82196,100.513071,,,-0.3,-1.7,-135.7,224.3,,,,22.89,12,AUTO.LOITER,0,0
2026-08-21T20:25:29,1787318730,13.82196,100.513071,,,-0.3,-1.7,-135.7,224.3,,,,22.89,12,AUTO.LOITER,0,0
2026-08-21T20:25:30,1787318731,13.82196,100.513071,,,-0.3,-1.7,-135.7,224.3,,,,22.89,12,AUTO.LOITER,0,0
2026-08-21T20:25:31,1787318732,13.82196,100.513071,,,-0.3,-1.7,-135.7,224.3,,,,22.89,12,AUTO.LOITER,0,0
2026-08-21T20:25:32,1787318733,13.821748,100.512644,,,-0.3,-1.7,-135.7,224.3,,,,22.89,12,AUTO.LOITER,0,0
2026-08-21T20:25:33,1787318734,13.821748,100.512644,,,-0.3,-1.7,-135.7,224.3,,,,22.89,12,AUTO.LOITER,0,0
2026-08-21T20:25:34,1787318735,13.821748,100.512644,,,-0.3,-1.8,-135.7,224.3,,,,22.89,12,AUTO.LOITER,0,0
2026-08-21T20:25:35,1787318736,13.821748,100.512644,,,-0.3,-1.8,-135.7,224.3,,,,22.89,12,AUTO.LOITER,0,0
2026-08-21T20:25:36,1787318737,13.821748,100.512644,,,-0.3,-1.8,-135.7,224.3,,,,22.89,12,AUTO.LOITER,0,0
2026-08-21T20:25:37,1787318738,13.821748,100.512644,,,-0.3,-1.8,-135.7,224.3,,,,22.89,12,AUTO.LOITER,0,0
2026-08-21T20:25:38,1787318739,13.821748,100.512644,,,-0.3,-1.8,-135.7,224.3,,,,22.89,12,AUTO.LOITER,0,0
2026-08-21T20:25:39,1787318740,13.821748,100.512644,,,-0.3,-1.8,-135.7,224.3,,,,22.89,12,AUTO.LOITER,0,0
2026-08-21T20:25:40,1787318741,13.821748,100.512644,,,-0.3,-1.8,-135.7,224.3,,,,22.89,12,AUTO.LOITER,0,0
2026-08-21T20:25:41,1787318742,13.821748,100.512644,,,-0.3,-1.8,-135.7,224.3,,,,22.89,12,AUTO.LOITER,0,0
2026-08-21T20:25:42,1787318743,13.821748,100.512644,,,-0.3,-1.8,-135.7,224.3,,,,22.89,12,AUTO.LOITER,0,0
2026-08-21T20:25:43,1787318744,13.821748,100.512644,,,-0.3,-1.8,-135.7,224.3,,,,22.89,12,AUTO.LOITER,0,0
2026-08-21T20:25:44,1787318745,13.821748,100.512644,,,-0.3,-1.8,-135.7,224.3,,,,22.89,12,AUTO.LOITER,0,0
2026-08-21T20:25:45,1787318746,13.821748,100.512644,,,-0.3,-1.8,-135.7,224.3,,,,22.89,12,AUTO.LOITER,0,0
2026-08-21T20:25:46,1787318747,13.821748,100.512644,,,-0.3,-1.8,-135.7,224.3,,,,22.89,12,AUTO.LOITER,0,0
2026-08-21T20:25:47,1787318748,13.821748,100.512644,,,-0.3,-1.8,-135.7,224.3,,,,22.89,12,AUTO.LOITER,0,0
2026-08-21T20:25:48,1787318749,13.821054,100.511674,,,-0.3,-1.8,-135.7,224.3,,,,22.89,12,AUTO.LOITER,0,0
2026-08-21T20:25:49,1787318750,13.821054,100.511674,,,-0.3,-1.8,-135.7,224.3,,,,22.89,12,AUTO.LOITER,0,0
2026-08-21T20:25:50,1787318751,13.821054,100.511674,,,-0.3,-1.8,-135.7,224.3,,,,22.89,12,AUTO.LOITER,0,0
2026-08-21T20:25:51,1787318752,13.821054,100.511674,,,-0.3,-1.8,-135.7,224.3,,,,22.89,12,AUTO.LOITER,0,0
2026-08-21T20:25:52,1787318753,13.821054,100.511674,,,-0.3,-1.8,-135.7,224.3,,,,22.88,12,AUTO.LOITER,0,0
2026-08-21T20:25:53,1787318754,13.821054,100.511674,,,-0.3,-1.8,-135.6,224.4,,,,22.88,12,AUTO.LOITER,0,0
2026-08-21T20:25:54,1787318755,13.821054,100.511674,,,-0.3,-1.8,-135.6,224.4,,,,22.88,12,AUTO.LOITER,0,0
2026-08-21T20:25:55,1787318756,13.821054,100.511674,,,-0.3,-1.8,-135.6,224.4,,,,22.88,12,AUTO.LOITER,0,0
2026-08-21T20:25:56,1787318757,13.821188,100.511671,,,-0.3,-1.8,-135.6,224.4,,,,22.88,12,AUTO.LOITER,0,0
2026-08-21T20:25:57,1787318758,13.821188,100.511671,,,-0.3,-1.8,-135.6,224.4,,,,22.88,12,AUTO.LOITER,0,0
2026-08-21T20:25:58,1787318759,13.821188,100.511671,,,-0.3,-1.8,-135.6,224.4,,,,22.88,12,AUTO.LOITER,0,0
2026-08-21T20:25:59,1787318760,13.821188,100.511671,,,-0.3,-1.8,-135.6,224.4,,,,22.88,12,AUTO.LOITER,0,0
2026-08-21T20:26:00,1787318761,13.821188,100.511671,,,-0.3,-1.8,-135.6,224.4,,,,22.88,12,AUTO.LOITER,0,0
2026-08-21T20:26:01,1787318762,13.821188,100.511671,,,-0.3,-1.8,-135.6,224.4,,,,22.88,12,AUTO.LOITER,0,0
2026-08-21T20:26:02,1787318763,13.821188,100.511671,,,-0.3,-1.8,-135.6,224.4,,,,22.88,12,AUTO.LOITER,0,0
2026-08-21T20:26:03,1787318764,13.821188,100.511671,,,-0.3,-1.8,-135.6,224.4,,,,22.88,12,AUTO.LOITER,0,0
2026-08-21T20:26:04,1787318765,13.821188,100.511671,,,-0.3,-1.8,-135.7,224.3,,,,22.88,12,AUTO.LOITER,0,0
2026-08-21T20:26:05,1787318766,13.821188,100.511671,,,-0.3,-1.8,-135.7,224.3,,,,22.88,12,AUTO.LOITER,0,0
2026-08-21T20:26:06,1787318767,13.821188,100.511671,,,-0.3,-1.8,-135.7,224.3,,,,22.88,12,AUTO.LOITER,0,0
2026-08-21T20:26:07,1787318768,13.821638,100.512458,,,-0.3,-1.8,-135.7,224.3,,,,22.88,12,AUTO.LOITER,0,0
2026-08-21T20:26:08,1787318769,13.821638,100.512458,,,-0.3,-1.8,-135.7,224.3,,,,22.88,12,AUTO.LOITER,0,0
2026-08-21T20:26:09,1787318770,13.821638,100.512458,,,-0.3,-1.8,-135.7,224.3,,,,22.88,12,AUTO.LOITER,0,0
2026-08-21T20:26:10,1787318771,13.821638,100.512458,,,-0.3,-1.8,-135.7,224.3,,,,22.88,12,AUTO.LOITER,0,0
2026-08-21T20:26:11,1787318772,13.821638,100.512458,,,-0.3,-1.8,-135.7,224.3,,,,22.88,12,AUTO.LOITER,0,0
2026-08-21T20:26:12,1787318773,13.821638,100.512458,,,-0.3,-1.8,-135.8,224.2,,,,22.88,12,AUTO.LOITER,0,0
2026-08-21T20:26:13,1787318774,13.821638,100.512458,,,-0.3,-1.8,-135.8,224.2,,,,22.88,12,AUTO.LOITER,0,0
2026-08-21T20:26:14,1787318775,13.821638,100.512458,,,-0.3,-1.8,-135.8,224.2,,,,22.88,12,AUTO.LOITER,0,0
2026-08-21T20:26:15,1787318776,13.821638,100.512458,,,-0.3,-1.8,-135.8,224.2,,,,22.88,12,AUTO.LOITER,0,0
2026-08-21T20:26:16,1787318777,13.821638,100.512458,,,-0.3,-1.8,-135.8,224.2,,,,22.88,12,AUTO.LOITER,0,0
2026-08-21T20:26:17,1787318778,13.821954,100.513737,,,-0.3,-1.8,-135.8,224.2,,,,22.88,12,AUTO.LOITER,0,0
2026-08-21T20:26:18,1787318779,13.821954,100.513737,,,-0.3,-1.8,-135.8,224.2,,,,22.88,12,AUTO.LOITER,0,0
2026-08-21T20:26:19,1787318780,13.821954,100.513737,,,-0.3,-1.8,-135.8,224.2,,,,22.88,12,AUTO.LOITER,0,0
2026-08-21T20:26:20,1787318781,13.821954,100.513737,,,-0.3,-1.8,-135.8,224.2,,,,22.88,12,AUTO.LOITER,0,0
2026-08-21T20:26:21,1787318782,13.821954,100.513737,,,-0.3,-1.8,-135.8,224.2,,,,22.88,12,AUTO.LOITER,0,0
2026-08-21T20:26:22,1787318783,13.821526,100.511524,,,-0.3,-1.8,-135.8,224.2,,,,22.88,12,AUTO.LOITER,0,0
2026-08-21T20:26:23,1787318784,13.821526,100.511524,,,-0.3,-1.8,-135.8,224.2,,,,22.88,12,AUTO.LOITER,0,0
2026-08-21T20:26:24,1787318785,13.821526,100.511524,,,-0.3,-1.8,-135.8,224.2,,,,22.88,12,AUTO.LOITER,0,0
2026-08-21T20:26:25,1787318786,13.821526,100.511524,,,-0.3,-1.8,-135.7,224.3,,,,22.88,12,AUTO.LOITER,0,0
2026-08-21T20:26:26,1787318787,13.821526,100.511524,,,-0.3,-1.8,-135.7,224.3,,,,22.88,12,AUTO.LOITER,0,0
2026-08-21T20:26:27,1787318788,13.821526,100.511524,,,-0.3,-1.8,-135.7,224.3,,,,22.88,12,AUTO.LOITER,0,0
2026-08-21T20:26:28,1787318789,13.821526,100.511524,,,-0.3,-1.8,-135.7,224.3,,,,22.88,12,AUTO.LOITER,0,0
2026-08-21T20:26:29,1787318790,13.821526,100.511524,,,-0.3,-1.8,-135.7,224.3,,,,22.88,12,AUTO.LOITER,0,0
2026-08-21T20:26:30,1787318791,13.821526,100.511524,,,-0.3,-1.8,-135.8,224.2,,,,22.88,12,AUTO.LOITER,0,0
2026-08-21T20:26:31,1787318792,13.821526,100.511524,,,-0.3,-1.8,-135.7,224.3,,,,22.88,12,AUTO.LOITER,0,0
2026-08-21T20:26:32,1787318793,13.821526,100.511524,,,-0.3,-1.8,-135.7,224.3,,,,22.88,12,AUTO.LOITER,0,0
2026-08-21T20:26:33,1787318794,13.821526,100.511524,,,-0.3,-1.8,-135.7,224.3,,,,22.88,12,AUTO.LOITER,0,0
2026-08-21T20:26:34,1787318795,13.821526,100.511524,,,-0.3,-1.8,-135.7,224.3,,,,22.88,12,AUTO.LOITER,0,0
2026-08-21T20:26:35,1787318796,13.821526,100.511524,,,-0.3,-1.8,-135.7,224.3,,,,22.88,12,AUTO.LOITER,0,0
2026-08-21T20:26:36,1787318797,13.821526,100.511524,,,-0.3,-1.8,-135.7,224.3,,,,22.88,12,AUTO.LOITER,0,0
2026-08-21T20:26:37,1787318798,13.821526,100.511524,,,-0.3,-1.8,-135.7,224.3,,,,22.88,12,AUTO.LOITER,0,0
2026-08-21T20:26:38,1787318799,13.821526,100.511524,,,-0.3,-1.8,-135.7,224.3,,,,22.88,12,AUTO.LOITER,0,0
2026-08-21T20:26:39,1787318800,13.821526,100.511524,,,-0.3,-1.8,-135.7,224.3,,,,22.88,12,AUTO.LOITER,0,0
2026-08-21T20:26:40,1787318801,13.821526,100.511524,,,-0.3,-1.8,-135.7,224.3,,,,22.88,12,AUTO.LOITER,0,0
2026-08-21T20:26:41,1787318802,13.821526,100.511524,,,-0.3,-1.8,-135.7,224.3,,,,22.88,12,AUTO.LOITER,0,0
2026-08-21T20:26:42,1787318803,13.821526,100.511524,,,-0.3,-1.8,-135.7,224.3,,,,22.88,12,AUTO.LOITER,0,0
2026-08-21T20:26:43,1787318804,13.821846,100.512841,,,-0.3,-1.8,-135.7,224.3,,,,22.88,12,AUTO.LOITER,0,0
2026-08-21T20:26:44,1787318805,13.821846,100.512841,,,-0.3,-1.8,-135.7,224.3,,,,22.88,12,AUTO.LOITER,0,0
2026-08-21T20:26:45,1787318806,13.821846,100.512841,,,-0.3,-1.8,-135.7,224.3,,,,22.88,12,AUTO.LOITER,0,0
2026-08-21T20:26:46,1787318807,13.821846,100.512841,,,-0.3,-1.8,-135.7,224.3,,,,22.88,12,AUTO.LOITER,0,0
2026-08-21T20:26:47,1787318808,13.821846,100.512841,,,-0.3,-1.8,-135.7,224.3,,,,22.88,12,AUTO.LOITER,0,0
2026-08-21T20:26:48,1787318809,13.821846,100.512841,,,-0.3,-1.8,-135.7,224.3,,,,22.88,12,AUTO.LOITER,0,0
2026-08-21T20:26:49,1787318810,13.821846,100.512841,,,-0.3,-1.8,-135.7,224.3,,,,22.88,12,AUTO.LOITER,0,0
2026-08-21T20:26:50,1787318811,13.821846,100.512841,,,-0.3,-1.8,-135.7,224.3,,,,22.88,12,AUTO.LOITER,0,0
2026-08-21T20:26:51,1787318812,13.821846,100.512841,,,-0.3,-1.8,-135.7,224.3,,,,22.88,12,AUTO.LOITER,0,0
2026-08-21T20:26:52,1787318813,13.821886,100.513056,,,-0.3,-1.8,-135.7,224.3,,,,22.88,12,AUTO.LOITER,0,0
2026-08-21T20:26:53,1787318814,13.821886,100.513056,,,-0.3,-1.8,-135.7,224.3,,,,22.88,12,AUTO.LOITER,0,0
2026-08-21T20:26:54,1787318815,13.821886,100.513056,,,-0.3,-1.8,-135.7,224.3,,,,22.88,12,AUTO.LOITER,0,0
2026-08-21T20:26:55,1787318816,13.821886,100.513056,,,-0.3,-1.8,-135.7,224.3,,,,22.88,12,AUTO.LOITER,0,0
2026-08-21T20:26:56,1787318817,13.821886,100.513056,,,-0.3,-1.8,-135.7,224.3,,,,22.88,12,AUTO.LOITER,0,0
2026-08-21T20:26:57,1787318818,13.821886,100.513056,,,-0.3,-1.8,-135.7,224.3,,,,22.88,12,AUTO.LOITER,0,0
2026-08-21T20:26:58,1787318819,13.821916,100.513079,,,-0.3,-1.8,-135.7,224.3,,,,22.88,12,AUTO.LOITER,0,0
2026-08-21T20:26:59,1787318820,13.821916,100.513079,,,-0.3,-1.8,-135.7,224.3,,,,22.88,12,AUTO.LOITER,0,0
2026-08-21T20:27:00,1787318821,13.821916,100.513079,,,-0.3,-1.8,-135.7,224.3,,,,22.88,12,AUTO.LOITER,0,0
2026-08-21T20:27:01,1787318822,13.821916,100.513079,,,-0.3,-1.8,-135.7,224.3,,,,22.88,12,AUTO.LOITER,0,0
2026-08-21T20:27:02,1787318823,13.821926,100.513123,,,-0.3,-1.8,-135.7,224.3,,,,22.88,12,AUTO.LOITER,0,0
2026-08-21T20:27:03,1787318824,13.821926,100.513123,,,-0.3,-1.8,-135.7,224.3,,,,22.88,12,AUTO.LOITER,0,0
2026-08-21T20:27:04,1787318825,13.821926,100.513123,,,-0.3,-1.8,-135.7,224.3,,,,22.88,12,AUTO.LOITER,0,0
2026-08-21T20:27:05,1787318826,13.821926,100.513123,,,-0.3,-1.8,-135.7,224.3,,,,22.88,12,AUTO.LOITER,0,0
2026-08-21T20:27:06,1787318827,13.821926,100.513123,,,-0.3,-1.8,-135.7,224.3,,,,22.88,12,AUTO.LOITER,0,0
2026-08-21T20:27:07,1787318828,13.821926,100.513123,,,-0.3,-1.8,-135.7,224.3,,,,22.88,12,AUTO.LOITER,0,0
2026-08-21T20:27:08,1787318829,13.821926,100.513123,,,-0.3,-1.8,-135.7,224.3,,,,22.88,12,AUTO.LOITER,0,0
2026-08-21T20:27:09,1787318830,13.821926,100.513123,,,-0.3,-1.8,-135.7,224.3,,,,22.88,12,AUTO.LOITER,0,0
2026-08-21T20:27:10,1787318831,13.821926,100.513123,,,-0.3,-1.8,-135.7,224.3,,,,22.88,12,AUTO.LOITER,0,0
2026-08-21T20:27:11,1787318832,13.821926,100.513123,,,-0.3,-1.8,-135.7,224.3,,,,22.88,12,AUTO.LOITER,0,0
2026-08-21T20:27:12,1787318833,13.821948,100.513255,,,-0.3,-1.8,-135.7,224.3,,,,22.88,12,AUTO.LOITER,0,0
2026-08-21T20:27:13,1787318834,13.821948,100.513255,,,-0.3,-1.8,-135.7,224.3,,,,22.88,12,AUTO.LOITER,0,0
2026-08-21T20:27:14,1787318835,13.821948,100.513255,,,-0.3,-1.8,-135.7,224.3,,,,22.88,12,AUTO.LOITER,0,0
2026-08-21T20:27:15,1787318836,13.821948,100.513255,,,-0.3,-1.8,-135.7,224.3,,,,22.88,12,AUTO.LOITER,0,0
2026-08-21T20:27:16,1787318837,13.821927,100.513335,,,-0.3,-1.8,-135.7,224.3,,,,22.88,12,AUTO.LOITER,0,0
2026-08-21T20:27:17,1787318838,13.821927,100.513335,,,-0.3,-1.8,-135.7,224.3,,,,22.88,12,AUTO.LOITER,0,0
2026-08-21T20:27:18,1787318839,13.821927,100.513335,,,-0.3,-1.8,-135.7,224.3,,,,22.88,12,AUTO.LOITER,0,0
2026-08-21T20:27:19,1787318840,13.821927,100.513335,,,-0.3,-1.8,-135.7,224.3,,,,22.88,12,AUTO.LOITER,0,0
2026-08-21T20:27:20,1787318841,13.821927,100.513335,,,-0.3,-1.8,-135.7,224.3,,,,22.88,12,AUTO.LOITER,0,0
2026-08-21T20:27:21,1787318842,13.821927,100.513335,,,-0.3,-1.8,-135.7,224.3,,,,22.88,12,AUTO.LOITER,0,0
2026-08-21T20:27:22,1787318843,13.821927,100.513335,,,-0.3,-1.8,-135.7,224.3,,,,22.88,12,AUTO.LOITER,0,0
2026-08-21T20:27:23,1787318844,13.821927,100.513335,,,-0.3,-1.8,-135.7,224.3,,,,22.88,12,AUTO.LOITER,0,0
2026-08-21T20:27:24,1787318845,13.821927,100.513335,,,-0.3,-1.8,-135.7,224.3,,,,22.88,12,AUTO.LOITER,0,0
2026-08-21T20:27:25,1787318846,13.821927,100.513335,,,-0.3,-1.8,-135.7,224.3,,,,22.88,12,AUTO.LOITER,0,0
2026-08-21T20:27:26,1787318847,13.821927,100.513335,,,-0.3,-1.8,-135.7,224.3,,,,22.88,12,AUTO.LOITER,0,0
2026-08-21T20:27:27,1787318848,13.821927,100.513335,,,-0.3,-1.8,-135.7,224.3,,,,22.88,12,AUTO.LOITER,0,0
2026-08-21T20:27:28,1787318849,13.821927,100.513335,,,-0.3,-1.8,-135.7,224.3,,,,22.88,12,AUTO.LOITER,0,0
2026-08-21T20:27:29,1787318850,13.821927,100.513335,,,-0.3,-1.8,-135.7,224.3,,,,22.88,12,AUTO.LOITER,0,0
2026-08-21T20:27:30,1787318851,13.821927,100.513335,,,-0.3,-1.8,-135.7,224.3,,,,22.88,12,AUTO.LOITER,0,0
2026-08-21T20:27:31,1787318852,13.821927,100.513335,,,-0.3,-1.8,-135.7,224.3,,,,22.88,12,AUTO.LOITER,0,0
2026-08-21T20:27:32,1787318853,13.821927,100.513335,,,-0.3,-1.8,-135.7,224.3,,,,22.88,12,AUTO.LOITER,0,0
2026-08-21T20:27:33,1787318854,13.821927,100.513335,,,-0.3,-1.8,-135.7,224.3,,,,22.88,12,AUTO.LOITER,0,0
2026-08-21T20:27:34,1787318855,13.821927,100.513335,,,-0.3,-1.8,-135.7,224.3,,,,22.88,12,AUTO.LOITER,0,0
2026-08-21T20:27:35,1787318856,13.821927,100.513335,,,-0.3,-1.8,-135.7,224.3,,,,22.88,12,AUTO.LOITER,0,0
2026-08-21T20:27:36,1787318857,13.821927,100.513335,,,-0.3,-1.8,-135.7,224.3,,,,22.88,12,AUTO.LOITER,0,0
2026-08-21T20:27:37,1787318858,13.821927,100.513335,,,-0.3,-1.8,-135.7,224.3,,,,22.88,12,AUTO.LOITER,0,0
2026-08-21T20:27:38,1787318859,13.821927,100.513335,,,-0.3,-1.8,-135.7,224.3,,,,22.88,12,AUTO.LOITER,0,0
2026-08-21T20:27:39,1787318860,13.821927,100.513335,,,-0.3,-1.8,-135.8,224.2,,,,22.88,12,AUTO.LOITER,0,0
2026-08-21T20:27:40,1787318861,13.821927,100.513335,,,-0.3,-1.8,-135.8,224.2,,,,22.88,12,AUTO.LOITER,0,0
2026-08-21T20:27:41,1787318862,13.821955,100.513236,,,-0.3,-1.8,-135.8,224.2,,,,22.88,12,AUTO.LOITER,0,0
2026-08-21T20:27:42,1787318863,13.821955,100.513236,,,-0.3,-1.8,-135.8,224.2,,,,22.88,12,AUTO.LOITER,0,0
2026-08-21T20:27:43,1787318864,13.821955,100.513236,,,-0.3,-1.8,-135.8,224.2,,,,22.88,12,AUTO.LOITER,0,0
2026-08-21T20:27:44,1787318865,13.821955,100.513236,,,-0.3,-1.8,-135.8,224.2,,,,22.88,12,AUTO.LOITER,0,0
2026-08-21T20:27:45,1787318866,13.821955,100.513236,,,-0.3,-1.8,-135.8,224.2,,,,22.88,12,AUTO.LOITER,0,0
2026-08-21T20:27:46,1787318867,13.821955,100.513236,,,-0.3,-1.7,-135.8,224.2,,,,22.88,12,AUTO.LOITER,0,0
2026-08-21T20:27:47,1787318868,13.821955,100.513236,,,-0.3,-1.7,-135.8,224.2,,,,22.88,12,AUTO.LOITER,0,0
2026-08-21T20:27:48,1787318869,13.821997,100.513225,,,-0.3,-1.7,-135.8,224.2,,,,22.88,12,AUTO.LOITER,0,0
2026-08-21T20:27:49,1787318870,13.821997,100.513225,,,-0.3,-1.7,-135.8,224.2,,,,22.88,12,AUTO.LOITER,0,0
2026-08-21T20:27:50,1787318871,13.821997,100.513225,,,-0.3,-1.7,-135.8,224.2,,,,22.88,12,AUTO.LOITER,0,0
2026-08-21T20:27:51,1787318872,13.821997,100.513225,,,-0.3,-1.7,-135.8,224.2,,,,22.88,12,AUTO.LOITER,0,0
2026-08-21T20:27:52,1787318873,13.821997,100.513225,,,-0.3,-1.7,-135.8,224.2,,,,22.88,12,AUTO.LOITER,0,0
2026-08-21T20:27:53,1787318874,13.821997,100.513225,,,-0.3,-1.7,-135.8,224.2,,,,22.88,12,AUTO.LOITER,0,0
2026-08-21T20:27:54,1787318875,13.821997,100.513225,,,-0.3,-1.8,-135.8,224.2,,,,22.88,12,AUTO.LOITER,0,0
2026-08-21T20:27:55,1787318876,13.821997,100.513225,,,-0.3,-1.8,-135.8,224.2,,,,22.88,12,AUTO.LOITER,0,0
2026-08-21T20:27:56,1787318877,13.821997,100.513225,,,-0.3,-1.8,-135.8,224.2,,,,22.88,12,AUTO.LOITER,0,0
2026-08-21T20:27:57,1787318878,13.821997,100.513225,,,-0.3,-1.8,-135.8,224.2,,,,22.88,12,AUTO.LOITER,0,0
2026-08-21T20:27:58,1787318879,13.821997,100.513225,,,-0.3,-1.8,-135.8,224.2,,,,22.88,12,AUTO.LOITER,0,0
2026-08-21T20:27:59,1787318880,13.821997,100.513225,,,-0.3,-1.8,-135.8,224.2,,,,22.88,12,AUTO.LOITER,0,0
2026-08-21T20:28:00,1787318881,13.821997,100.513225,,,-0.3,-1.8,-135.8,224.2,,,,22.88,12,AUTO.LOITER,0,0
2026-08-21T20:28:01,1787318882,13.821952,100.513401,,,-0.3,-1.8,-135.8,224.2,,,,22.88,12,AUTO.LOITER,0,0
2026-08-21T20:28:02,1787318883,13.821952,100.513401,,,-0.3,-1.8,-135.8,224.2,,,,22.88,12,AUTO.LOITER,0,0
2026-08-21T20:28:03,1787318884,13.821952,100.513401,,,-0.3,-1.8,-135.8,224.2,,,,22.88,12,AUTO.LOITER,0,0
2026-08-21T20:28:04,1787318885,13.821952,100.513401,,,-0.3,-1.8,-135.7,224.3,,,,22.88,12,AUTO.LOITER,0,0
2026-08-21T20:28:05,1787318886,13.821952,100.513401,,,-0.3,-1.8,-135.7,224.3,,,,22.88,12,AUTO.LOITER,0,0
2026-08-21T20:28:06,1787318887,13.821935,100.513432,,,-0.3,-1.8,-135.7,224.3,,,,22.88,12,AUTO.LOITER,0,0
2026-08-21T20:28:07,1787318888,13.821935,100.513432,,,-0.3,-1.8,-135.7,224.3,,,,22.88,12,AUTO.LOITER,0,0
2026-08-21T20:28:08,1787318889,13.821935,100.513432,,,-0.3,-1.8,-135.7,224.3,,,,22.88,12,AUTO.LOITER,0,0
2026-08-21T20:28:09,1787318890,13.821935,100.513432,,,-0.3,-1.8,-135.7,224.3,,,,22.88,12,AUTO.LOITER,0,0
2026-08-21T20:28:10,1787318891,13.821935,100.513432,,,-0.3,-1.8,-135.7,224.3,,,,22.88,12,AUTO.LOITER,0,0
2026-08-21T20:28:11,1787318892,13.821932,100.513417,,,-0.3,-1.8,-135.7,224.3,,,,22.88,12,AUTO.LOITER,0,0
2026-08-21T20:28:12,1787318893,13.821932,100.513417,,,-0.3,-1.8,-135.7,224.3,,,,22.88,12,AUTO.LOITER,0,0
2026-08-21T20:28:13,1787318894,13.821932,100.513417,,,-0.3,-1.8,-135.7,224.3,,,,22.88,12,AUTO.LOITER,0,0
2026-08-21T20:28:14,1787318895,13.821932,100.513417,,,-0.3,-1.8,-135.7,224.3,,,,22.88,12,AUTO.LOITER,0,0
2026-08-21T20:28:15,1787318896,13.821932,100.513417,,,-0.3,-1.8,-135.7,224.3,,,,22.88,12,AUTO.LOITER,0,0
2026-08-21T20:28:16,1787318897,13.821932,100.513417,,,-0.3,-1.8,-135.7,224.3,,,,22.88,12,AUTO.LOITER,0,0
2026-08-21T20:28:17,1787318898,13.821932,100.513417,,,-0.3,-1.8,-135.7,224.3,,,,22.88,12,AUTO.LOITER,0,0
2026-08-21T20:28:18,1787318899,13.821932,100.513417,,,-0.3,-1.8,-135.7,224.3,,,,22.88,12,AUTO.LOITER,0,0
2026-08-21T20:28:19,1787318900,13.821959,100.513391,,,-0.3,-1.8,-135.7,224.3,,,,22.88,12,AUTO.LOITER,0,0
2026-08-21T20:28:20,1787318901,13.821959,100.513391,,,-0.3,-1.8,-135.7,224.3,,,,22.88,12,AUTO.LOITER,0,0
2026-08-21T20:28:21,1787318902,13.821959,100.513391,,,-0.3,-1.8,-135.7,224.3,,,,22.88,12,AUTO.LOITER,0,0
2026-08-21T20:28:22,1787318903,13.821959,100.513391,,,-0.3,-1.8,-135.7,224.3,,,,22.88,12,AUTO.LOITER,0,0
2026-08-21T20:28:23,1787318904,13.821959,100.513391,,,-0.3,-1.8,-135.7,224.3,,,,22.88,12,AUTO.LOITER,0,0
2026-08-21T20:28:24,1787318905,13.821959,100.513391,,,-0.3,-1.8,-135.7,224.3,,,,22.88,12,AUTO.LOITER,0,0
2026-08-21T20:28:25,1787318906,13.821959,100.513391,,,-0.3,-1.8,-135.7,224.3,,,,22.88,12,AUTO.LOITER,0,0
2026-08-21T20:28:26,1787318907,13.821959,100.513391,,,-0.3,-1.8,-135.7,224.3,,,,22.88,12,AUTO.LOITER,0,0
2026-08-21T20:28:27,1787318908,13.821959,100.513391,,,-0.3,-1.8,-135.7,224.3,,,,22.88,12,AUTO.LOITER,0,0
2026-08-21T20:28:28,1787318909,13.821959,100.513391,,,-0.3,-1.8,-135.7,224.3,,,,22.88,12,AUTO.LOITER,0,0
2026-08-21T20:28:29,1787318910,13.821959,100.513391,,,-0.3,-1.8,-135.7,224.3,,,,22.88,12,AUTO.LOITER,0,0
2026-08-21T20:28:30,1787318911,13.821959,100.513391,,,-0.3,-1.8,-135.7,224.3,,,,22.88,12,AUTO.LOITER,0,0
2026-08-21T20:28:31,1787318912,13.821959,100.513391,,,-0.3,-1.8,-135.7,224.3,,,,22.88,12,AUTO.LOITER,0,0
2026-08-21T20:28:32,1787318913,13.821959,100.513391,,,-0.3,-1.8,-135.7,224.3,,,,22.88,12,AUTO.LOITER,0,0
2026-08-21T20:28:33,1787318914,13.821953,100.513348,,,-0.3,-1.8,-135.7,224.3,,,,22.88,12,AUTO.LOITER,0,0
2026-08-21T20:28:34,1787318915,13.821953,100.513348,,,-0.3,-1.8,-135.7,224.3,,,,22.88,12,AUTO.LOITER,0,0
2026-08-21T20:28:35,1787318916,13.821953,100.513348,,,-0.3,-1.8,-135.7,224.3,,,,22.88,12,AUTO.LOITER,0,0
2026-08-21T20:28:36,1787318917,13.821953,100.513348,,,-0.3,-1.8,-135.7,224.3,,,,22.88,12,AUTO.LOITER,0,0
2026-08-21T20:28:37,1787318918,13.821953,100.513348,,,-0.3,-1.8,-135.7,224.3,,,,22.88,12,AUTO.LOITER,0,0
2026-08-21T20:28:39,1787318919,13.821953,100.513348,,,-0.3,-1.8,-135.7,224.3,,,,22.88,12,AUTO.LOITER,0,0
2026-08-21T20:28:40,1787318920,13.821953,100.513348,,,-0.3,-1.8,-135.7,224.3,,,,22.88,12,AUTO.LOITER,0,0
2026-08-21T20:28:41,1787318921,13.821953,100.513348,,,-0.3,-1.8,-135.7,224.3,,,,22.88,12,AUTO.LOITER,0,0
2026-08-21T20:28:42,1787318922,13.821953,100.513348,,,-0.3,-1.8,-135.7,224.3,,,,22.88,12,AUTO.LOITER,0,0
2026-08-21T20:28:43,1787318923,13.821958,100.513354,,,-0.3,-1.8,-135.7,224.3,,,,22.88,12,AUTO.LOITER,0,0
2026-08-21T20:28:44,1787318924,13.821958,100.513354,,,-0.3,-1.8,-135.7,224.3,,,,22.88,12,AUTO.LOITER,0,0
2026-08-21T20:28:45,1787318925,13.821958,100.513354,,,-0.3,-1.8,-135.7,224.3,,,,22.88,12,AUTO.LOITER,0,0
2026-08-21T20:28:46,1787318926,13.821958,100.513354,,,-0.3,-1.8,-135.7,224.3,,,,22.88,12,AUTO.LOITER,0,0
2026-08-21T20:28:47,1787318927,13.821958,100.513354,,,-0.3,-1.8,-135.7,224.3,,,,22.88,12,AUTO.LOITER,0,0
2026-08-21T20:28:48,1787318928,13.821958,100.513354,,,-0.3,-1.8,-135.7,224.3,,,,22.88,12,AUTO.LOITER,0,0
2026-08-21T20:28:51,1787318931,13.821958,100.513354,,,-0.3,-1.8,-135.7,224.3,,,,22.88,12,AUTO.LOITER,0,0
2026-08-21T20:28:52,1787318932,13.821958,100.513354,,,-0.3,-1.8,-135.7,224.3,,,,22.88,12,AUTO.LOITER,0,0
2026-08-21T20:28:53,1787318933,13.821958,100.513354,,,-0.3,-1.8,-135.7,224.3,,,,22.88,12,AUTO.LOITER,0,0
2026-08-21T20:28:54,1787318934,13.821958,100.513354,,,-0.3,-1.7,-135.7,224.3,,,,22.88,12,AUTO.LOITER,0,0
2026-08-21T20:28:55,1787318935,13.821958,100.513354,,,-0.3,-1.7,-135.7,224.3,,,,22.88,12,AUTO.LOITER,0,0
2026-08-21T20:28:56,1787318936,13.821958,100.513354,,,-0.3,-1.7,-135.7,224.3,,,,22.88,12,AUTO.LOITER,0,0
2026-08-21T20:28:57,1787318937,13.821958,100.513354,,,-0.3,-1.7,-135.7,224.3,,,,22.88,12,AUTO.LOITER,0,0
2026-08-21T20:28:58,1787318938,13.821958,100.513354,,,-0.3,-1.7,-135.7,224.3,,,,22.87,12,AUTO.LOITER,0,0
2026-08-21T20:28:59,1787318939,13.821958,100.513354,,,-0.3,-1.7,-135.7,224.3,,,,22.87,12,AUTO.LOITER,0,0
2026-08-21T20:29:00,1787318940,13.821958,100.513354,,,-0.3,-1.7,-135.7,224.3,,,,22.87,12,AUTO.LOITER,0,0
2026-08-21T20:29:01,1787318941,13.821958,100.513354,,,-0.3,-1.7,-135.7,224.3,,,,22.87,12,AUTO.LOITER,0,0
2026-08-21T20:29:02,1787318942,13.821958,100.513354,,,-0.3,-1.8,-135.7,224.3,,,,22.87,12,AUTO.LOITER,0,0
2026-08-21T20:29:03,1787318943,13.821953,100.513363,,,-0.3,-1.8,-135.7,224.3,,,,22.87,12,AUTO.LOITER,0,0
2026-08-21T20:29:04,1787318944,13.821953,100.513363,,,-0.3,-1.8,-135.7,224.3,,,,22.87,12,AUTO.LOITER,0,0
2026-08-21T20:29:05,1787318945,13.821953,100.513363,,,-0.3,-1.8,-135.7,224.3,,,,22.87,12,AUTO.LOITER,0,0
2026-08-21T20:29:06,1787318946,13.821953,100.513363,,,-0.3,-1.8,-135.7,224.3,,,,22.87,12,AUTO.LOITER,0,0
2026-08-21T20:29:07,1787318947,13.821953,100.513363,,,-0.3,-1.8,-135.7,224.3,,,,22.87,12,AUTO.LOITER,0,0
2026-08-21T20:29:08,1787318948,13.821953,100.513363,,,-0.3,-1.8,-135.7,224.3,,,,22.87,12,AUTO.LOITER,0,0
2026-08-21T20:29:09,1787318949,13.821953,100.513363,,,-0.3,-1.8,-135.7,224.3,,,,22.87,12,AUTO.LOITER,0,0
2026-08-21T20:29:10,1787318950,13.821981,100.51331,,,-0.3,-1.8,-135.7,224.3,,,,22.87,12,AUTO.LOITER,0,0
2026-08-21T20:29:11,1787318951,13.821981,100.51331,,,-0.3,-1.8,-135.7,224.3,,,,22.87,12,AUTO.LOITER,0,0
2026-08-21T20:29:12,1787318952,13.821981,100.51331,,,-0.3,-1.8,-135.7,224.3,,,,22.87,12,AUTO.LOITER,0,0
2026-08-21T20:29:13,1787318953,13.821981,100.51331,,,-0.3,-1.8,-135.7,224.3,,,,22.87,11,AUTO.LOITER,0,0
2026-08-21T20:29:14,1787318954,13.821981,100.51331,,,-0.3,-1.8,-135.7,224.3,,,,22.87,11,AUTO.LOITER,0,0
2026-08-21T20:29:15,1787318955,13.821981,100.51331,,,-0.3,-1.8,-135.7,224.3,,,,22.87,11,AUTO.LOITER,0,0
2026-08-21T20:29:19,1787318959,13.821981,100.51331,,,-0.3,-1.8,-135.7,224.3,,,,22.87,11,AUTO.LOITER,0,0
2026-08-21T20:29:20,1787318960,13.821981,100.51331,,,-0.3,-1.8,-135.7,224.3,,,,22.87,11,AUTO.LOITER,0,0
2026-08-21T20:29:21,1787318961,13.821981,100.51331,,,-0.3,-1.8,-135.7,224.3,,,,22.87,11,AUTO.LOITER,0,0
2026-08-21T20:29:22,1787318962,13.821981,100.51331,,,-0.3,-1.8,-135.7,224.3,,,,22.87,11,AUTO.LOITER,0,0
2026-08-21T20:29:23,1787318963,13.822028,100.513236,,,-0.3,-1.8,-135.7,224.3,,,,22.87,11,AUTO.LOITER,0,0
2026-08-21T20:29:24,1787318964,13.822028,100.513236,,,-0.3,-1.8,-135.7,224.3,,,,22.87,12,AUTO.LOITER,0,0
2026-08-21T20:29:25,1787318965,13.822028,100.513236,,,-0.3,-1.8,-135.7,224.3,,,,22.87,12,AUTO.LOITER,0,0
2026-08-21T20:29:26,1787318966,13.822028,100.513236,,,-0.3,-1.8,-135.7,224.3,,,,22.87,12,AUTO.LOITER,0,0
2026-08-21T20:29:27,1787318967,13.822028,100.513236,,,-0.3,-1.8,-135.7,224.3,,,,22.87,12,AUTO.LOITER,0,0
2026-08-21T20:29:28,1787318968,13.822045,100.513216,,,-0.3,-1.8,-135.7,224.3,,,,22.87,12,AUTO.LOITER,0,0
2026-08-21T20:29:29,1787318969,13.822045,100.513216,,,-0.3,-1.8,-135.7,224.3,,,,22.87,12,AUTO.LOITER,0,0
2026-08-21T20:29:30,1787318970,13.822045,100.513216,,,-0.3,-1.8,-135.7,224.3,,,,22.87,12,AUTO.LOITER,0,0
2026-08-21T20:29:31,1787318971,13.822045,100.513216,,,-0.3,-1.8,-135.7,224.3,,,,22.87,12,AUTO.LOITER,0,0
2026-08-21T20:29:32,1787318972,13.822035,100.513224,,,-0.3,-1.8,-135.7,224.3,,,,22.87,12,AUTO.LOITER,0,0
2026-08-21T20:29:33,1787318973,13.822035,100.513224,,,-0.3,-1.8,-135.7,224.3,,,,22.87,12,AUTO.LOITER,0,0
2026-08-21T20:29:34,1787318974,13.822035,100.513224,,,-0.3,-1.8,-135.7,224.3,,,,22.87,12,AUTO.LOITER,0,0
2026-08-21T20:29:35,1787318975,13.822035,100.513224,,,-0.3,-1.8,-135.7,224.3,,,,22.87,12,AUTO.LOITER,0,0
2026-08-21T20:29:36,1787318976,13.822035,100.513224,,,-0.3,-1.8,-135.7,224.3,,,,22.87,12,AUTO.LOITER,0,0
2026-08-21T20:29:37,1787318977,13.822035,100.513224,,,-0.3,-1.8,-135.7,224.3,,,,22.87,12,AUTO.LOITER,0,0
2026-08-21T20:29:38,1787318978,13.822035,100.513224,,,-0.3,-1.8,-135.7,224.3,,,,22.87,12,AUTO.LOITER,0,0
2026-08-21T20:29:39,1787318979,13.822035,100.513224,,,-0.3,-1.7,-135.7,224.3,,,,22.87,12,AUTO.LOITER,0,0
2026-08-21T20:29:40,1787318980,13.822035,100.513224,,,-0.3,-1.7,-135.7,224.3,,,,22.87,12,AUTO.LOITER,0,0
2026-08-21T20:29:41,1787318981,13.822046,100.513221,,,-0.3,-1.7,-135.7,224.3,,,,22.87,12,AUTO.LOITER,0,0
2026-08-21T20:29:42,1787318982,13.822046,100.513221,,,-0.3,-1.7,-135.7,224.3,,,,22.87,12,AUTO.LOITER,0,0
2026-08-21T20:29:43,1787318983,13.822046,100.513221,,,-0.3,-1.7,-135.7,224.3,,,,22.87,12,AUTO.LOITER,0,0
2026-08-21T20:29:44,1787318984,13.822046,100.513221,,,-0.3,-1.7,-135.7,224.3,,,,22.87,12,AUTO.LOITER,0,0
2026-08-21T20:29:45,1787318985,13.822046,100.513221,,,-0.3,-1.7,-135.7,224.3,,,,22.87,12,AUTO.LOITER,0,0
2026-08-21T20:29:46,1787318986,13.822046,100.513221,,,-0.3,-1.7,-135.7,224.3,,,,22.87,12,AUTO.LOITER,0,0
2026-08-21T20:29:47,1787318987,13.822046,100.513221,,,-0.3,-1.7,-135.7,224.3,,,,22.87,12,AUTO.LOITER,0,0
2026-08-21T20:29:48,1787318988,13.822046,100.513221,,,-0.3,-1.7,-135.7,224.3,,,,22.87,12,AUTO.LOITER,0,0
2026-08-21T20:29:49,1787318989,13.822046,100.513221,,,-0.3,-1.7,-135.7,224.3,,,,22.87,12,AUTO.LOITER,0,0
2026-08-21T20:29:50,1787318990,13.822046,100.513236,,,-0.3,-1.7,-135.7,224.3,,,,22.87,12,AUTO.LOITER,0,0
2026-08-21T20:29:51,1787318991,13.822046,100.513236,,,-0.3,-1.7,-135.7,224.3,,,,22.87,12,AUTO.LOITER,0,0
2026-08-21T20:29:52,1787318992,13.822046,100.513236,,,-0.3,-1.8,-135.7,224.3,,,,22.87,12,AUTO.LOITER,0,0
2026-08-21T20:29:53,1787318993,13.822046,100.513236,,,-0.3,-1.8,-135.7,224.3,,,,22.87,12,AUTO.LOITER,0,0
2026-08-21T20:29:54,1787318994,13.822046,100.513236,,,-0.3,-1.8,-135.7,224.3,,,,22.87,12,AUTO.LOITER,0,0
2026-08-21T20:29:55,1787318995,13.822046,100.513236,,,-0.3,-1.8,-135.7,224.3,,,,22.87,12,AUTO.LOITER,0,0
2026-08-21T20:29:56,1787318996,13.822046,100.513236,,,-0.3,-1.8,-135.7,224.3,,,,22.87,12,AUTO.LOITER,0,0
2026-08-21T20:29:57,1787318997,13.822046,100.513236,,,-0.3,-1.8,-135.7,224.3,,,,22.87,12,AUTO.LOITER,0,0
2026-08-21T20:29:58,1787318998,13.822046,100.513236,,,-0.3,-1.8,-135.7,224.3,,,,22.87,12,AUTO.LOITER,0,0
2026-08-21T20:29:59,1787318999,13.822046,100.513236,,,-0.3,-1.8,-135.7,224.3,,,,22.87,11,AUTO.LOITER,0,0
2026-08-21T20:30:00,1787319000,13.822046,100.513236,,,-0.3,-1.8,-135.7,224.3,,,,22.87,11,AUTO.LOITER,0,0
2026-08-21T20:30:01,1787319001,13.822046,100.513236,,,-0.3,-1.8,-135.7,224.3,,,,22.87,11,AUTO.LOITER,0,0
2026-08-21T20:30:02,1787319002,13.822046,100.513236,,,-0.3,-1.8,-135.7,224.3,,,,22.87,11,AUTO.LOITER,0,0
2026-08-21T20:30:03,1787319003,13.822046,100.513236,,,-0.3,-1.8,-135.7,224.3,,,,22.87,11,AUTO.LOITER,0,0
2026-08-21T20:30:04,1787319004,13.822046,100.513236,,,-0.3,-1.8,-135.7,224.3,,,,22.87,11,AUTO.LOITER,0,0
2026-08-21T20:30:05,1787319005,13.822046,100.513236,,,-0.3,-1.8,-135.7,224.3,,,,22.87,11,AUTO.LOITER,0,0
2026-08-21T20:30:06,1787319006,13.822046,100.513236,,,-0.3,-1.8,-135.7,224.3,,,,22.87,11,AUTO.LOITER,0,0
2026-08-21T20:30:07,1787319007,13.822046,100.513236,,,-0.3,-1.8,-135.7,224.3,,,,22.87,11,AUTO.LOITER,0,0
2026-08-21T20:30:08,1787319008,13.822046,100.513236,,,-0.3,-1.8,-135.7,224.3,,,,22.87,11,AUTO.LOITER,0,0
2026-08-21T20:30:09,1787319009,13.822046,100.513236,,,-0.3,-1.8,-135.7,224.3,,,,22.87,11,AUTO.LOITER,0,0
2026-08-21T20:30:10,1787319010,13.822026,100.513221,,,-0.3,-1.8,-135.7,224.3,,,,22.87,11,AUTO.LOITER,0,0
2026-08-21T20:30:11,1787319011,13.822026,100.513221,,,-0.3,-1.8,-135.7,224.3,,,,22.87,11,AUTO.LOITER,0,0
2026-08-21T20:30:12,1787319012,13.822026,100.513221,,,-0.3,-1.8,-135.7,224.3,,,,22.87,11,AUTO.LOITER,0,0
2026-08-21T20:30:13,1787319013,13.822026,100.513221,,,-0.3,-1.8,-135.7,224.3,,,,22.87,11,AUTO.LOITER,0,0
2026-08-21T20:30:14,1787319014,13.822026,100.513221,,,-0.3,-1.8,-135.7,224.3,,,,22.87,11,AUTO.LOITER,0,0
2026-08-21T20:30:15,1787319015,13.822026,100.513221,,,-0.3,-1.8,-135.7,224.3,,,,22.87,11,AUTO.LOITER,0,0
2026-08-21T20:30:16,1787319016,13.822026,100.513221,,,-0.3,-1.8,-135.7,224.3,,,,22.87,11,AUTO.LOITER,0,0
2026-08-21T20:30:17,1787319017,13.822026,100.513221,,,-0.3,-1.8,-135.7,224.3,,,,22.87,11,AUTO.LOITER,0,0
2026-08-21T20:30:18,1787319018,13.822026,100.513221,,,-0.3,-1.8,-135.7,224.3,,,,22.87,11,AUTO.LOITER,0,0
2026-08-21T20:30:19,1787319019,13.821991,100.513239,,,-0.3,-1.8,-135.7,224.3,,,,22.87,11,AUTO.LOITER,0,0
2026-08-21T20:30:20,1787319020,13.821991,100.513239,,,-0.3,-1.8,-135.7,224.3,,,,22.87,11,AUTO.LOITER,0,0
2026-08-21T20:30:21,1787319021,13.821991,100.513239,,,-0.3,-1.8,-135.7,224.3,,,,22.87,11,AUTO.LOITER,0,0
2026-08-21T20:30:22,1787319022,13.821991,100.513239,,,-0.3,-1.8,-135.7,224.3,,,,22.87,11,AUTO.LOITER,0,0
2026-08-21T20:30:23,1787319023,13.821991,100.513239,,,-0.3,-1.8,-135.7,224.3,,,,22.87,11,AUTO.LOITER,0,0
2026-08-21T20:30:24,1787319024,13.821979,100.513268,,,-0.3,-1.8,-135.7,224.3,,,,22.87,11,AUTO.LOITER,0,0
2026-08-21T20:30:25,1787319025,13.821979,100.513268,,,-0.3,-1.8,-135.7,224.3,,,,22.87,11,AUTO.LOITER,0,0
2026-08-21T20:30:26,1787319026,13.821979,100.513268,,,-0.3,-1.8,-135.7,224.3,,,,22.87,11,AUTO.LOITER,0,0
2026-08-21T20:30:27,1787319027,13.821979,100.513268,,,-0.3,-1.8,-135.7,224.3,,,,22.87,11,AUTO.LOITER,0,0
2026-08-21T20:30:28,1787319028,13.821979,100.513268,,,-0.3,-1.8,-135.7,224.3,,,,22.87,11,AUTO.LOITER,0,0
2026-08-21T20:30:29,1787319029,13.821979,100.513268,,,-0.3,-1.8,-135.7,224.3,,,,22.87,11,AUTO.LOITER,0,0
2026-08-21T20:30:30,1787319030,13.821979,100.513268,,,-0.3,-1.8,-135.7,224.3,,,,22.87,11,AUTO.LOITER,0,0
2026-08-21T20:30:32,1787319032,13.821979,100.513268,,,-0.3,-1.8,-135.7,224.3,,,,22.87,11,AUTO.LOITER,0,0
2026-08-21T20:30:33,1787319033,13.821979,100.513268,,,-0.3,-1.8,-135.7,224.3,,,,22.87,11,AUTO.LOITER,0,0
2026-08-21T20:30:34,1787319034,13.821979,100.513268,,,-0.3,-1.8,-135.7,224.3,,,,22.87,11,AUTO.LOITER,0,0
2026-08-21T20:30:35,1787319035,13.821979,100.513268,,,-0.3,-1.8,-135.7,224.3,,,,22.87,11,AUTO.LOITER,0,0
2026-08-21T20:30:36,1787319036,13.821979,100.513268,,,-0.3,-1.8,-135.7,224.3,,,,22.87,11,AUTO.LOITER,0,0
2026-08-21T20:30:37,1787319037,13.821979,100.513268,,,-0.3,-1.8,-135.7,224.3,,,,22.87,11,AUTO.LOITER,0,0
2026-08-21T20:30:38,1787319038,13.821979,100.513268,,,-0.3,-1.8,-135.7,224.3,,,,22.87,11,AUTO.LOITER,0,0
2026-08-21T20:30:39,1787319039,13.821979,100.513268,,,-0.3,-1.8,-135.7,224.3,,,,22.87,11,AUTO.LOITER,0,0
2026-08-21T20:30:43,1787319043,13.821979,100.513268,,,-0.3,-1.8,-135.7,224.3,,,,22.87,11,AUTO.LOITER,0,0
2026-08-21T20:30:44,1787319044,13.821979,100.513268,,,-0.3,-1.8,-135.7,224.3,,,,22.87,11,AUTO.LOITER,0,0
2026-08-21T20:30:45,1787319045,13.821838,100.513413,,,-0.3,-1.8,-135.7,224.3,,,,22.87,11,AUTO.LOITER,0,0
2026-08-21T20:30:46,1787319046,13.821838,100.513413,,,-0.3,-1.8,-135.7,224.3,,,,22.87,11,AUTO.LOITER,0,0
2026-08-21T20:30:47,1787319047,13.821838,100.513413,,,-0.3,-1.8,-135.7,224.3,,,,22.87,11,AUTO.LOITER,0,0
2026-08-21T20:30:48,1787319048,13.821838,100.513413,,,-0.3,-1.8,-135.7,224.3,,,,22.87,11,AUTO.LOITER,0,0
2026-08-21T20:30:49,1787319049,13.821838,100.513413,,,-0.3,-1.8,-135.7,224.3,,,,22.87,11,AUTO.LOITER,0,0
2026-08-21T20:30:50,1787319050,13.821838,100.513413,,,-0.3,-1.8,-135.7,224.3,,,,22.87,11,AUTO.LOITER,0,0
2026-08-21T20:30:51,1787319051,13.821838,100.513413,,,-0.3,-1.8,-135.7,224.3,,,,22.87,11,AUTO.LOITER,0,0
2026-08-21T20:30:52,1787319052,13.821838,100.513413,,,-0.3,-1.8,-135.7,224.3,,,,22.87,11,AUTO.LOITER,0,0
2026-08-21T20:30:53,1787319053,13.821846,100.513405,,,-0.3,-1.8,-135.7,224.3,,,,22.87,11,AUTO.LOITER,0,0
2026-08-21T20:30:54,1787319054,13.821846,100.513405,,,-0.3,-1.8,-135.7,224.3,,,,22.87,11,AUTO.LOITER,0,0
2026-08-21T20:30:55,1787319055,13.821846,100.513405,,,-0.3,-1.8,-135.7,224.3,,,,22.87,11,AUTO.LOITER,0,0
2026-08-21T20:30:56,1787319056,13.821846,100.513405,,,-0.3,-1.8,-135.7,224.3,,,,22.87,11,AUTO.LOITER,0,0
2026-08-21T20:30:57,1787319057,13.821846,100.513405,,,-0.3,-1.8,-135.7,224.3,,,,22.87,11,AUTO.LOITER,0,0
2026-08-21T20:30:58,1787319058,13.821846,100.513405,,,-0.3,-1.8,-135.7,224.3,,,,22.87,11,AUTO.LOITER,0,0
2026-08-21T20:30:59,1787319059,13.821846,100.513405,,,-0.3,-1.8,-135.7,224.3,,,,22.87,11,AUTO.LOITER,0,0
2026-08-21T20:31:00,1787319060,13.821846,100.513405,,,-0.3,-1.8,-135.7,224.3,,,,22.87,11,AUTO.LOITER,0,0
2026-08-21T20:31:01,1787319061,13.821846,100.513405,,,-0.3,-1.8,-135.7,224.3,,,,22.87,11,AUTO.LOITER,0,0
2026-08-21T20:31:02,1787319062,13.821846,100.513405,,,-0.3,-1.8,-135.7,224.3,,,,22.87,11,AUTO.LOITER,0,0
2026-08-21T20:31:03,1787319063,13.821846,100.513405,,,-0.3,-1.8,-135.7,224.3,,,,22.87,11,AUTO.LOITER,0,0
2026-08-21T20:31:04,1787319064,13.821896,100.513378,,,-0.3,-1.8,-135.7,224.3,,,,22.87,11,AUTO.LOITER,0,0
2026-08-21T20:31:05,1787319065,13.821896,100.513378,,,-0.3,-1.8,-135.7,224.3,,,,22.87,11,AUTO.LOITER,0,0
2026-08-21T20:31:06,1787319066,13.821896,100.513378,,,-0.3,-1.8,-135.7,224.3,,,,22.87,11,AUTO.LOITER,0,0
2026-08-21T20:31:07,1787319067,13.821896,100.513378,,,-0.3,-1.8,-135.7,224.3,,,,22.87,11,AUTO.LOITER,0,0
2026-08-21T20:31:08,1787319068,13.821896,100.513378,,,-0.3,-1.8,-135.7,224.3,,,,22.87,11,AUTO.LOITER,0,0
2026-08-21T20:31:09,1787319069,13.821896,100.513378,,,-0.3,-1.8,-135.7,224.3,,,,22.87,11,AUTO.LOITER,0,0
2026-08-21T20:31:10,1787319070,13.821896,100.513378,,,-0.3,-1.8,-135.7,224.3,,,,22.87,11,AUTO.LOITER,0,0
2026-08-21T20:31:11,1787319071,13.821896,100.513378,,,-0.3,-1.8,-135.7,224.3,,,,22.87,11,AUTO.LOITER,0,0
2026-08-21T20:31:12,1787319072,13.821896,100.513378,,,-0.3,-1.8,-135.7,224.3,,,,22.87,11,AUTO.LOITER,0,0
2026-08-21T20:31:13,1787319073,13.821896,100.513378,,,-0.3,-1.8,-135.7,224.3,,,,22.87,11,AUTO.LOITER,0,0
2026-08-21T20:31:14,1787319074,13.821896,100.513378,,,-0.3,-1.8,-135.7,224.3,,,,22.87,11,AUTO.LOITER,0,0
2026-08-21T20:31:15,1787319075,13.821896,100.513378,,,-0.3,-1.8,-135.7,224.3,,,,22.87,11,AUTO.LOITER,0,0
2026-08-21T20:31:16,1787319076,13.821896,100.513378,,,-0.3,-1.8,-135.7,224.3,,,,22.87,11,AUTO.LOITER,0,0
2026-08-21T20:31:17,1787319077,13.821896,100.513378,,,-0.3,-1.8,-135.7,224.3,,,,22.87,11,AUTO.LOITER,0,0
2026-08-21T20:31:18,1787319078,13.821896,100.513378,,,-0.3,-1.8,-135.7,224.3,,,,22.87,11,AUTO.LOITER,0,0
2026-08-21T20:31:19,1787319079,13.821896,100.513378,,,-0.3,-1.8,-135.7,224.3,,,,22.87,11,AUTO.LOITER,0,0
2026-08-21T20:31:20,1787319080,13.821896,100.513378,,,-0.3,-1.8,-135.7,224.3,,,,22.87,11,AUTO.LOITER,0,0
2026-08-21T20:31:21,1787319081,13.821896,100.513378,,,-0.3,-1.8,-135.7,224.3,,,,22.87,11,AUTO.LOITER,0,0
2026-08-21T20:31:22,1787319082,13.821896,100.513378,,,-0.3,-1.8,-135.7,224.3,,,,22.86,11,AUTO.LOITER,0,0
2026-08-21T20:31:23,1787319083,13.821913,100.513294,,,-0.3,-1.8,-135.7,224.3,,,,22.86,11,AUTO.LOITER,0,0
2026-08-21T20:31:24,1787319084,13.821913,100.513294,,,-0.3,-1.8,-135.7,224.3,,,,22.86,11,AUTO.LOITER,0,0
2026-08-21T20:31:25,1787319085,13.821913,100.513294,,,-0.3,-1.8,-135.7,224.3,,,,22.86,11,AUTO.LOITER,0,0
2026-08-21T20:31:26,1787319086,13.821913,100.513294,,,-0.3,-1.8,-135.7,224.3,,,,22.86,11,AUTO.LOITER,0,0
2026-08-21T20:31:27,1787319087,13.821913,100.513294,,,-0.3,-1.8,-135.7,224.3,,,,22.86,11,AUTO.LOITER,0,0
2026-08-21T20:31:28,1787319088,13.821913,100.513294,,,-0.3,-1.8,-135.7,224.3,,,,22.86,11,AUTO.LOITER,0,0
2026-08-21T20:31:29,1787319089,13.821913,100.513294,,,-0.3,-1.8,-135.7,224.3,,,,22.86,11,AUTO.LOITER,0,0
2026-08-21T20:31:30,1787319090,13.821913,100.513294,,,-0.3,-1.8,-135.7,224.3,,,,22.86,11,AUTO.LOITER,0,0
2026-08-21T20:31:31,1787319091,13.821741,100.513501,,,-0.3,-1.8,-135.7,224.3,,,,22.86,11,AUTO.LOITER,0,0
2026-08-21T20:31:32,1787319092,13.821741,100.513501,,,-0.3,-1.8,-135.7,224.3,,,,22.86,11,AUTO.LOITER,0,0
2026-08-21T20:31:33,1787319093,13.821741,100.513501,,,-0.3,-1.8,-135.7,224.3,,,,22.86,11,AUTO.LOITER,0,0
2026-08-21T20:31:34,1787319094,13.821741,100.513501,,,-0.3,-1.8,-135.7,224.3,,,,22.86,11,AUTO.LOITER,0,0
2026-08-21T20:31:35,1787319095,13.821741,100.513501,,,-0.3,-1.8,-135.7,224.3,,,,22.86,11,AUTO.LOITER,0,0
2026-08-21T20:31:36,1787319096,13.821628,100.513624,,,-0.3,-1.8,-135.7,224.3,,,,22.86,11,AUTO.LOITER,0,0
2026-08-21T20:31:37,1787319097,13.821628,100.513624,,,-0.3,-1.8,-135.7,224.3,,,,22.86,11,AUTO.LOITER,0,0
2026-08-21T20:31:38,1787319098,13.821628,100.513624,,,-0.3,-1.8,-135.7,224.3,,,,22.86,11,AUTO.LOITER,0,0
2026-08-21T20:31:39,1787319099,13.821628,100.513624,,,-0.3,-1.8,-135.7,224.3,,,,22.86,11,AUTO.LOITER,0,0
2026-08-21T20:31:40,1787319100,13.821547,100.5137,,,-0.3,-1.8,-135.7,224.3,,,,22.86,11,AUTO.LOITER,0,0
2026-08-21T20:31:41,1787319101,13.821547,100.5137,,,-0.3,-1.8,-135.7,224.3,,,,22.86,11,AUTO.LOITER,0,0
2026-08-21T20:31:42,1787319102,13.821547,100.5137,,,-0.3,-1.8,-135.7,224.3,,,,22.86,11,AUTO.LOITER,0,0
2026-08-21T20:31:43,1787319103,13.821547,100.5137,,,-0.3,-1.8,-135.7,224.3,,,,22.86,11,AUTO.LOITER,0,0
2026-08-21T20:31:46,1787319106,13.821547,100.5137,,,-0.3,-1.8,-135.7,224.3,,,,22.86,11,AUTO.LOITER,0,0
2026-08-21T20:31:47,1787319107,13.821547,100.5137,,,-0.3,-1.8,-135.7,224.3,,,,22.86,11,AUTO.LOITER,0,0
2026-08-21T20:31:48,1787319108,13.821547,100.5137,,,-0.3,-1.8,-135.7,224.3,,,,22.86,11,AUTO.LOITER,0,0
2026-08-21T20:31:49,1787319109,13.821547,100.5137,,,-0.3,-1.8,-135.7,224.3,,,,22.86,11,AUTO.LOITER,0,0
2026-08-21T20:31:50,1787319110,13.821547,100.5137,,,-0.3,-1.8,-135.7,224.3,,,,22.86,11,AUTO.LOITER,0,0
2026-08-21T20:31:51,1787319111,13.821547,100.5137,,,-0.3,-1.8,-135.7,224.3,,,,22.86,11,AUTO.LOITER,0,0
2026-08-21T20:31:52,1787319112,13.821547,100.5137,,,-0.3,-1.8,-135.7,224.3,,,,22.86,11,AUTO.LOITER,0,0
2026-08-21T20:31:53,1787319113,13.821547,100.5137,,,-0.3,-1.8,-135.7,224.3,,,,22.86,11,AUTO.LOITER,0,0
2026-08-21T20:31:54,1787319114,13.821547,100.5137,,,-0.3,-1.8,-135.7,224.3,,,,22.86,11,AUTO.LOITER,0,0
2026-08-21T20:31:55,1787319115,13.821547,100.5137,,,-0.3,-1.8,-135.7,224.3,,,,22.86,11,AUTO.LOITER,0,0
2026-08-21T20:31:56,1787319116,13.821547,100.5137,,,-0.3,-1.8,-135.7,224.3,,,,22.86,11,AUTO.LOITER,0,0
2026-08-21T20:31:57,1787319117,13.821547,100.5137,,,-0.3,-1.8,-135.7,224.3,,,,22.86,11,AUTO.LOITER,0,0
2026-08-21T20:31:58,1787319118,13.821547,100.5137,,,-0.3,-1.8,-135.7,224.3,,,,22.86,11,AUTO.LOITER,0,0
2026-08-21T20:31:59,1787319119,13.821547,100.5137,,,-0.3,-1.7,-135.8,224.2,,,,22.86,11,AUTO.LOITER,0,0
2026-08-21T20:32:00,1787319120,13.821547,100.5137,,,-0.3,-1.7,-135.8,224.2,,,,22.86,11,AUTO.LOITER,0,0
2026-08-21T20:32:01,1787319121,13.821547,100.5137,,,-0.3,-1.7,-135.8,224.2,,,,22.86,11,AUTO.LOITER,0,0
2026-08-21T20:32:02,1787319122,13.821547,100.5137,,,-0.3,-1.7,-135.8,224.2,,,,22.86,11,AUTO.LOITER,0,0
2026-08-21T20:32:03,1787319123,13.821547,100.5137,,,-0.3,-1.7,-135.8,224.2,,,,22.86,11,AUTO.LOITER,0,0
2026-08-21T20:32:04,1787319124,13.821547,100.5137,,,-0.3,-1.7,-135.8,224.2,,,,22.86,11,AUTO.LOITER,0,0
2026-08-21T20:32:05,1787319125,13.821547,100.5137,,,-0.3,-1.7,-135.8,224.2,,,,22.86,11,AUTO.LOITER,0,0
2026-08-21T20:32:06,1787319126,13.821547,100.5137,,,-0.3,-1.8,-135.7,224.3,,,,22.86,11,AUTO.LOITER,0,0
2026-08-21T20:32:07,1787319127,13.821824,100.513493,,,-0.3,-1.8,-135.7,224.3,,,,22.86,11,AUTO.LOITER,0,0
2026-08-21T20:32:08,1787319128,13.821824,100.513493,,,-0.3,-1.8,-135.7,224.3,,,,22.86,11,AUTO.LOITER,0,0
2026-08-21T20:32:09,1787319129,13.821824,100.513493,,,-0.3,-1.8,-135.7,224.3,,,,22.86,11,AUTO.LOITER,0,0
2026-08-21T20:32:10,1787319130,13.821824,100.513493,,,-0.3,-1.8,-135.7,224.3,,,,22.86,11,AUTO.LOITER,0,0
2026-08-21T20:32:11,1787319131,13.821824,100.513493,,,-0.3,-1.8,-135.7,224.3,,,,22.86,11,AUTO.LOITER,0,0
2026-08-21T20:32:12,1787319132,13.821824,100.513493,,,-0.3,-1.8,-135.7,224.3,,,,22.86,11,AUTO.LOITER,0,0
2026-08-21T20:32:13,1787319133,13.821837,100.513504,,,-0.3,-1.8,-135.7,224.3,,,,22.86,11,AUTO.LOITER,0,0
2026-08-21T20:32:14,1787319134,13.821837,100.513504,,,-0.3,-1.8,-135.7,224.3,,,,22.86,11,AUTO.LOITER,0,0
2026-08-21T20:32:15,1787319135,13.821837,100.513504,,,-0.3,-1.8,-135.7,224.3,,,,22.86,11,AUTO.LOITER,0,0
2026-08-21T20:32:16,1787319136,13.821837,100.513504,,,-0.3,-1.8,-135.7,224.3,,,,22.86,11,AUTO.LOITER,0,0
2026-08-21T20:32:17,1787319137,13.821837,100.513504,,,-0.3,-1.8,-135.7,224.3,,,,22.86,11,AUTO.LOITER,0,0
2026-08-21T20:32:18,1787319138,13.821833,100.51352,,,-0.3,-1.8,-135.7,224.3,,,,22.86,11,AUTO.LOITER,0,0
2026-08-21T20:32:19,1787319139,13.821833,100.51352,,,-0.3,-1.8,-135.7,224.3,,,,22.86,11,AUTO.LOITER,0,0
2026-08-21T20:32:20,1787319140,13.821833,100.51352,,,-0.3,-1.8,-135.7,224.3,,,,22.86,11,AUTO.LOITER,0,0
2026-08-21T20:32:21,1787319141,13.821833,100.51352,,,-0.3,-1.8,-135.7,224.3,,,,22.86,11,AUTO.LOITER,0,0
2026-08-21T20:32:22,1787319142,13.821833,100.51352,,,-0.3,-1.8,-135.7,224.3,,,,22.86,11,AUTO.LOITER,0,0
2026-08-21T20:32:23,1787319143,13.821833,100.51352,,,-0.3,-1.8,-135.7,224.3,,,,22.86,11,AUTO.LOITER,0,0
2026-08-21T20:32:24,1787319144,13.821833,100.51352,,,-0.3,-1.8,-135.7,224.3,,,,22.86,11,AUTO.LOITER,0,0
2026-08-21T20:32:25,1787319145,13.821833,100.51352,,,-0.3,-1.8,-135.7,224.3,,,,22.86,11,AUTO.LOITER,0,0
2026-08-21T20:32:26,1787319146,13.821833,100.51352,,,-0.3,-1.8,-135.7,224.3,,,,22.86,11,AUTO.LOITER,0,0
2026-08-21T20:32:27,1787319147,13.821833,100.51352,,,-0.3,-1.8,-135.7,224.3,,,,22.86,11,AUTO.LOITER,0,0
2026-08-21T20:32:28,1787319148,13.821943,100.513396,,,-0.3,-1.7,-135.8,224.2,,,,22.86,11,AUTO.LOITER,0,0
2026-08-21T20:32:29,1787319149,13.821943,100.513396,,,-0.3,-1.7,-135.8,224.2,,,,22.86,11,AUTO.LOITER,0,0
2026-08-21T20:32:30,1787319150,13.821943,100.513396,,,-0.3,-1.7,-135.8,224.2,,,,22.86,11,AUTO.LOITER,0,0
2026-08-21T20:32:31,1787319151,13.821943,100.513396,,,-0.3,-1.7,-135.8,224.2,,,,22.86,11,AUTO.LOITER,0,0
2026-08-21T20:32:32,1787319152,13.821943,100.513396,,,-0.3,-1.7,-135.8,224.2,,,,22.86,11,AUTO.LOITER,0,0
2026-08-21T20:32:33,1787319153,13.821943,100.513396,,,-0.3,-1.7,-135.8,224.2,,,,22.86,11,AUTO.LOITER,0,0
2026-08-21T20:32:34,1787319154,13.821952,100.513372,,,-0.3,-1.7,-135.8,224.2,,,,22.86,11,AUTO.LOITER,0,0
2026-08-21T20:32:35,1787319155,13.821952,100.513372,,,-0.3,-1.8,-135.8,224.2,,,,22.86,11,AUTO.LOITER,0,0
2026-08-21T20:32:36,1787319156,13.821952,100.513372,,,-0.3,-1.8,-135.8,224.2,,,,22.86,11,AUTO.LOITER,0,0
2026-08-21T20:32:37,1787319157,13.821952,100.513372,,,-0.3,-1.8,-135.8,224.2,,,,22.86,11,AUTO.LOITER,0,0
2026-08-21T20:32:38,1787319158,13.821947,100.513375,,,-0.3,-1.8,-135.7,224.3,,,,22.86,11,AUTO.LOITER,0,0
2026-08-21T20:32:39,1787319159,13.821947,100.513375,,,-0.3,-1.8,-135.7,224.3,,,,22.86,11,AUTO.LOITER,0,0
2026-08-21T20:32:40,1787319160,13.821947,100.513375,,,-0.3,-1.8,-135.7,224.3,,,,22.86,11,AUTO.LOITER,0,0
2026-08-21T20:32:41,1787319161,13.821947,100.513375,,,-0.3,-1.8,-135.7,224.3,,,,22.86,11,AUTO.LOITER,0,0
2026-08-21T20:32:42,1787319162,13.821947,100.513375,,,-0.3,-1.8,-135.7,224.3,,,,22.86,11,AUTO.LOITER,0,0
2026-08-21T20:32:43,1787319163,13.821947,100.513375,,,-0.3,-1.8,-135.7,224.3,,,,22.86,11,AUTO.LOITER,0,0
2026-08-21T20:32:44,1787319164,13.821947,100.513375,,,-0.3,-1.8,-135.7,224.3,,,,22.86,11,AUTO.LOITER,0,0
2026-08-21T20:32:45,1787319165,13.821926,100.513405,,,-0.3,-1.8,-135.7,224.3,,,,22.86,11,AUTO.LOITER,0,0
2026-08-21T20:32:46,1787319166,13.821926,100.513405,,,-0.3,-1.8,-135.7,224.3,,,,22.86,11,AUTO.LOITER,0,0
2026-08-21T20:32:47,1787319167,13.821926,100.513405,,,-0.3,-1.8,-135.7,224.3,,,,22.86,11,AUTO.LOITER,0,0
2026-08-21T20:32:48,1787319168,13.821926,100.513405,,,-0.3,-1.8,-135.7,224.3,,,,22.86,11,AUTO.LOITER,0,0
2026-08-21T20:32:49,1787319169,13.821926,100.513405,,,-0.3,-1.8,-135.7,224.3,,,,22.86,11,AUTO.LOITER,0,0
2026-08-21T20:32:50,1787319170,13.821926,100.513405,,,-0.3,-1.8,-135.7,224.3,,,,22.86,11,AUTO.LOITER,0,0
2026-08-21T20:32:51,1787319171,13.821926,100.513405,,,-0.3,-1.8,-135.7,224.3,,,,22.86,11,AUTO.LOITER,0,0
2026-08-21T20:32:52,1787319172,13.821926,100.513405,,,-0.3,-1.8,-135.7,224.3,,,,22.86,11,AUTO.LOITER,0,0
2026-08-21T20:32:53,1787319173,13.821926,100.513405,,,-0.3,-1.8,-135.7,224.3,,,,22.86,11,AUTO.LOITER,0,0
2026-08-21T20:32:54,1787319174,13.821926,100.513405,,,-0.3,-1.8,-135.7,224.3,,,,22.86,11,AUTO.LOITER,0,0
2026-08-21T20:32:55,1787319175,13.821926,100.513405,,,-0.3,-1.8,-135.7,224.3,,,,22.86,11,AUTO.LOITER,0,0
2026-08-21T20:32:56,1787319176,13.821926,100.513405,,,-0.3,-1.8,-135.7,224.3,,,,22.86,11,AUTO.LOITER,0,0
2026-08-21T20:32:57,1787319177,13.821926,100.513405,,,-0.3,-1.8,-135.7,224.3,,,,22.86,11,AUTO.LOITER,0,0
2026-08-21T20:32:58,1787319178,13.821926,100.513405,,,-0.3,-1.8,-135.7,224.3,,,,22.86,11,AUTO.LOITER,0,0
2026-08-21T20:32:59,1787319179,13.821898,100.513407,,,-0.3,-1.8,-135.7,224.3,,,,22.86,11,AUTO.LOITER,0,0
2026-08-21T20:33:00,1787319180,13.821898,100.513407,,,-0.3,-1.8,-135.7,224.3,,,,22.86,11,AUTO.LOITER,0,0
2026-08-21T20:33:01,1787319181,13.821898,100.513407,,,-0.3,-1.8,-135.7,224.3,,,,22.86,11,AUTO.LOITER,0,0
2026-08-21T20:33:02,1787319182,13.821898,100.513407,,,-0.3,-1.8,-135.7,224.3,,,,22.86,11,AUTO.LOITER,0,0
2026-08-21T20:33:03,1787319183,13.821898,100.513407,,,-0.3,-1.8,-135.7,224.3,,,,22.86,11,AUTO.LOITER,0,0
2026-08-21T20:33:04,1787319184,13.821898,100.513407,,,-0.3,-1.8,-135.7,224.3,,,,22.86,11,AUTO.LOITER,0,0
2026-08-21T20:33:05,1787319185,13.821898,100.513407,,,-0.3,-1.8,-135.7,224.3,,,,22.86,11,AUTO.LOITER,0,0
2026-08-21T20:33:06,1787319186,13.821898,100.513407,,,-0.3,-1.8,-135.7,224.3,,,,22.86,11,AUTO.LOITER,0,0
2026-08-21T20:33:07,1787319187,13.821898,100.513407,,,-0.3,-1.8,-135.7,224.3,,,,22.86,11,AUTO.LOITER,0,0
2026-08-21T20:33:08,1787319188,13.821898,100.513407,,,-0.3,-1.8,-135.7,224.3,,,,22.86,11,AUTO.LOITER,0,0
2026-08-21T20:33:09,1787319189,13.821898,100.513407,,,-0.3,-1.8,-135.7,224.3,,,,22.86,11,AUTO.LOITER,0,0
2026-08-21T20:33:10,1787319190,13.821825,100.513478,,,-0.3,-1.8,-135.7,224.3,,,,22.86,11,AUTO.LOITER,0,0
2026-08-21T20:33:11,1787319191,13.821825,100.513478,,,-0.3,-1.8,-135.7,224.3,,,,22.86,11,AUTO.LOITER,0,0
2026-08-21T20:33:12,1787319192,13.821825,100.513478,,,-0.3,-1.8,-135.7,224.3,,,,22.86,11,AUTO.LOITER,0,0
2026-08-21T20:33:13,1787319193,13.821825,100.513478,,,-0.3,-1.8,-135.7,224.3,,,,22.86,11,AUTO.LOITER,0,0
2026-08-21T20:33:14,1787319194,13.821825,100.513478,,,-0.3,-1.8,-135.7,224.3,,,,22.86,11,AUTO.LOITER,0,0
2026-08-21T20:33:15,1787319195,13.821825,100.513478,,,-0.3,-1.8,-135.7,224.3,,,,22.86,11,AUTO.LOITER,0,0
2026-08-21T20:33:16,1787319196,13.821825,100.513478,,,-0.3,-1.8,-135.7,224.3,,,,22.86,11,AUTO.LOITER,0,0
2026-08-21T20:33:17,1787319197,13.821825,100.513478,,,-0.3,-1.8,-135.7,224.3,,,,22.86,11,AUTO.LOITER,0,0
2026-08-21T20:33:18,1787319198,13.821825,100.513478,,,-0.3,-1.8,-135.7,224.3,,,,22.86,11,AUTO.LOITER,0,0
2026-08-21T20:33:19,1787319199,13.8219,100.51335,,,-0.3,-1.8,-135.7,224.3,,,,22.86,11,AUTO.LOITER,0,0
2026-08-21T20:33:20,1787319200,13.8219,100.51335,,,-0.3,-1.8,-135.7,224.3,,,,22.86,11,AUTO.LOITER,0,0
2026-08-21T20:33:21,1787319201,13.8219,100.51335,,,-0.3,-1.8,-135.7,224.3,,,,22.86,11,AUTO.LOITER,0,0
2026-08-21T20:33:22,1787319202,13.8219,100.51335,,,-0.3,-1.8,-135.7,224.3,,,,22.86,11,AUTO.LOITER,0,0
2026-08-21T20:33:23,1787319203,13.8219,100.51335,,,-0.3,-1.8,-135.7,224.3,,,,22.86,11,AUTO.LOITER,0,0
2026-08-21T20:33:24,1787319204,13.8219,100.51335,,,-0.3,-1.8,-135.7,224.3,,,,22.86,11,AUTO.LOITER,0,0
2026-08-21T20:33:25,1787319205,13.8219,100.51335,,,-0.3,-1.8,-135.7,224.3,,,,22.86,11,AUTO.LOITER,0,0
2026-08-21T20:33:26,1787319206,13.8219,100.51335,,,-0.3,-1.8,-135.7,224.3,,,,22.86,11,AUTO.LOITER,0,0
2026-08-21T20:33:27,1787319207,13.8219,100.51335,,,-0.3,-1.8,-135.7,224.3,,,,22.86,11,AUTO.LOITER,0,0
2026-08-21T20:33:28,1787319208,13.821977,100.51326,,,-0.3,-1.8,-135.7,224.3,,,,22.86,11,AUTO.LOITER,0,0
2026-08-21T20:33:29,1787319209,13.821977,100.51326,,,-0.3,-1.8,-135.7,224.3,,,,22.86,11,AUTO.LOITER,0,0
2026-08-21T20:33:30,1787319210,13.821977,100.51326,,,-0.3,-1.8,-135.7,224.3,,,,22.86,11,AUTO.LOITER,0,0
2026-08-21T20:33:31,1787319211,13.821977,100.51326,,,-0.3,-1.8,-135.7,224.3,,,,22.86,11,AUTO.LOITER,0,0
2026-08-21T20:33:32,1787319212,13.821977,100.51326,,,-0.3,-1.8,-135.7,224.3,,,,22.86,11,AUTO.LOITER,0,0
2026-08-21T20:33:33,1787319213,13.821964,100.513272,,,-0.3,-1.8,-135.7,224.3,,,,22.86,11,AUTO.LOITER,0,0
2026-08-21T20:33:34,1787319214,13.821964,100.513272,,,-0.3,-1.8,-135.7,224.3,,,,22.86,11,AUTO.LOITER,0,0
2026-08-21T20:33:35,1787319215,13.821964,100.513272,,,-0.3,-1.8,-135.7,224.3,,,,22.86,11,AUTO.LOITER,0,0
2026-08-21T20:33:36,1787319216,13.821964,100.513272,,,-0.3,-1.8,-135.7,224.3,,,,22.86,11,AUTO.LOITER,0,0
2026-08-21T20:33:37,1787319217,13.821964,100.513272,,,-0.3,-1.8,-135.7,224.3,,,,22.86,11,AUTO.LOITER,0,0
2026-08-21T20:33:38,1787319218,13.821964,100.513272,,,-0.3,-1.8,-135.7,224.3,,,,22.86,11,AUTO.LOITER,0,0
2026-08-21T20:33:39,1787319219,13.821964,100.513272,,,-0.3,-1.8,-135.7,224.3,,,,22.86,11,AUTO.LOITER,0,0
2026-08-21T20:33:40,1787319220,13.821964,100.513272,,,-0.3,-1.8,-135.7,224.3,,,,22.86,11,AUTO.LOITER,0,0
2026-08-21T20:33:41,1787319221,13.822008,100.513257,,,-0.3,-1.8,-135.7,224.3,,,,22.86,11,AUTO.LOITER,0,0
2026-08-21T20:33:42,1787319222,13.822008,100.513257,,,-0.3,-1.8,-135.7,224.3,,,,22.86,11,AUTO.LOITER,0,0
2026-08-21T20:33:43,1787319223,13.822008,100.513257,,,-0.3,-1.8,-135.7,224.3,,,,22.86,11,AUTO.LOITER,0,0
2026-08-21T20:33:44,1787319224,13.822008,100.513257,,,-0.3,-1.8,-135.7,224.3,,,,22.86,11,AUTO.LOITER,0,0
2026-08-21T20:33:45,1787319225,13.822008,100.513257,,,-0.3,-1.8,-135.7,224.3,,,,22.86,11,AUTO.LOITER,0,0
2026-08-21T20:33:46,1787319226,13.822008,100.513257,,,-0.3,-1.8,-135.7,224.3,,,,22.86,11,AUTO.LOITER,0,0
2026-08-21T20:33:47,1787319227,13.822008,100.513257,,,-0.3,-1.8,-135.7,224.3,,,,22.86,11,AUTO.LOITER,0,0
2026-08-21T20:33:48,1787319228,13.822008,100.513257,,,-0.3,-1.8,-135.7,224.3,,,,22.86,11,AUTO.LOITER,0,0
2026-08-21T20:33:49,1787319229,13.822008,100.513257,,,-0.3,-1.8,-135.7,224.3,,,,22.86,11,AUTO.LOITER,0,0
2026-08-21T20:33:50,1787319230,13.822008,100.513257,,,-0.3,-1.8,-135.7,224.3,,,,22.86,11,AUTO.LOITER,0,0
2026-08-21T20:33:51,1787319231,13.822008,100.513257,,,-0.3,-1.8,-135.7,224.3,,,,22.86,11,AUTO.LOITER,0,0
2026-08-21T20:33:52,1787319232,13.822092,100.51318,,,-0.3,-1.8,-135.7,224.3,,,,22.86,11,AUTO.LOITER,0,0
2026-08-21T20:33:53,1787319233,13.822092,100.51318,,,-0.3,-1.8,-135.7,224.3,,,,22.86,11,AUTO.LOITER,0,0
2026-08-21T20:33:54,1787319234,13.822092,100.51318,,,-0.3,-1.8,-135.7,224.3,,,,22.86,11,AUTO.LOITER,0,0
2026-08-21T20:33:55,1787319235,13.822092,100.51318,,,-0.3,-1.8,-135.7,224.3,,,,22.86,11,AUTO.LOITER,0,0
2026-08-21T20:33:56,1787319236,13.822092,100.51318,,,-0.3,-1.8,-135.7,224.3,,,,22.86,11,AUTO.LOITER,0,0
2026-08-21T20:33:57,1787319237,13.822092,100.51318,,,-0.3,-1.8,-135.7,224.3,,,,22.86,11,AUTO.LOITER,0,0
2026-08-21T20:33:58,1787319238,13.822092,100.51318,,,-0.3,-1.8,-135.7,224.3,,,,22.86,11,AUTO.LOITER,0,0
2026-08-21T20:33:59,1787319239,13.822092,100.51318,,,-0.3,-1.7,-135.7,224.3,,,,22.86,11,AUTO.LOITER,0,0
2026-08-21T20:34:00,1787319240,13.822092,100.51318,,,-0.3,-1.7,-135.7,224.3,,,,22.86,11,AUTO.LOITER,0,0
2026-08-21T20:34:01,1787319241,13.822068,100.513257,,,-0.3,-1.7,-135.7,224.3,,,,22.86,11,AUTO.LOITER,0,0
2026-08-21T20:34:02,1787319242,13.822068,100.513257,,,-0.3,-1.7,-135.7,224.3,,,,22.86,11,AUTO.LOITER,0,0
2026-08-21T20:34:03,1787319243,13.822068,100.513257,,,-0.3,-1.7,-135.7,224.3,,,,22.86,11,AUTO.LOITER,0,0
2026-08-21T20:34:04,1787319244,13.822054,100.513324,,,-0.3,-1.7,-135.7,224.3,,,,22.86,11,AUTO.LOITER,0,0
2026-08-21T20:34:05,1787319245,13.822054,100.513324,,,-0.3,-1.7,-135.7,224.3,,,,22.86,11,AUTO.LOITER,0,0
2026-08-21T20:34:06,1787319246,13.822054,100.513324,,,-0.3,-1.8,-135.7,224.3,,,,22.86,11,AUTO.LOITER,0,0
2026-08-21T20:34:07,1787319247,13.822054,100.513324,,,-0.3,-1.8,-135.7,224.3,,,,22.86,11,AUTO.LOITER,0,0
2026-08-21T20:34:08,1787319248,13.822054,100.513324,,,-0.3,-1.8,-135.7,224.3,,,,22.86,11,AUTO.LOITER,0,0
2026-08-21T20:34:09,1787319249,13.822054,100.513324,,,-0.3,-1.8,-135.7,224.3,,,,22.86,11,AUTO.LOITER,0,0
2026-08-21T20:34:10,1787319250,13.822054,100.513324,,,-0.3,-1.8,-135.7,224.3,,,,22.86,11,AUTO.LOITER,0,0
2026-08-21T20:34:11,1787319251,13.822042,100.513362,,,-0.3,-1.8,-135.8,224.2,,,,22.86,11,AUTO.LOITER,0,0
2026-08-21T20:34:12,1787319252,13.822042,100.513362,,,-0.3,-1.8,-135.8,224.2,,,,22.86,11,AUTO.LOITER,0,0
2026-08-21T20:34:13,1787319253,13.822042,100.513362,,,-0.3,-1.8,-135.8,224.2,,,,22.86,11,AUTO.LOITER,0,0
2026-08-21T20:34:14,1787319254,13.822042,100.513362,,,-0.3,-1.8,-135.8,224.2,,,,22.86,11,AUTO.LOITER,0,0
2026-08-21T20:34:15,1787319255,13.822042,100.513362,,,-0.3,-1.8,-135.8,224.2,,,,22.86,11,AUTO.LOITER,0,0
2026-08-21T20:34:16,1787319256,13.822042,100.513362,,,-0.3,-1.8,-135.8,224.2,,,,22.86,11,AUTO.LOITER,0,0
2026-08-21T20:34:17,1787319257,13.822042,100.513362,,,-0.3,-1.8,-135.8,224.2,,,,22.86,11,AUTO.LOITER,0,0
2026-08-21T20:34:18,1787319258,13.822042,100.513362,,,-0.3,-1.8,-135.8,224.2,,,,22.86,11,AUTO.LOITER,0,0
2026-08-21T20:34:19,1787319259,13.822042,100.513362,,,-0.3,-1.8,-135.8,224.2,,,,22.86,11,AUTO.LOITER,0,0
2026-08-21T20:34:20,1787319260,13.822012,100.51341,,,-0.3,-1.7,-135.8,224.2,,,,22.86,11,AUTO.LOITER,0,0
2026-08-21T20:34:21,1787319261,13.822012,100.51341,,,-0.3,-1.7,-135.8,224.2,,,,22.86,11,AUTO.LOITER,0,0
2026-08-21T20:34:22,1787319262,13.822012,100.51341,,,-0.3,-1.7,-135.8,224.2,,,,22.86,11,AUTO.LOITER,0,0
2026-08-21T20:34:23,1787319263,13.822012,100.51341,,,-0.3,-1.7,-135.8,224.2,,,,22.86,11,AUTO.LOITER,0,0
2026-08-21T20:34:25,1787319265,13.82203,100.513396,,,-0.3,-1.7,-135.8,224.2,,,,22.86,11,AUTO.LOITER,0,0
2026-08-21T20:34:26,1787319266,13.82203,100.513396,,,-0.3,-1.7,-135.8,224.2,,,,22.86,11,AUTO.LOITER,0,0
2026-08-21T20:34:27,1787319267,13.82203,100.513396,,,-0.3,-1.7,-135.8,224.2,,,,22.86,11,AUTO.LOITER,0,0
2026-08-21T20:34:28,1787319268,13.82203,100.513396,,,-0.3,-1.7,-135.8,224.2,,,,22.86,11,AUTO.LOITER,0,0
2026-08-21T20:34:29,1787319269,13.82203,100.513396,,,-0.3,-1.7,-135.8,224.2,,,,22.86,11,AUTO.LOITER,0,0
2026-08-21T20:34:30,1787319270,13.822031,100.513408,,,-0.3,-1.7,-135.8,224.2,,,,22.86,11,AUTO.LOITER,0,0
2026-08-21T20:34:31,1787319271,13.822031,100.513408,,,-0.3,-1.7,-135.8,224.2,,,,22.86,11,AUTO.LOITER,0,0
2026-08-21T20:34:32,1787319272,13.822031,100.513408,,,-0.3,-1.7,-135.8,224.2,,,,22.86,11,AUTO.LOITER,0,0
2026-08-21T20:34:33,1787319273,13.822031,100.513408,,,-0.3,-1.7,-135.8,224.2,,,,22.86,11,AUTO.LOITER,0,0
2026-08-21T20:34:34,1787319274,13.822031,100.513408,,,-0.3,-1.7,-135.8,224.2,,,,22.86,11,AUTO.LOITER,0,0
2026-08-21T20:34:35,1787319275,13.822031,100.513408,,,-0.3,-1.7,-135.8,224.2,,,,22.86,11,AUTO.LOITER,0,0
2026-08-21T20:34:36,1787319276,13.822031,100.513408,,,-0.3,-1.7,-135.8,224.2,,,,22.86,11,AUTO.LOITER,0,0
2026-08-21T20:34:37,1787319277,13.822031,100.513408,,,-0.3,-1.7,-135.8,224.2,,,,22.86,11,AUTO.LOITER,0,0
2026-08-21T20:34:38,1787319278,13.822031,100.513408,,,-0.3,-1.7,-135.8,224.2,,,,22.86,11,AUTO.LOITER,0,0
2026-08-21T20:34:39,1787319279,13.822112,100.513275,,,-0.3,-1.7,-135.8,224.2,,,,22.86,11,AUTO.LOITER,0,0
2026-08-21T20:34:40,1787319280,13.822112,100.513275,,,-0.3,-1.8,-135.8,224.2,,,,22.86,11,AUTO.LOITER,0,0
2026-08-21T20:34:41,1787319281,13.822112,100.513275,,,-0.3,-1.8,-135.8,224.2,,,,22.86,11,AUTO.LOITER,0,0
2026-08-21T20:34:42,1787319282,13.822112,100.513275,,,-0.3,-1.8,-135.8,224.2,,,,22.86,11,AUTO.LOITER,0,0
2026-08-21T20:34:43,1787319283,13.822112,100.513275,,,-0.3,-1.8,-135.8,224.2,,,,22.86,11,AUTO.LOITER,0,0
2026-08-21T20:34:44,1787319284,13.822112,100.513275,,,-0.3,-1.8,-135.7,224.3,,,,22.85,11,AUTO.LOITER,0,0
2026-08-21T20:34:45,1787319285,13.822112,100.513275,,,-0.3,-1.8,-135.7,224.3,,,,22.85,11,AUTO.LOITER,0,0
2026-08-21T20:34:46,1787319286,13.822112,100.513275,,,-0.3,-1.8,-135.7,224.3,,,,22.85,11,AUTO.LOITER,0,0
2026-08-21T20:34:47,1787319287,13.822112,100.513275,,,-0.3,-1.8,-135.7,224.3,,,,22.85,11,AUTO.LOITER,0,0
2026-08-21T20:34:48,1787319288,13.822332,100.513023,,,-0.3,-1.8,-135.7,224.3,,,,22.85,11,AUTO.LOITER,0,0
2026-08-21T20:34:49,1787319289,13.822332,100.513023,,,-0.3,-1.8,-135.7,224.3,,,,22.85,11,AUTO.LOITER,0,0
2026-08-21T20:34:50,1787319290,13.822332,100.513023,,,-0.3,-1.8,-135.7,224.3,,,,22.85,11,AUTO.LOITER,0,0
2026-08-21T20:34:51,1787319291,13.822332,100.513023,,,-0.3,-1.8,-135.7,224.3,,,,22.85,11,AUTO.LOITER,0,0
2026-08-21T20:34:52,1787319292,13.822332,100.513023,,,-0.3,-1.8,-135.7,224.3,,,,22.85,11,AUTO.LOITER,0,0
2026-08-21T20:34:53,1787319293,13.822332,100.513023,,,-0.3,-1.8,-135.7,224.3,,,,22.85,11,AUTO.LOITER,0,0
2026-08-21T20:34:54,1787319294,13.822332,100.513023,,,-0.3,-1.8,-135.7,224.3,,,,22.85,11,AUTO.LOITER,0,0
2026-08-21T20:34:55,1787319295,13.822332,100.513023,,,-0.3,-1.8,-135.7,224.3,,,,22.85,11,AUTO.LOITER,0,0
2026-08-21T20:34:56,1787319296,13.82253,100.512792,,,-0.3,-1.8,-135.7,224.3,,,,22.85,11,AUTO.LOITER,0,0
2026-08-21T20:34:57,1787319297,13.82253,100.512792,,,-0.3,-1.8,-135.7,224.3,,,,22.85,11,AUTO.LOITER,0,0
2026-08-21T20:34:58,1787319298,13.82253,100.512792,,,-0.3,-1.8,-135.7,224.3,,,,22.85,11,AUTO.LOITER,0,0
2026-08-21T20:34:59,1787319299,13.82253,100.512792,,,-0.3,-1.8,-135.7,224.3,,,,22.85,11,AUTO.LOITER,0,0
2026-08-21T20:35:00,1787319300,13.82253,100.512792,,,-0.3,-1.8,-135.7,224.3,,,,22.85,11,AUTO.LOITER,0,0
2026-08-21T20:35:01,1787319301,13.82253,100.512792,,,-0.3,-1.8,-135.7,224.3,,,,22.85,11,AUTO.LOITER,0,0
2026-08-21T20:35:02,1787319302,13.82253,100.512792,,,-0.3,-1.8,-135.7,224.3,,,,22.85,11,AUTO.LOITER,0,0
2026-08-21T20:35:03,1787319303,13.82253,100.512792,,,-0.3,-1.8,-135.7,224.3,,,,22.85,11,AUTO.LOITER,0,0
2026-08-21T20:35:04,1787319304,13.822622,100.512708,,,-0.3,-1.8,-135.7,224.3,,,,22.85,11,AUTO.LOITER,0,0
2026-08-21T20:35:05,1787319305,13.822622,100.512708,,,-0.3,-1.8,-135.7,224.3,,,,22.85,11,AUTO.LOITER,0,0
2026-08-21T20:35:06,1787319306,13.822622,100.512708,,,-0.3,-1.8,-135.7,224.3,,,,22.85,11,AUTO.LOITER,0,0
2026-08-21T20:35:07,1787319307,13.822622,100.512708,,,-0.3,-1.8,-135.7,224.3,,,,22.85,11,AUTO.LOITER,0,0
2026-08-21T20:35:08,1787319308,13.822622,100.512708,,,-0.3,-1.8,-135.7,224.3,,,,22.85,11,AUTO.LOITER,0,0
2026-08-21T20:35:09,1787319309,13.822622,100.512708,,,-0.3,-1.8,-135.7,224.3,,,,22.85,11,AUTO.LOITER,0,0
2026-08-21T20:35:10,1787319310,13.822622,100.512708,,,-0.3,-1.8,-135.7,224.3,,,,22.85,11,AUTO.LOITER,0,0
2026-08-21T20:35:11,1787319311,13.822622,100.512708,,,-0.3,-1.8,-135.7,224.3,,,,22.85,11,AUTO.LOITER,0,0
2026-08-21T20:35:12,1787319312,13.822622,100.512708,,,-0.3,-1.8,-135.7,224.3,,,,22.85,11,AUTO.LOITER,0,0
2026-08-21T20:35:13,1787319313,13.822622,100.512708,,,-0.3,-1.8,-135.7,224.3,,,,22.85,11,AUTO.LOITER,0,0
2026-08-21T20:35:14,1787319314,13.822525,100.512792,,,-0.3,-1.8,-135.7,224.3,,,,22.85,11,AUTO.LOITER,0,0
2026-08-21T20:35:15,1787319315,13.822525,100.512792,,,-0.3,-1.8,-135.7,224.3,,,,22.85,11,AUTO.LOITER,0,0
2026-08-21T20:35:16,1787319316,13.822525,100.512792,,,-0.3,-1.8,-135.7,224.3,,,,22.85,11,AUTO.LOITER,0,0
2026-08-21T20:35:17,1787319317,13.822525,100.512792,,,-0.3,-1.8,-135.7,224.3,,,,22.85,11,AUTO.LOITER,0,0
2026-08-21T20:35:18,1787319318,13.822525,100.512792,,,-0.3,-1.8,-135.7,224.3,,,,22.85,11,AUTO.LOITER,0,0
2026-08-21T20:35:19,1787319319,13.822525,100.512792,,,-0.3,-1.8,-135.7,224.3,,,,22.85,11,AUTO.LOITER,0,0
2026-08-21T20:35:20,1787319320,13.822525,100.512792,,,-0.3,-1.8,-135.7,224.3,,,,22.85,11,AUTO.LOITER,0,0
2026-08-21T20:35:21,1787319321,13.822525,100.512792,,,-0.3,-1.8,-135.7,224.3,,,,22.85,11,AUTO.LOITER,0,0
2026-08-21T20:35:22,1787319322,13.822525,100.512792,,,-0.3,-1.8,-135.7,224.3,,,,22.85,11,AUTO.LOITER,0,0
2026-08-21T20:35:23,1787319323,13.8221,100.513125,,,-0.3,-1.8,-135.7,224.3,,,,22.85,11,AUTO.LOITER,0,0
2026-08-21T20:35:24,1787319324,13.8221,100.513125,,,-0.3,-1.8,-135.7,224.3,,,,22.85,11,AUTO.LOITER,0,0
2026-08-21T20:35:25,1787319325,13.8221,100.513125,,,-0.3,-1.8,-135.7,224.3,,,,22.85,11,AUTO.LOITER,0,0
2026-08-21T20:35:26,1787319326,13.8221,100.513125,,,-0.3,-1.8,-135.7,224.3,,,,22.85,11,AUTO.LOITER,0,0
2026-08-21T20:35:27,1787319327,13.8221,100.513125,,,-0.3,-1.8,-135.7,224.3,,,,22.85,11,AUTO.LOITER,0,0
2026-08-21T20:35:28,1787319328,13.822037,100.513182,,,-0.3,-1.8,-135.7,224.3,,,,22.85,11,AUTO.LOITER,0,0
2026-08-21T20:35:29,1787319329,13.822037,100.513182,,,-0.3,-1.8,-135.7,224.3,,,,22.85,11,AUTO.LOITER,0,0
2026-08-21T20:35:30,1787319330,13.822037,100.513182,,,-0.3,-1.8,-135.7,224.3,,,,22.85,11,AUTO.LOITER,0,0
2026-08-21T20:35:31,1787319331,13.822037,100.513182,,,-0.3,-1.8,-135.7,224.3,,,,22.85,11,AUTO.LOITER,0,0
2026-08-21T20:35:32,1787319332,13.822037,100.513182,,,-0.3,-1.8,-135.7,224.3,,,,22.85,11,AUTO.LOITER,0,0
2026-08-21T20:35:33,1787319333,13.822037,100.513182,,,-0.3,-1.8,-135.7,224.3,,,,22.85,11,AUTO.LOITER,0,0
2026-08-21T20:35:34,1787319334,13.822037,100.513182,,,-0.3,-1.8,-135.7,224.3,,,,22.85,11,AUTO.LOITER,0,0
2026-08-21T20:35:35,1787319335,13.822037,100.513182,,,-0.3,-1.8,-135.7,224.3,,,,22.85,11,AUTO.LOITER,0,0
2026-08-21T20:35:36,1787319336,13.822037,100.513182,,,-0.3,-1.8,-135.7,224.3,,,,22.85,11,AUTO.LOITER,0,0
2026-08-21T20:35:37,1787319337,13.822037,100.513182,,,-0.3,-1.8,-135.7,224.3,,,,22.85,11,AUTO.LOITER,0,0
2026-08-21T20:35:38,1787319338,13.822037,100.513182,,,-0.3,-1.8,-135.7,224.3,,,,22.85,11,AUTO.LOITER,0,0
2026-08-21T20:35:39,1787319339,13.822037,100.513182,,,-0.3,-1.8,-135.7,224.3,,,,22.85,11,AUTO.LOITER,0,0
2026-08-21T20:35:40,1787319340,13.822037,100.513182,,,-0.3,-1.8,-135.7,224.3,,,,22.85,11,AUTO.LOITER,0,0
2026-08-21T20:35:41,1787319341,13.822037,100.513182,,,-0.3,-1.8,-135.7,224.3,,,,22.85,11,AUTO.LOITER,0,0
2026-08-21T20:35:42,1787319342,13.822037,100.513182,,,-0.3,-1.8,-135.7,224.3,,,,22.85,11,AUTO.LOITER,0,0
2026-08-21T20:35:43,1787319343,13.822037,100.513182,,,-0.3,-1.8,-135.7,224.3,,,,22.85,11,AUTO.LOITER,0,0
2026-08-21T20:35:44,1787319344,13.822037,100.513182,,,-0.3,-1.8,-135.7,224.3,,,,22.85,11,AUTO.LOITER,0,0
2026-08-21T20:35:45,1787319345,13.822037,100.513182,,,-0.3,-1.8,-135.7,224.3,,,,22.85,11,AUTO.LOITER,0,0
2026-08-21T20:35:46,1787319346,13.822037,100.513182,,,-0.3,-1.7,-135.7,224.3,,,,22.85,11,AUTO.LOITER,0,0
2026-08-21T20:35:47,1787319347,13.822037,100.513182,,,-0.3,-1.7,-135.7,224.3,,,,22.85,11,AUTO.LOITER,0,0
2026-08-21T20:35:48,1787319348,13.822037,100.513182,,,-0.3,-1.7,-135.7,224.3,,,,22.85,11,AUTO.LOITER,0,0
2026-08-21T20:35:49,1787319349,13.822037,100.513182,,,-0.3,-1.7,-135.7,224.3,,,,22.85,11,AUTO.LOITER,0,0
2026-08-21T20:35:50,1787319350,13.822037,100.513182,,,-0.3,-1.7,-135.7,224.3,,,,22.85,11,AUTO.LOITER,0,0
2026-08-21T20:35:51,1787319351,13.822037,100.513182,,,-0.3,-1.7,-135.7,224.3,,,,22.85,11,AUTO.LOITER,0,0
2026-08-21T20:35:52,1787319352,13.822037,100.513182,,,-0.3,-1.7,-135.7,224.3,,,,22.85,11,AUTO.LOITER,0,0
2026-08-21T20:35:53,1787319353,13.822037,100.513182,,,-0.3,-1.7,-135.7,224.3,,,,22.85,11,AUTO.LOITER,0,0
2026-08-21T20:35:54,1787319354,13.822095,100.513191,,,-0.3,-1.7,-135.7,224.3,,,,22.85,11,AUTO.LOITER,0,0
2026-08-21T20:35:55,1787319355,13.822095,100.513191,,,-0.3,-1.7,-135.7,224.3,,,,22.85,11,AUTO.LOITER,0,0
2026-08-21T20:35:56,1787319356,13.822095,100.513191,,,-0.3,-1.7,-135.7,224.3,,,,22.85,11,AUTO.LOITER,0,0
2026-08-21T20:35:57,1787319357,13.822095,100.513191,,,-0.3,-1.7,-135.7,224.3,,,,22.85,11,AUTO.LOITER,0,0
2026-08-21T20:35:58,1787319358,13.822095,100.513191,,,-0.3,-1.8,-135.7,224.3,,,,22.85,11,AUTO.LOITER,0,0
2026-08-21T20:35:59,1787319359,13.822095,100.513191,,,-0.3,-1.8,-135.7,224.3,,,,22.85,11,AUTO.LOITER,0,0
2026-08-21T20:36:00,1787319360,13.822095,100.513191,,,-0.3,-1.8,-135.7,224.3,,,,22.85,11,AUTO.LOITER,0,0
2026-08-21T20:36:01,1787319361,13.822095,100.513191,,,-0.3,-1.8,-135.7,224.3,,,,22.85,11,AUTO.LOITER,0,0
2026-08-21T20:36:02,1787319362,13.822095,100.513191,,,-0.3,-1.8,-135.7,224.3,,,,22.85,11,AUTO.LOITER,0,0
2026-08-21T20:36:03,1787319363,13.822095,100.513191,,,-0.3,-1.8,-135.7,224.3,,,,22.85,11,AUTO.LOITER,0,0
2026-08-21T20:36:04,1787319364,13.822095,100.513191,,,-0.3,-1.8,-135.7,224.3,,,,22.85,11,AUTO.LOITER,0,0
2026-08-21T20:36:05,1787319365,13.822095,100.513191,,,-0.3,-1.8,-135.7,224.3,,,,22.85,11,AUTO.LOITER,0,0
2026-08-21T20:36:06,1787319366,13.822092,100.513203,,,-0.3,-1.8,-135.7,224.3,,,,22.85,11,AUTO.LOITER,0,0
2026-08-21T20:36:07,1787319367,13.822092,100.513203,,,-0.3,-1.8,-135.7,224.3,,,,22.85,11,AUTO.LOITER,0,0
2026-08-21T20:36:08,1787319368,13.822092,100.513203,,,-0.3,-1.8,-135.7,224.3,,,,22.85,11,AUTO.LOITER,0,0
2026-08-21T20:36:09,1787319369,13.822092,100.513203,,,-0.3,-1.8,-135.7,224.3,,,,22.85,11,AUTO.LOITER,0,0
2026-08-21T20:36:10,1787319370,13.822092,100.513203,,,-0.3,-1.8,-135.7,224.3,,,,22.85,11,AUTO.LOITER,0,0
2026-08-21T20:36:11,1787319371,13.822106,100.513194,,,-0.3,-1.8,-135.7,224.3,,,,22.85,11,AUTO.LOITER,0,0
2026-08-21T20:36:12,1787319372,13.822106,100.513194,,,-0.3,-1.8,-135.7,224.3,,,,22.85,11,AUTO.LOITER,0,0
2026-08-21T20:36:13,1787319373,13.822106,100.513194,,,-0.3,-1.8,-135.7,224.3,,,,22.85,11,AUTO.LOITER,0,0
2026-08-21T20:36:14,1787319374,13.822106,100.513194,,,-0.3,-1.8,-135.7,224.3,,,,22.85,11,AUTO.LOITER,0,0
2026-08-21T20:36:15,1787319375,13.822106,100.513194,,,-0.3,-1.8,-135.7,224.3,,,,22.85,11,AUTO.LOITER,0,0
2026-08-21T20:36:16,1787319376,13.822106,100.513194,,,-0.3,-1.8,-135.7,224.3,,,,22.85,11,AUTO.LOITER,0,0
2026-08-21T20:36:17,1787319377,13.822106,100.513194,,,-0.3,-1.8,-135.7,224.3,,,,22.85,11,AUTO.LOITER,0,0
2026-08-21T20:36:18,1787319378,13.822106,100.513194,,,-0.3,-1.8,-135.7,224.3,,,,22.85,11,AUTO.LOITER,0,0
2026-08-21T20:36:19,1787319379,13.822093,100.513142,,,-0.3,-1.8,-135.7,224.3,,,,22.85,11,AUTO.LOITER,0,0
2026-08-21T20:36:20,1787319380,13.822093,100.513142,,,-0.3,-1.8,-135.7,224.3,,,,22.85,11,AUTO.LOITER,0,0
2026-08-21T20:36:21,1787319381,13.822093,100.513142,,,-0.3,-1.8,-135.7,224.3,,,,22.85,11,AUTO.LOITER,0,0
2026-08-21T20:36:22,1787319382,13.822093,100.513142,,,-0.3,-1.8,-135.7,224.3,,,,22.85,11,AUTO.LOITER,0,0
2026-08-21T20:36:23,1787319383,13.822093,100.513142,,,-0.3,-1.8,-135.7,224.3,,,,22.85,11,AUTO.LOITER,0,0
2026-08-21T20:36:24,1787319384,13.822093,100.513142,,,-0.3,-1.8,-135.7,224.3,,,,22.85,11,AUTO.LOITER,0,0
2026-08-21T20:36:25,1787319385,13.822069,100.513178,,,-0.3,-1.8,-135.7,224.3,,,,22.85,11,AUTO.LOITER,0,0
2026-08-21T20:36:26,1787319386,13.822069,100.513178,,,-0.3,-1.8,-135.7,224.3,,,,22.85,11,AUTO.LOITER,0,0
2026-08-21T20:36:27,1787319387,13.822069,100.513178,,,-0.3,-1.8,-135.7,224.3,,,,22.85,11,AUTO.LOITER,0,0
2026-08-21T20:36:28,1787319388,13.822069,100.513178,,,-0.3,-1.8,-135.7,224.3,,,,22.85,11,AUTO.LOITER,0,0
2026-08-21T20:36:29,1787319389,13.822069,100.513178,,,-0.3,-1.8,-135.7,224.3,,,,22.85,11,AUTO.LOITER,0,0
2026-08-21T20:36:30,1787319390,13.822069,100.513178,,,-0.3,-1.8,-135.7,224.3,,,,22.85,11,AUTO.LOITER,0,0
2026-08-21T20:36:31,1787319391,13.822069,100.513178,,,-0.3,-1.8,-135.7,224.3,,,,22.85,11,AUTO.LOITER,0,0
2026-08-21T20:36:32,1787319392,13.822069,100.513178,,,-0.3,-1.8,-135.7,224.3,,,,22.85,11,AUTO.LOITER,0,0
2026-08-21T20:36:33,1787319393,13.822069,100.513178,,,-0.3,-1.8,-135.7,224.3,,,,22.85,11,AUTO.LOITER,0,0
2026-08-21T20:36:34,1787319394,13.822069,100.513178,,,-0.3,-1.8,-135.7,224.3,,,,22.85,11,AUTO.LOITER,0,0
2026-08-21T20:36:35,1787319395,13.822069,100.513178,,,-0.3,-1.8,-135.7,224.3,,,,22.85,11,AUTO.LOITER,0,0
2026-08-21T20:36:36,1787319396,13.822069,100.513178,,,-0.3,-1.8,-135.7,224.3,,,,22.85,11,AUTO.LOITER,0,0
2026-08-21T20:36:37,1787319397,13.822069,100.513178,,,-0.3,-1.8,-135.7,224.3,,,,22.85,11,AUTO.LOITER,0,0
2026-08-21T20:36:38,1787319398,13.822069,100.513178,,,-0.3,-1.8,-135.7,224.3,,,,22.85,11,AUTO.LOITER,0,0
2026-08-21T20:36:39,1787319399,13.822069,100.513178,,,-0.3,-1.8,-135.7,224.3,,,,22.85,11,AUTO.LOITER,0,0
2026-08-21T20:36:40,1787319400,13.822069,100.513178,,,-0.3,-1.8,-135.7,224.3,,,,22.85,11,AUTO.LOITER,0,0
2026-08-21T20:36:41,1787319401,13.822069,100.513178,,,-0.3,-1.8,-135.7,224.3,,,,22.85,11,AUTO.LOITER,0,0
2026-08-21T20:36:42,1787319402,13.822006,100.513296,,,-0.3,-1.8,-135.7,224.3,,,,22.85,11,AUTO.LOITER,0,0
2026-08-21T20:36:43,1787319403,13.822006,100.513296,,,-0.3,-1.8,-135.7,224.3,,,,22.85,11,AUTO.LOITER,0,0
2026-08-21T20:36:44,1787319404,13.822006,100.513296,,,-0.3,-1.8,-135.7,224.3,,,,22.85,11,AUTO.LOITER,0,0
2026-08-21T20:36:45,1787319405,13.822006,100.513296,,,-0.3,-1.8,-135.7,224.3,,,,22.85,11,AUTO.LOITER,0,0
2026-08-21T20:36:46,1787319406,13.822006,100.513296,,,-0.3,-1.8,-135.7,224.3,,,,22.85,11,AUTO.LOITER,0,0
2026-08-21T20:36:47,1787319407,13.822017,100.513288,,,-0.3,-1.8,-135.7,224.3,,,,22.85,11,AUTO.LOITER,0,0
2026-08-21T20:36:48,1787319408,13.822017,100.513288,,,-0.3,-1.8,-135.7,224.3,,,,22.85,11,AUTO.LOITER,0,0
2026-08-21T20:36:49,1787319409,13.822017,100.513288,,,-0.3,-1.8,-135.8,224.2,,,,22.85,11,AUTO.LOITER,0,0
2026-08-21T20:36:50,1787319410,13.822017,100.513288,,,-0.3,-1.8,-135.8,224.2,,,,22.85,11,AUTO.LOITER,0,0
2026-08-21T20:36:51,1787319411,13.822017,100.513288,,,-0.3,-1.8,-135.8,224.2,,,,22.85,11,AUTO.LOITER,0,0
2026-08-21T20:36:52,1787319412,13.822017,100.513288,,,-0.3,-1.8,-135.8,224.2,,,,22.85,11,AUTO.LOITER,0,0
2026-08-21T20:36:53,1787319413,13.822017,100.513288,,,-0.3,-1.8,-135.8,224.2,,,,22.85,11,AUTO.LOITER,0,0
2026-08-21T20:36:54,1787319414,13.822017,100.513288,,,-0.3,-1.8,-135.8,224.2,,,,22.85,11,AUTO.LOITER,0,0
2026-08-21T20:36:55,1787319415,13.822017,100.513288,,,-0.3,-1.8,-135.8,224.2,,,,22.85,11,AUTO.LOITER,0,0
2026-08-21T20:36:56,1787319416,13.822017,100.513288,,,-0.3,-1.8,-135.8,224.2,,,,22.85,11,AUTO.LOITER,0,0
2026-08-21T20:36:57,1787319417,13.822017,100.513288,,,-0.3,-1.8,-135.8,224.2,,,,22.85,11,AUTO.LOITER,0,0
2026-08-21T20:36:58,1787319418,13.822017,100.513288,,,-0.3,-1.8,-135.8,224.2,,,,22.85,11,AUTO.LOITER,0,0
2026-08-21T20:36:59,1787319419,13.822017,100.513288,,,-0.3,-1.8,-135.8,224.2,,,,22.85,11,AUTO.LOITER,0,0
2026-08-21T20:37:00,1787319420,13.822017,100.513288,,,-0.3,-1.8,-135.8,224.2,,,,22.85,11,AUTO.LOITER,0,0
2026-08-21T20:37:01,1787319421,13.822017,100.513288,,,-0.3,-1.8,-135.8,224.2,,,,22.85,11,AUTO.LOITER,0,0
2026-08-21T20:37:02,1787319422,13.822017,100.513288,,,-0.3,-1.8,-135.8,224.2,,,,22.85,11,AUTO.LOITER,0,0
2026-08-21T20:37:03,1787319423,13.822017,100.513288,,,-0.3,-1.8,-135.8,224.2,,,,22.85,11,AUTO.LOITER,0,0
2026-08-21T20:37:04,1787319424,13.822006,100.513296,,,-0.3,-1.8,-135.8,224.2,,,,22.85,11,AUTO.LOITER,0,0
2026-08-21T20:37:05,1787319425,13.822006,100.513296,,,-0.3,-1.8,-135.8,224.2,,,,22.85,11,AUTO.LOITER,0,0
2026-08-21T20:37:06,1787319426,13.822006,100.513296,,,-0.3,-1.8,-135.8,224.2,,,,22.85,11,AUTO.LOITER,0,0
2026-08-21T20:37:07,1787319427,13.822006,100.513296,,,-0.3,-1.8,-135.8,224.2,,,,22.85,11,AUTO.LOITER,0,0
2026-08-21T20:37:08,1787319428,13.822006,100.513296,,,-0.3,-1.8,-135.8,224.2,,,,22.85,11,AUTO.LOITER,0,0
2026-08-21T20:37:09,1787319429,13.822006,100.513296,,,-0.3,-1.8,-135.8,224.2,,,,22.85,11,AUTO.LOITER,0,0
2026-08-21T20:37:10,1787319430,13.822006,100.513296,,,-0.3,-1.8,-135.8,224.2,,,,22.85,11,AUTO.LOITER,0,0
2026-08-21T20:37:11,1787319431,13.822006,100.513296,,,-0.3,-1.8,-135.8,224.2,,,,22.85,11,AUTO.LOITER,0,0
2026-08-21T20:37:12,1787319432,13.822006,100.513296,,,-0.3,-1.8,-135.8,224.2,,,,22.85,11,AUTO.LOITER,0,0
2026-08-21T20:37:13,1787319433,13.821999,100.513287,,,-0.3,-1.8,-135.8,224.2,,,,22.84,10,AUTO.LOITER,0,0
2026-08-21T20:37:14,1787319434,13.821999,100.513287,,,-0.3,-1.8,-135.8,224.2,,,,22.84,10,AUTO.LOITER,0,0
2026-08-21T20:37:15,1787319435,13.821999,100.513287,,,-0.3,-1.8,-135.7,224.3,,,,22.84,10,AUTO.LOITER,0,0
2026-08-21T20:37:16,1787319436,13.821999,100.513287,,,-0.3,-1.8,-135.7,224.3,,,,22.84,10,AUTO.LOITER,0,0
2026-08-21T20:37:17,1787319437,13.821999,100.513287,,,-0.3,-1.8,-135.7,224.3,,,,22.84,10,AUTO.LOITER,0,0
2026-08-21T20:37:18,1787319438,13.821999,100.513287,,,-0.3,-1.8,-135.7,224.3,,,,22.84,10,AUTO.LOITER,0,0
2026-08-21T20:37:19,1787319439,13.821999,100.513287,,,-0.3,-1.8,-135.7,224.3,,,,22.84,10,AUTO.LOITER,0,0
2026-08-21T20:37:20,1787319440,13.821999,100.513287,,,-0.3,-1.8,-135.7,224.3,,,,22.84,10,AUTO.LOITER,0,0
2026-08-21T20:37:21,1787319441,13.82201,100.513263,,,-0.3,-1.8,-135.7,224.3,,,,22.84,10,AUTO.LOITER,0,0
2026-08-21T20:37:22,1787319442,13.82201,100.513263,,,-0.3,-1.8,-135.7,224.3,,,,22.84,10,AUTO.LOITER,0,0
2026-08-21T20:37:23,1787319443,13.82201,100.513263,,,-0.3,-1.8,-135.7,224.3,,,,22.84,10,AUTO.LOITER,0,0
2026-08-21T20:37:24,1787319444,13.82201,100.513263,,,-0.3,-1.8,-135.7,224.3,,,,22.84,10,AUTO.LOITER,0,0
2026-08-21T20:37:25,1787319445,13.82201,100.513263,,,-0.3,-1.8,-135.7,224.3,,,,22.84,10,AUTO.LOITER,0,0
2026-08-21T20:37:26,1787319446,13.82201,100.513263,,,-0.3,-1.8,-135.7,224.3,,,,22.84,10,AUTO.LOITER,0,0
2026-08-21T20:37:27,1787319447,13.82201,100.513263,,,-0.3,-1.8,-135.7,224.3,,,,22.84,10,AUTO.LOITER,0,0
2026-08-21T20:37:28,1787319448,13.82201,100.513263,,,-0.3,-1.8,-135.7,224.3,,,,22.84,10,AUTO.LOITER,0,0
2026-08-21T20:37:31,1787319451,13.82201,100.513263,,,-0.3,-1.8,-135.7,224.3,,,,22.84,10,AUTO.LOITER,0,0
2026-08-21T20:37:32,1787319452,13.82201,100.513263,,,-0.3,-1.8,-135.7,224.3,,,,22.84,10,AUTO.LOITER,0,0
2026-08-21T20:37:33,1787319453,13.82201,100.513263,,,-0.3,-1.8,-135.7,224.3,,,,22.84,10,AUTO.LOITER,0,0
2026-08-21T20:37:34,1787319454,13.82201,100.513263,,,-0.3,-1.8,-135.7,224.3,,,,22.84,10,AUTO.LOITER,0,0
2026-08-21T20:37:35,1787319455,13.821997,100.513259,,,-0.3,-1.8,-135.7,224.3,,,,22.84,10,AUTO.LOITER,0,0
2026-08-21T20:37:36,1787319456,13.821997,100.513259,,,-0.3,-1.8,-135.7,224.3,,,,22.84,10,AUTO.LOITER,0,0
2026-08-21T20:37:37,1787319457,13.821997,100.513259,,,-0.3,-1.8,-135.7,224.3,,,,22.84,10,AUTO.LOITER,0,0
2026-08-21T20:37:38,1787319458,13.821997,100.513259,,,-0.3,-1.8,-135.7,224.3,,,,22.84,10,AUTO.LOITER,0,0
2026-08-21T20:37:39,1787319459,13.821997,100.513259,,,-0.3,-1.8,-135.7,224.3,,,,22.84,10,AUTO.LOITER,0,0
2026-08-21T20:37:40,1787319460,13.821997,100.513259,,,-0.3,-1.8,-135.7,224.3,,,,22.84,10,AUTO.LOITER,0,0
2026-08-21T20:37:41,1787319461,13.821997,100.513259,,,-0.3,-1.8,-135.7,224.3,,,,22.84,10,AUTO.LOITER,0,0
2026-08-21T20:37:42,1787319462,13.821997,100.513259,,,-0.3,-1.8,-135.7,224.3,,,,22.84,10,AUTO.LOITER,0,0
2026-08-21T20:37:43,1787319463,13.821997,100.513259,,,-0.3,-1.8,-135.7,224.3,,,,22.84,10,AUTO.LOITER,0,0
2026-08-21T20:37:44,1787319464,13.821997,100.513247,,,-0.3,-1.8,-135.7,224.3,,,,22.84,10,AUTO.LOITER,0,0
2026-08-21T20:37:45,1787319465,13.821997,100.513247,,,-0.3,-1.8,-135.7,224.3,,,,22.84,10,AUTO.LOITER,0,0
2026-08-21T20:37:46,1787319466,13.821997,100.513247,,,-0.3,-1.8,-135.7,224.3,,,,22.84,10,AUTO.LOITER,0,0
2026-08-21T20:37:47,1787319467,13.821997,100.513247,,,-0.3,-1.8,-135.7,224.3,,,,22.84,10,AUTO.LOITER,0,0
2026-08-21T20:37:51,1787319471,13.821997,100.513247,,,-0.3,-1.8,-135.7,224.3,,,,22.84,10,AUTO.LOITER,0,0
2026-08-21T20:37:52,1787319472,13.821984,100.513295,,,-0.3,-1.8,-135.7,224.3,,,,22.84,10,AUTO.LOITER,0,0
2026-08-21T20:37:53,1787319473,13.821984,100.513295,,,-0.3,-1.8,-135.7,224.3,,,,22.84,10,AUTO.LOITER,0,0
2026-08-21T20:37:54,1787319474,13.821984,100.513295,,,-0.3,-1.8,-135.7,224.3,,,,22.84,10,AUTO.LOITER,0,0
2026-08-21T20:37:55,1787319475,13.821984,100.513295,,,-0.3,-1.8,-135.7,224.3,,,,22.84,10,AUTO.LOITER,0,0
2026-08-21T20:37:56,1787319476,13.821984,100.513295,,,-0.3,-1.8,-135.7,224.3,,,,22.84,10,AUTO.LOITER,0,0
2026-08-21T20:37:57,1787319477,13.821984,100.513295,,,-0.3,-1.8,-135.7,224.3,,,,22.84,10,AUTO.LOITER,0,0
2026-08-21T20:37:58,1787319478,13.821984,100.513295,,,-0.3,-1.8,-135.7,224.3,,,,22.84,10,AUTO.LOITER,0,0
2026-08-21T20:37:59,1787319479,13.822016,100.513259,,,-0.3,-1.8,-135.7,224.3,,,,22.84,10,AUTO.LOITER,0,0
2026-08-21T20:38:00,1787319480,13.822016,100.513259,,,-0.3,-1.8,-135.6,224.4,,,,22.84,10,AUTO.LOITER,0,0
2026-08-21T20:38:01,1787319481,13.822016,100.513259,,,-0.3,-1.8,-135.6,224.4,,,,22.84,10,AUTO.LOITER,0,0
2026-08-21T20:38:02,1787319482,13.822016,100.513259,,,-0.3,-1.8,-135.6,224.4,,,,22.84,10,AUTO.LOITER,0,0
2026-08-21T20:38:03,1787319483,13.822016,100.513259,,,-0.3,-1.8,-135.6,224.4,,,,22.84,10,AUTO.LOITER,0,0
2026-08-21T20:38:04,1787319484,13.822016,100.513259,,,-0.3,-1.8,-135.6,224.4,,,,22.84,10,AUTO.LOITER,0,0
2026-08-21T20:38:05,1787319485,13.822016,100.513259,,,-0.3,-1.8,-135.6,224.4,,,,22.84,10,AUTO.LOITER,0,0
2026-08-21T20:38:06,1787319486,13.822016,100.513259,,,-0.3,-1.8,-135.6,224.4,,,,22.84,10,AUTO.LOITER,0,0
2026-08-21T20:38:07,1787319487,13.822016,100.513259,,,-0.3,-1.8,-135.6,224.4,,,,22.84,10,AUTO.LOITER,0,0
2026-08-21T20:38:08,1787319488,13.822016,100.513259,,,-0.3,-1.7,-135.6,224.4,,,,22.84,10,AUTO.LOITER,0,0
2026-08-21T20:38:09,1787319489,13.822036,100.513229,,,-0.3,-1.7,-135.6,224.4,,,,22.84,10,AUTO.LOITER,0,0
2026-08-21T20:38:10,1787319490,13.822036,100.513229,,,-0.3,-1.7,-135.6,224.4,,,,22.84,10,AUTO.LOITER,0,0
2026-08-21T20:38:11,1787319491,13.822036,100.513229,,,-0.3,-1.7,-135.6,224.4,,,,22.84,10,AUTO.LOITER,0,0
2026-08-21T20:38:12,1787319492,13.822036,100.513229,,,-0.3,-1.7,-135.6,224.4,,,,22.84,10,AUTO.LOITER,0,0
2026-08-21T20:38:13,1787319493,13.822036,100.513229,,,-0.3,-1.7,-135.6,224.4,,,,22.84,10,AUTO.LOITER,0,0
2026-08-21T20:38:14,1787319494,13.822036,100.513229,,,-0.3,-1.8,-135.6,224.4,,,,22.84,10,AUTO.LOITER,0,0
2026-08-21T20:38:15,1787319495,13.822036,100.513229,,,-0.3,-1.8,-135.6,224.4,,,,22.84,10,AUTO.LOITER,0,0
2026-08-21T20:38:16,1787319496,13.822036,100.513229,,,-0.3,-1.8,-135.6,224.4,,,,22.84,10,AUTO.LOITER,0,0
2026-08-21T20:38:17,1787319497,13.822036,100.513229,,,-0.3,-1.8,-135.6,224.4,,,,22.84,10,AUTO.LOITER,0,0
2026-08-21T20:38:18,1787319498,13.822041,100.51321,,,-0.3,-1.8,-135.6,224.4,,,,22.84,10,AUTO.LOITER,0,0
2026-08-21T20:38:19,1787319499,13.822041,100.51321,,,-0.3,-1.8,-135.6,224.4,,,,22.84,10,AUTO.LOITER,0,0
2026-08-21T20:38:20,1787319500,13.822041,100.51321,,,-0.3,-1.8,-135.6,224.4,,,,22.84,10,AUTO.LOITER,0,0
2026-08-21T20:38:21,1787319501,13.822041,100.51321,,,-0.3,-1.8,-135.6,224.4,,,,22.84,10,AUTO.LOITER,0,0
2026-08-21T20:38:22,1787319502,13.822041,100.51321,,,-0.3,-1.8,-135.7,224.3,,,,22.84,10,AUTO.LOITER,0,0
2026-08-21T20:38:23,1787319503,13.822041,100.51321,,,-0.3,-1.8,-135.7,224.3,,,,22.84,10,AUTO.LOITER,0,0
2026-08-21T20:38:24,1787319504,13.822041,100.51321,,,-0.3,-1.8,-135.7,224.3,,,,22.84,10,AUTO.LOITER,0,0
2026-08-21T20:38:25,1787319505,13.82204,100.513194,,,-0.3,-1.8,-135.7,224.3,,,,22.84,10,AUTO.LOITER,0,0
2026-08-21T20:38:26,1787319506,13.82204,100.513194,,,-0.3,-1.8,-135.7,224.3,,,,22.84,10,AUTO.LOITER,0,0
2026-08-21T20:38:27,1787319507,13.82204,100.513194,,,-0.3,-1.8,-135.7,224.3,,,,22.84,10,AUTO.LOITER,0,0
2026-08-21T20:38:28,1787319508,13.82204,100.513194,,,-0.3,-1.8,-135.7,224.3,,,,22.84,10,AUTO.LOITER,0,0
2026-08-21T20:38:29,1787319509,13.82204,100.513194,,,-0.3,-1.8,-135.7,224.3,,,,22.84,10,AUTO.LOITER,0,0
2026-08-21T20:38:30,1787319510,13.82204,100.513194,,,-0.3,-1.8,-135.7,224.3,,,,22.84,10,AUTO.LOITER,0,0
2026-08-21T20:38:31,1787319511,13.82204,100.513194,,,-0.3,-1.8,-135.7,224.3,,,,22.84,10,AUTO.LOITER,0,0
2026-08-21T20:38:32,1787319512,13.82204,100.513194,,,-0.3,-1.8,-135.7,224.3,,,,22.84,10,AUTO.LOITER,0,0
2026-08-21T20:38:33,1787319513,13.822027,100.513225,,,-0.3,-1.8,-135.7,224.3,,,,22.84,10,AUTO.LOITER,0,0
2026-08-21T20:38:34,1787319514,13.822027,100.513225,,,-0.3,-1.8,-135.7,224.3,,,,22.84,10,AUTO.LOITER,0,0
2026-08-21T20:38:35,1787319515,13.822027,100.513225,,,-0.3,-1.8,-135.7,224.3,,,,22.84,10,AUTO.LOITER,0,0
2026-08-21T20:38:36,1787319516,13.822027,100.513225,,,-0.3,-1.8,-135.7,224.3,,,,22.84,10,AUTO.LOITER,0,0
2026-08-21T20:38:37,1787319517,13.822027,100.513225,,,-0.3,-1.8,-135.7,224.3,,,,22.84,10,AUTO.LOITER,0,0
2026-08-21T20:38:38,1787319518,13.822027,100.513225,,,-0.3,-1.8,-135.7,224.3,,,,22.84,10,AUTO.LOITER,0,0
2026-08-21T20:38:39,1787319519,13.822027,100.513225,,,-0.3,-1.8,-135.7,224.3,,,,22.84,10,AUTO.LOITER,0,0
2026-08-21T20:38:40,1787319520,13.822027,100.513225,,,-0.3,-1.8,-135.7,224.3,,,,22.84,10,AUTO.LOITER,0,0
2026-08-21T20:38:41,1787319521,13.822027,100.513225,,,-0.3,-1.8,-135.7,224.3,,,,22.84,10,AUTO.LOITER,0,0
2026-08-21T20:38:42,1787319522,13.821973,100.513281,,,-0.3,-1.8,-135.7,224.3,,,,22.84,10,AUTO.LOITER,0,0
2026-08-21T20:38:43,1787319523,13.821973,100.513281,,,-0.3,-1.8,-135.7,224.3,,,,22.84,10,AUTO.LOITER,0,0
2026-08-21T20:38:44,1787319524,13.821973,100.513281,,,-0.3,-1.8,-135.7,224.3,,,,22.84,10,AUTO.LOITER,0,0
2026-08-21T20:38:45,1787319525,13.821973,100.513281,,,-0.3,-1.8,-135.7,224.3,,,,22.84,10,AUTO.LOITER,0,0
2026-08-21T20:38:46,1787319526,13.821973,100.513281,,,-0.3,-1.8,-135.8,224.2,,,,22.84,10,AUTO.LOITER,0,0
2026-08-21T20:38:47,1787319527,13.821934,100.513337,,,-0.3,-1.8,-135.8,224.2,,,,22.84,10,AUTO.LOITER,0,0
2026-08-21T20:38:48,1787319528,13.821934,100.513337,,,-0.3,-1.8,-135.8,224.2,,,,22.84,10,AUTO.LOITER,0,0
2026-08-21T20:38:49,1787319529,13.821934,100.513337,,,-0.3,-1.8,-135.8,224.2,,,,22.84,10,AUTO.LOITER,0,0
2026-08-21T20:38:50,1787319530,13.821934,100.513337,,,-0.3,-1.8,-135.8,224.2,,,,22.84,10,AUTO.LOITER,0,0
2026-08-21T20:38:51,1787319531,13.821934,100.513337,,,-0.3,-1.8,-135.8,224.2,,,,22.84,10,AUTO.LOITER,0,0
2026-08-21T20:38:52,1787319532,13.821934,100.513337,,,-0.3,-1.8,-135.8,224.2,,,,22.84,10,AUTO.LOITER,0,0
2026-08-21T20:38:53,1787319533,13.821934,100.513337,,,-0.3,-1.8,-135.8,224.2,,,,22.84,10,AUTO.LOITER,0,0
2026-08-21T20:38:54,1787319534,13.821934,100.513337,,,-0.3,-1.8,-135.8,224.2,,,,22.84,10,AUTO.LOITER,0,0
2026-08-21T20:38:55,1787319535,13.821934,100.513337,,,-0.3,-1.8,-135.8,224.2,,,,22.84,10,AUTO.LOITER,0,0
2026-08-21T20:38:56,1787319536,13.821897,100.513433,,,-0.3,-1.8,-135.8,224.2,,,,22.84,10,AUTO.LOITER,0,0
2026-08-21T20:38:57,1787319537,13.821897,100.513433,,,-0.3,-1.8,-135.8,224.2,,,,22.84,10,AUTO.LOITER,0,0
2026-08-21T20:38:58,1787319538,13.821897,100.513433,,,-0.3,-1.8,-135.8,224.2,,,,22.84,10,AUTO.LOITER,0,0
2026-08-21T20:38:59,1787319539,13.821897,100.513433,,,-0.3,-1.8,-135.8,224.2,,,,22.84,10,AUTO.LOITER,0,0
2026-08-21T20:39:00,1787319540,13.821897,100.513433,,,-0.3,-1.8,-135.8,224.2,,,,22.84,10,AUTO.LOITER,0,0
2026-08-21T20:39:01,1787319541,13.821897,100.513468,,,-0.3,-1.8,-135.8,224.2,,,,22.84,10,AUTO.LOITER,0,0
2026-08-21T20:39:02,1787319542,13.821897,100.513468,,,-0.3,-1.8,-135.8,224.2,,,,22.84,10,AUTO.LOITER,0,0
2026-08-21T20:39:03,1787319543,13.821897,100.513468,,,-0.3,-1.8,-135.8,224.2,,,,22.84,10,AUTO.LOITER,0,0
2026-08-21T20:39:04,1787319544,13.821897,100.513468,,,-0.3,-1.8,-135.8,224.2,,,,22.84,10,AUTO.LOITER,0,0
2026-08-21T20:39:05,1787319545,13.821887,100.5135,,,-0.3,-1.8,-135.8,224.2,,,,22.84,10,AUTO.LOITER,0,0
2026-08-21T20:39:06,1787319546,13.821887,100.5135,,,-0.3,-1.8,-135.8,224.2,,,,22.84,10,AUTO.LOITER,0,0
2026-08-21T20:39:07,1787319547,13.821887,100.5135,,,-0.3,-1.8,-135.8,224.2,,,,22.84,10,AUTO.LOITER,0,0
2026-08-21T20:39:08,1787319548,13.821887,100.5135,,,-0.3,-1.8,-135.8,224.2,,,,22.84,10,AUTO.LOITER,0,0
2026-08-21T20:39:09,1787319549,13.821887,100.5135,,,-0.3,-1.8,-135.8,224.2,,,,22.84,10,AUTO.LOITER,0,0
2026-08-21T20:39:10,1787319550,13.821887,100.5135,,,-0.3,-1.8,-135.8,224.2,,,,22.84,10,AUTO.LOITER,0,0
2026-08-21T20:39:11,1787319551,13.821887,100.5135,,,-0.3,-1.8,-135.8,224.2,,,,22.84,10,AUTO.LOITER,0,0
2026-08-21T20:39:12,1787319552,13.821887,100.5135,,,-0.3,-1.8,-135.8,224.2,,,,22.84,10,AUTO.LOITER,0,0
2026-08-21T20:39:13,1787319553,13.821887,100.5135,,,-0.3,-1.8,-135.8,224.2,,,,22.84,10,AUTO.LOITER,0,0
2026-08-21T20:39:14,1787319554,13.821949,100.513387,,,-0.3,-1.8,-135.8,224.2,,,,22.84,10,AUTO.LOITER,0,0
2026-08-21T20:39:15,1787319555,13.821949,100.513387,,,-0.3,-1.8,-135.8,224.2,,,,22.84,10,AUTO.LOITER,0,0
2026-08-21T20:39:16,1787319556,13.821949,100.513387,,,-0.3,-1.8,-135.8,224.2,,,,22.84,10,AUTO.LOITER,0,0
2026-08-21T20:39:17,1787319557,13.821949,100.513387,,,-0.3,-1.8,-135.8,224.2,,,,22.84,10,AUTO.LOITER,0,0
2026-08-21T20:39:18,1787319558,13.821949,100.513387,,,-0.3,-1.8,-135.8,224.2,,,,22.84,10,AUTO.LOITER,0,0
2026-08-21T20:39:19,1787319559,13.821949,100.513387,,,-0.3,-1.8,-135.8,224.2,,,,22.84,10,AUTO.LOITER,0,0
2026-08-21T20:39:20,1787319560,13.821949,100.513387,,,-0.3,-1.8,-135.8,224.2,,,,22.84,10,AUTO.LOITER,0,0
2026-08-21T20:39:21,1787319561,13.821949,100.513387,,,-0.3,-1.8,-135.8,224.2,,,,22.84,10,AUTO.LOITER,0,0
2026-08-21T20:39:22,1787319562,13.822011,100.513252,,,-0.3,-1.8,-135.8,224.2,,,,22.84,10,AUTO.LOITER,0,0
2026-08-21T20:39:23,1787319563,13.822011,100.513252,,,-0.3,-1.8,-135.8,224.2,,,,22.84,10,AUTO.LOITER,0,0
2026-08-21T20:39:24,1787319564,13.822011,100.513252,,,-0.3,-1.8,-135.8,224.2,,,,22.84,10,AUTO.LOITER,0,0
2026-08-21T20:39:25,1787319565,13.822011,100.513252,,,-0.3,-1.8,-135.8,224.2,,,,22.84,10,AUTO.LOITER,0,0
2026-08-21T20:39:26,1787319566,13.822011,100.513252,,,-0.3,-1.8,-135.8,224.2,,,,22.84,10,AUTO.LOITER,0,0
2026-08-21T20:39:27,1787319567,13.822011,100.513252,,,-0.3,-1.8,-135.8,224.2,,,,22.84,10,AUTO.LOITER,0,0
2026-08-21T20:39:28,1787319568,13.822011,100.513252,,,-0.3,-1.8,-135.8,224.2,,,,22.84,10,AUTO.LOITER,0,0
2026-08-21T20:39:29,1787319569,13.822011,100.513252,,,-0.3,-1.8,-135.8,224.2,,,,22.84,10,AUTO.LOITER,0,0
2026-08-21T20:39:30,1787319570,13.822011,100.513252,,,-0.3,-1.8,-135.8,224.2,,,,22.84,10,AUTO.LOITER,0,0
2026-08-21T20:39:31,1787319571,13.822043,100.513199,,,-0.3,-1.8,-135.8,224.2,,,,22.84,10,AUTO.LOITER,0,0
2026-08-21T20:39:32,1787319572,13.822043,100.513199,,,-0.3,-1.8,-135.8,224.2,,,,22.84,10,AUTO.LOITER,0,0
2026-08-21T20:39:33,1787319573,13.822043,100.513199,,,-0.3,-1.8,-135.8,224.2,,,,22.84,10,AUTO.LOITER,0,0
2026-08-21T20:39:34,1787319574,13.822043,100.513199,,,-0.3,-1.8,-135.8,224.2,,,,22.84,10,AUTO.LOITER,0,0
2026-08-21T20:39:35,1787319575,13.822043,100.513199,,,-0.3,-1.8,-135.8,224.2,,,,22.84,10,AUTO.LOITER,0,0
2026-08-21T20:39:36,1787319576,13.822043,100.513199,,,-0.3,-1.8,-135.8,224.2,,,,22.84,10,AUTO.LOITER,0,0
2026-08-21T20:39:37,1787319577,13.822043,100.513199,,,-0.3,-1.8,-135.8,224.2,,,,22.84,10,AUTO.LOITER,0,0
2026-08-21T20:39:38,1787319578,13.822043,100.513199,,,-0.3,-1.8,-135.8,224.2,,,,22.84,10,AUTO.LOITER,0,0
2026-08-21T20:39:39,1787319579,13.822043,100.513199,,,-0.3,-1.8,-135.8,224.2,,,,22.84,10,AUTO.LOITER,0,0
2026-08-21T20:39:40,1787319580,13.822043,100.513199,,,-0.3,-1.8,-135.8,224.2,,,,22.84,10,AUTO.LOITER,0,0
2026-08-21T20:39:41,1787319581,13.822043,100.513199,,,-0.3,-1.8,-135.8,224.2,,,,22.84,10,AUTO.LOITER,0,0
2026-08-21T20:39:42,1787319582,13.822043,100.513199,,,-0.3,-1.8,-135.7,224.3,,,,22.84,10,AUTO.LOITER,0,0
2026-08-21T20:39:43,1787319583,13.822027,100.513185,,,-0.3,-1.8,-135.7,224.3,,,,22.84,10,AUTO.LOITER,0,0
2026-08-21T20:39:44,1787319584,13.822027,100.513185,,,-0.3,-1.8,-135.7,224.3,,,,22.84,10,AUTO.LOITER,0,0
2026-08-21T20:39:45,1787319585,13.822027,100.513185,,,-0.3,-1.8,-135.7,224.3,,,,22.84,10,AUTO.LOITER,0,0
2026-08-21T20:39:46,1787319586,13.822027,100.513185,,,-0.3,-1.8,-135.7,224.3,,,,22.84,10,AUTO.LOITER,0,0
2026-08-21T20:39:47,1787319587,13.822009,100.513209,,,-0.3,-1.8,-135.7,224.3,,,,22.84,10,AUTO.LOITER,0,0
2026-08-21T20:39:48,1787319588,13.822009,100.513209,,,-0.3,-1.8,-135.7,224.3,,,,22.84,10,AUTO.LOITER,0,0
2026-08-21T20:39:49,1787319589,13.822009,100.513209,,,-0.3,-1.8,-135.7,224.3,,,,22.84,10,AUTO.LOITER,0,0
2026-08-21T20:39:50,1787319590,13.822009,100.513209,,,-0.3,-1.8,-135.7,224.3,,,,22.84,10,AUTO.LOITER,0,0
2026-08-21T20:39:51,1787319591,13.822009,100.513209,,,-0.3,-1.8,-135.7,224.3,,,,22.84,10,AUTO.LOITER,0,0
2026-08-21T20:39:52,1787319592,13.822009,100.513209,,,-0.3,-1.8,-135.7,224.3,,,,22.84,10,AUTO.LOITER,0,0
2026-08-21T20:39:53,1787319593,13.822009,100.513209,,,-0.3,-1.8,-135.7,224.3,,,,22.84,10,AUTO.LOITER,0,0
2026-08-21T20:39:54,1787319594,13.822009,100.513209,,,-0.3,-1.8,-135.7,224.3,,,,22.84,10,AUTO.LOITER,0,0
2026-08-21T20:39:55,1787319595,13.822009,100.513209,,,-0.3,-1.8,-135.7,224.3,,,,22.84,10,AUTO.LOITER,0,0
2026-08-21T20:39:56,1787319596,13.822009,100.513209,,,-0.3,-1.8,-135.7,224.3,,,,22.84,10,AUTO.LOITER,0,0
2026-08-21T20:39:57,1787319597,13.822009,100.513209,,,-0.3,-1.8,-135.7,224.3,,,,22.84,10,AUTO.LOITER,0,0
2026-08-21T20:39:58,1787319598,13.822009,100.513209,,,-0.3,-1.8,-135.7,224.3,,,,22.84,10,AUTO.LOITER,0,0
2026-08-21T20:39:59,1787319599,13.822009,100.513209,,,-0.3,-1.8,-135.7,224.3,,,,22.84,10,AUTO.LOITER,0,0
2026-08-21T20:40:00,1787319600,13.822009,100.513209,,,-0.3,-1.8,-135.7,224.3,,,,22.84,10,AUTO.LOITER,0,0
2026-08-21T20:40:01,1787319601,13.822009,100.513209,,,-0.3,-1.8,-135.7,224.3,,,,22.84,10,AUTO.LOITER,0,0
2026-08-21T20:40:02,1787319602,13.822009,100.513209,,,-0.3,-1.8,-135.7,224.3,,,,22.84,10,AUTO.LOITER,0,0
2026-08-21T20:40:03,1787319603,13.822009,100.513209,,,-0.3,-1.8,-135.7,224.3,,,,22.84,10,AUTO.LOITER,0,0
2026-08-21T20:40:04,1787319604,13.822009,100.513209,,,-0.3,-1.8,-135.7,224.3,,,,22.84,10,AUTO.LOITER,0,0
2026-08-21T20:40:05,1787319605,13.822009,100.513209,,,-0.3,-1.8,-135.7,224.3,,,,22.84,10,AUTO.LOITER,0,0
2026-08-21T20:40:06,1787319606,13.822009,100.513209,,,-0.3,-1.8,-135.7,224.3,,,,22.84,10,AUTO.LOITER,0,0
2026-08-21T20:40:07,1787319607,13.822009,100.513209,,,-0.3,-1.8,-135.7,224.3,,,,22.84,10,AUTO.LOITER,0,0
2026-08-21T20:40:08,1787319608,13.822009,100.513209,,,-0.3,-1.8,-135.7,224.3,,,,22.84,10,AUTO.LOITER,0,0
2026-08-21T20:40:09,1787319609,13.822009,100.513209,,,-0.3,-1.8,-135.8,224.2,,,,22.84,10,AUTO.LOITER,0,0
2026-08-21T20:40:10,1787319610,13.822009,100.513209,,,-0.3,-1.8,-135.8,224.2,,,,22.84,10,AUTO.LOITER,0,0
2026-08-21T20:40:13,1787319613,13.822009,100.513209,,,-0.3,-1.8,-135.8,224.2,,,,22.84,10,AUTO.LOITER,0,0
2026-08-21T20:40:14,1787319614,13.822009,100.513209,,,-0.3,-1.8,-135.8,224.2,,,,22.84,10,AUTO.LOITER,0,0
2026-08-21T20:40:15,1787319615,13.822009,100.513209,,,-0.3,-1.8,-135.8,224.2,,,,22.84,10,AUTO.LOITER,0,0
2026-08-21T20:40:16,1787319616,13.822009,100.513209,,,-0.3,-1.8,-135.8,224.2,,,,22.84,10,AUTO.LOITER,0,0
2026-08-21T20:40:17,1787319617,13.821984,100.513312,,,-0.3,-1.8,-135.8,224.2,,,,22.84,10,AUTO.LOITER,0,0
2026-08-21T20:40:18,1787319618,13.821984,100.513312,,,-0.3,-1.8,-135.8,224.2,,,,22.84,10,AUTO.LOITER,0,0
2026-08-21T20:40:19,1787319619,13.821984,100.513312,,,-0.3,-1.8,-135.8,224.2,,,,22.84,10,AUTO.LOITER,0,0
2026-08-21T20:40:20,1787319620,13.821984,100.513312,,,-0.3,-1.8,-135.8,224.2,,,,22.84,10,AUTO.LOITER,0,0
2026-08-21T20:40:21,1787319621,13.821984,100.513312,,,-0.3,-1.8,-135.8,224.2,,,,22.84,10,AUTO.LOITER,0,0
2026-08-21T20:40:22,1787319622,13.821984,100.513312,,,-0.3,-1.8,-135.8,224.2,,,,22.84,10,AUTO.LOITER,0,0
2026-08-21T20:40:23,1787319623,13.821984,100.513312,,,-0.3,-1.8,-135.8,224.2,,,,22.84,10,AUTO.LOITER,0,0
2026-08-21T20:40:24,1787319624,13.821984,100.513312,,,-0.3,-1.8,-135.8,224.2,,,,22.84,10,AUTO.LOITER,0,0
2026-08-21T20:40:25,1787319625,13.821984,100.513312,,,-0.3,-1.8,-135.8,224.2,,,,22.84,10,AUTO.LOITER,0,0
2026-08-21T20:40:26,1787319626,13.821984,100.513312,,,-0.3,-1.8,-135.8,224.2,,,,22.84,10,AUTO.LOITER,0,0
2026-08-21T20:40:27,1787319627,13.821984,100.513312,,,-0.3,-1.8,-135.8,224.2,,,,22.84,10,AUTO.LOITER,0,0
2026-08-21T20:40:28,1787319628,13.822012,100.513257,,,-0.3,-1.8,-135.8,224.2,,,,22.84,10,AUTO.LOITER,0,0
2026-08-21T20:40:29,1787319629,13.822012,100.513257,,,-0.3,-1.8,-135.8,224.2,,,,22.84,10,AUTO.LOITER,0,0
2026-08-21T20:40:30,1787319630,13.822012,100.513257,,,-0.3,-1.8,-135.8,224.2,,,,22.84,10,AUTO.LOITER,0,0
2026-08-21T20:40:31,1787319631,13.822012,100.513257,,,-0.3,-1.8,-135.8,224.2,,,,22.84,10,AUTO.LOITER,0,0
2026-08-21T20:40:32,1787319632,13.822012,100.513257,,,-0.3,-1.8,-135.8,224.2,,,,22.84,10,AUTO.LOITER,0,0
2026-08-21T20:40:33,1787319633,13.822012,100.513257,,,-0.3,-1.8,-135.8,224.2,,,,22.84,10,AUTO.LOITER,0,0
2026-08-21T20:40:34,1787319634,13.822012,100.513257,,,-0.3,-1.8,-135.8,224.2,,,,22.84,10,AUTO.LOITER,0,0
2026-08-21T20:40:35,1787319635,13.822012,100.513257,,,-0.3,-1.8,-135.8,224.2,,,,22.84,10,AUTO.LOITER,0,0
2026-08-21T20:40:36,1787319636,13.822012,100.513257,,,-0.3,-1.8,-135.8,224.2,,,,22.84,10,AUTO.LOITER,0,0
2026-08-21T20:40:37,1787319637,13.822037,100.513273,,,-0.3,-1.8,-135.8,224.2,,,,22.84,10,AUTO.LOITER,0,0
2026-08-21T20:40:38,1787319638,13.822037,100.513273,,,-0.3,-1.8,-135.8,224.2,,,,22.84,10,AUTO.LOITER,0,0
2026-08-21T20:40:39,1787319639,13.822037,100.513273,,,-0.3,-1.8,-135.8,224.2,,,,22.84,10,AUTO.LOITER,0,0
2026-08-21T20:40:40,1787319640,13.822037,100.513273,,,-0.3,-1.8,-135.8,224.2,,,,22.84,10,AUTO.LOITER,0,0
2026-08-21T20:40:41,1787319641,13.822037,100.513273,,,-0.3,-1.8,-135.8,224.2,,,,22.84,10,AUTO.LOITER,0,0
2026-08-21T20:40:42,1787319642,13.822037,100.513273,,,-0.3,-1.8,-135.8,224.2,,,,22.84,10,AUTO.LOITER,0,0
2026-08-21T20:40:43,1787319643,13.822058,100.513271,,,-0.3,-1.8,-135.8,224.2,,,,22.84,10,AUTO.LOITER,0,0
2026-08-21T20:40:44,1787319644,13.822058,100.513271,,,-0.3,-1.8,-135.8,224.2,,,,22.83,10,AUTO.LOITER,0,0
2026-08-21T20:40:45,1787319645,13.822058,100.513271,,,-0.3,-1.8,-135.8,224.2,,,,22.83,10,AUTO.LOITER,0,0
2026-08-21T20:40:46,1787319646,13.822058,100.513271,,,-0.3,-1.8,-135.8,224.2,,,,22.83,10,AUTO.LOITER,0,0
2026-08-21T20:40:47,1787319647,13.822058,100.513271,,,-0.3,-1.8,-135.8,224.2,,,,22.83,10,AUTO.LOITER,0,0
2026-08-21T20:40:48,1787319648,13.822045,100.513276,,,-0.3,-1.8,-135.8,224.2,,,,22.83,10,AUTO.LOITER,0,0
2026-08-21T20:40:49,1787319649,13.822045,100.513276,,,-0.3,-1.8,-135.8,224.2,,,,22.83,10,AUTO.LOITER,0,0
2026-08-21T20:40:50,1787319650,13.822045,100.513276,,,-0.3,-1.8,-135.8,224.2,,,,22.83,10,AUTO.LOITER,0,0
2026-08-21T20:40:51,1787319651,13.822045,100.513276,,,-0.3,-1.8,-135.8,224.2,,,,22.83,10,AUTO.LOITER,0,0
2026-08-21T20:40:52,1787319652,13.822045,100.513276,,,-0.3,-1.8,-135.8,224.2,,,,22.83,10,AUTO.LOITER,0,0
2026-08-21T20:40:53,1787319653,13.822045,100.513276,,,-0.3,-1.8,-135.8,224.2,,,,22.83,10,AUTO.LOITER,0,0
2026-08-21T20:40:54,1787319654,13.822045,100.513276,,,-0.3,-1.8,-135.8,224.2,,,,22.83,10,AUTO.LOITER,0,0
2026-08-21T20:40:55,1787319655,13.822045,100.513276,,,-0.3,-1.8,-135.8,224.2,,,,22.83,10,AUTO.LOITER,0,0
2026-08-21T20:40:56,1787319656,13.822045,100.513276,,,-0.3,-1.8,-135.8,224.2,,,,22.83,10,AUTO.LOITER,0,0
2026-08-21T20:40:57,1787319657,13.822045,100.513276,,,-0.3,-1.8,-135.8,224.2,,,,22.83,10,AUTO.LOITER,0,0
2026-08-21T20:40:58,1787319658,13.821997,100.513306,,,-0.3,-1.8,-135.8,224.2,,,,22.83,10,AUTO.LOITER,0,0
2026-08-21T20:40:59,1787319659,13.821997,100.513306,,,-0.3,-1.8,-135.8,224.2,,,,22.83,10,AUTO.LOITER,0,0
2026-08-21T20:41:00,1787319660,13.821997,100.513306,,,-0.3,-1.8,-135.8,224.2,,,,22.83,10,AUTO.LOITER,0,0
2026-08-21T20:41:01,1787319661,13.821997,100.513306,,,-0.3,-1.8,-135.8,224.2,,,,22.83,10,AUTO.LOITER,0,0
2026-08-21T20:41:02,1787319662,13.821997,100.513306,,,-0.3,-1.8,-135.8,224.2,,,,22.83,10,AUTO.LOITER,0,0
2026-08-21T20:41:03,1787319663,13.821997,100.513306,,,-0.3,-1.8,-135.8,224.2,,,,22.83,10,AUTO.LOITER,0,0
2026-08-21T20:41:04,1787319664,13.821997,100.513306,,,-0.3,-1.8,-135.8,224.2,,,,22.83,10,AUTO.LOITER,0,0
2026-08-21T20:41:05,1787319665,13.821997,100.513306,,,-0.3,-1.8,-135.8,224.2,,,,22.83,10,AUTO.LOITER,0,0
2026-08-21T20:41:06,1787319666,13.821997,100.513306,,,-0.3,-1.8,-135.8,224.2,,,,22.83,10,AUTO.LOITER,0,0
2026-08-21T20:41:07,1787319667,13.821997,100.513306,,,-0.3,-1.8,-135.8,224.2,,,,22.83,10,AUTO.LOITER,0,0
2026-08-21T20:41:08,1787319668,13.821997,100.513306,,,-0.3,-1.8,-135.8,224.2,,,,22.83,10,AUTO.LOITER,0,0
2026-08-21T20:41:09,1787319669,13.821997,100.513306,,,-0.3,-1.8,-135.8,224.2,,,,22.83,10,AUTO.LOITER,0,0
2026-08-21T20:41:10,1787319670,13.821997,100.513306,,,-0.3,-1.8,-135.8,224.2,,,,22.83,10,AUTO.LOITER,0,0
2026-08-21T20:41:11,1787319671,13.821997,100.513306,,,-0.3,-1.8,-135.8,224.2,,,,22.83,10,AUTO.LOITER,0,0
2026-08-21T20:41:12,1787319672,13.821997,100.513306,,,-0.3,-1.8,-135.8,224.2,,,,22.83,10,AUTO.LOITER,0,0
2026-08-21T20:41:13,1787319673,13.821993,100.51325,,,-0.3,-1.8,-135.8,224.2,,,,22.83,10,AUTO.LOITER,0,0
2026-08-21T20:41:14,1787319674,13.821993,100.51325,,,-0.3,-1.8,-135.8,224.2,,,,22.83,10,AUTO.LOITER,0,0
2026-08-21T20:41:15,1787319675,13.821993,100.51325,,,-0.3,-1.8,-135.8,224.2,,,,22.83,10,AUTO.LOITER,0,0
2026-08-21T20:41:16,1787319676,13.821993,100.51325,,,-0.3,-1.8,-135.8,224.2,,,,22.83,10,AUTO.LOITER,0,0
2026-08-21T20:41:17,1787319677,13.821993,100.51325,,,-0.3,-1.8,-135.8,224.2,,,,22.83,10,AUTO.LOITER,0,0
2026-08-21T20:41:18,1787319678,13.821993,100.51325,,,-0.3,-1.8,-135.8,224.2,,,,22.83,10,AUTO.LOITER,0,0
2026-08-21T20:41:19,1787319679,13.821993,100.51325,,,-0.3,-1.8,-135.8,224.2,,,,22.83,10,AUTO.LOITER,0,0
2026-08-21T20:41:20,1787319680,13.821993,100.51325,,,-0.3,-1.8,-135.8,224.2,,,,22.83,10,AUTO.LOITER,0,0
2026-08-21T20:41:21,1787319681,13.821968,100.513301,,,-0.3,-1.8,-135.8,224.2,,,,22.83,10,AUTO.LOITER,0,0
2026-08-21T20:41:22,1787319682,13.821968,100.513301,,,-0.3,-1.8,-135.8,224.2,,,,22.83,10,AUTO.LOITER,0,0
2026-08-21T20:41:23,1787319683,13.821968,100.513301,,,-0.3,-1.8,-135.8,224.2,,,,22.83,10,AUTO.LOITER,0,0
2026-08-21T20:41:24,1787319684,13.821968,100.513301,,,-0.3,-1.8,-135.8,224.2,,,,22.83,10,AUTO.LOITER,0,0
2026-08-21T20:41:25,1787319685,13.821968,100.513301,,,-0.3,-1.8,-135.8,224.2,,,,22.83,10,AUTO.LOITER,0,0
2026-08-21T20:41:26,1787319686,13.821968,100.513301,,,-0.3,-1.8,-135.8,224.2,,,,22.83,10,AUTO.LOITER,0,0
2026-08-21T20:41:27,1787319687,13.821968,100.513301,,,-0.3,-1.8,-135.8,224.2,,,,22.83,10,AUTO.LOITER,0,0
2026-08-21T20:41:28,1787319688,13.821968,100.513301,,,-0.3,-1.8,-135.8,224.2,,,,22.83,10,AUTO.LOITER,0,0
2026-08-21T20:41:29,1787319689,13.821968,100.513301,,,-0.3,-1.8,-135.8,224.2,,,,22.83,10,AUTO.LOITER,0,0
2026-08-21T20:41:30,1787319690,13.821968,100.513301,,,-0.3,-1.8,-135.8,224.2,,,,22.83,10,AUTO.LOITER,0,0
2026-08-21T20:41:31,1787319691,13.821956,100.513334,,,-0.3,-1.8,-135.8,224.2,,,,22.83,10,AUTO.LOITER,0,0
2026-08-21T20:41:32,1787319692,13.821956,100.513334,,,-0.3,-1.8,-135.8,224.2,,,,22.83,10,AUTO.LOITER,0,0
2026-08-21T20:41:33,1787319693,13.821956,100.513334,,,-0.3,-1.8,-135.8,224.2,,,,22.83,10,AUTO.LOITER,0,0
2026-08-21T20:41:34,1787319694,13.821956,100.513334,,,-0.3,-1.8,-135.8,224.2,,,,22.83,10,AUTO.LOITER,0,0
2026-08-21T20:41:35,1787319695,13.821956,100.513334,,,-0.3,-1.8,-135.8,224.2,,,,22.83,10,AUTO.LOITER,0,0
2026-08-21T20:41:36,1787319696,13.821956,100.513334,,,-0.3,-1.8,-135.8,224.2,,,,22.83,10,AUTO.LOITER,0,0
2026-08-21T20:41:37,1787319697,13.821956,100.513334,,,-0.3,-1.8,-135.8,224.2,,,,22.83,10,AUTO.LOITER,0,0
2026-08-21T20:41:38,1787319698,13.821956,100.513334,,,-0.3,-1.8,-135.8,224.2,,,,22.83,10,AUTO.LOITER,0,0
2026-08-21T20:41:39,1787319699,13.821956,100.513334,,,-0.3,-1.8,-135.8,224.2,,,,22.83,10,AUTO.LOITER,0,0
2026-08-21T20:41:40,1787319700,13.821945,100.513365,,,-0.3,-1.8,-135.8,224.2,,,,22.83,10,AUTO.LOITER,0,0
2026-08-21T20:41:41,1787319701,13.821945,100.513365,,,-0.3,-1.8,-135.8,224.2,,,,22.83,10,AUTO.LOITER,0,0
2026-08-21T20:41:42,1787319702,13.821945,100.513365,,,-0.3,-1.8,-135.8,224.2,,,,22.83,10,AUTO.LOITER,0,0
2026-08-21T20:41:43,1787319703,13.821945,100.513365,,,-0.3,-1.8,-135.8,224.2,,,,22.83,10,AUTO.LOITER,0,0
2026-08-21T20:41:44,1787319704,13.821945,100.513365,,,-0.3,-1.8,-135.8,224.2,,,,22.83,10,AUTO.LOITER,0,0
2026-08-21T20:41:45,1787319705,13.821945,100.513365,,,-0.3,-1.8,-135.8,224.2,,,,22.83,10,AUTO.LOITER,0,0
2026-08-21T20:41:46,1787319706,13.821945,100.513365,,,-0.3,-1.8,-135.8,224.2,,,,22.83,10,AUTO.LOITER,0,0
2026-08-21T20:41:47,1787319707,13.821945,100.513365,,,-0.3,-1.8,-135.8,224.2,,,,22.83,10,AUTO.LOITER,0,0
2026-08-21T20:41:48,1787319708,13.821967,100.513321,,,-0.3,-1.8,-135.8,224.2,,,,22.83,10,AUTO.LOITER,0,0
2026-08-21T20:41:49,1787319709,13.821967,100.513321,,,-0.3,-1.8,-135.8,224.2,,,,22.83,10,AUTO.LOITER,0,0
2026-08-21T20:41:50,1787319710,13.821967,100.513321,,,-0.3,-1.8,-135.8,224.2,,,,22.83,10,AUTO.LOITER,0,0
2026-08-21T20:41:51,1787319711,13.821967,100.513321,,,-0.3,-1.8,-135.8,224.2,,,,22.83,10,AUTO.LOITER,0,0
2026-08-21T20:41:52,1787319712,13.821967,100.513321,,,-0.3,-1.8,-135.8,224.2,,,,22.83,10,AUTO.LOITER,0,0
2026-08-21T20:41:53,1787319713,13.821988,100.513286,,,-0.3,-1.8,-135.8,224.2,,,,22.83,10,AUTO.LOITER,0,0
2026-08-21T20:41:54,1787319714,13.821988,100.513286,,,-0.3,-1.8,-135.8,224.2,,,,22.83,10,AUTO.LOITER,0,0
2026-08-21T20:41:55,1787319715,13.821988,100.513286,,,-0.3,-1.8,-135.8,224.2,,,,22.83,10,AUTO.LOITER,0,0
2026-08-21T20:41:56,1787319716,13.821988,100.513286,,,-0.3,-1.8,-135.8,224.2,,,,22.83,10,AUTO.LOITER,0,0
2026-08-21T20:41:57,1787319717,13.821988,100.513286,,,-0.3,-1.8,-135.8,224.2,,,,22.83,10,AUTO.LOITER,0,0
2026-08-21T20:41:58,1787319718,13.821988,100.513286,,,-0.3,-1.8,-135.8,224.2,,,,22.83,10,AUTO.LOITER,0,0
2026-08-21T20:41:59,1787319719,13.821988,100.513286,,,-0.3,-1.8,-135.8,224.2,,,,22.83,10,AUTO.LOITER,0,0
2026-08-21T20:42:00,1787319720,13.821988,100.513286,,,-0.3,-1.8,-135.8,224.2,,,,22.83,10,AUTO.LOITER,0,0
2026-08-21T20:42:01,1787319721,13.821988,100.513286,,,-0.3,-1.8,-135.8,224.2,,,,22.83,10,AUTO.LOITER,0,0
2026-08-21T20:42:02,1787319722,13.821988,100.513286,,,-0.3,-1.8,-135.8,224.2,,,,22.83,10,AUTO.LOITER,0,0
2026-08-21T20:42:03,1787319723,13.821988,100.513286,,,-0.3,-1.8,-135.8,224.2,,,,22.83,10,AUTO.LOITER,0,0
2026-08-21T20:42:04,1787319724,13.821988,100.513286,,,-0.3,-1.8,-135.8,224.2,,,,22.83,10,AUTO.LOITER,0,0
2026-08-21T20:42:05,1787319725,13.821988,100.513286,,,-0.3,-1.8,-135.8,224.2,,,,22.83,10,AUTO.LOITER,0,0
2026-08-21T20:42:06,1787319726,13.821988,100.513286,,,-0.3,-1.8,-135.8,224.2,,,,22.83,10,AUTO.LOITER,0,0
2026-08-21T20:42:07,1787319727,13.822018,100.513305,,,-0.3,-1.8,-135.8,224.2,,,,22.83,10,AUTO.LOITER,0,0
2026-08-21T20:42:08,1787319728,13.822018,100.513305,,,-0.3,-1.8,-135.8,224.2,,,,22.83,10,AUTO.LOITER,0,0
2026-08-21T20:42:09,1787319729,13.822018,100.513305,,,-0.3,-1.8,-135.8,224.2,,,,22.83,10,AUTO.LOITER,0,0
2026-08-21T20:42:11,1787319731,13.822018,100.513305,,,-0.3,-1.8,-135.8,224.2,,,,22.83,10,AUTO.LOITER,0,0
2026-08-21T20:42:12,1787319732,13.822018,100.513305,,,-0.3,-1.8,-135.8,224.2,,,,22.83,10,AUTO.LOITER,0,0
2026-08-21T20:42:13,1787319733,13.822018,100.513305,,,-0.3,-1.8,-135.6,224.4,,,,22.83,10,AUTO.LOITER,0,0
2026-08-21T20:42:14,1787319734,13.822018,100.513305,,,-0.3,-1.8,-135.6,224.4,,,,22.83,10,AUTO.LOITER,0,0
2026-08-21T20:42:15,1787319735,13.822018,100.513305,,,-0.3,-1.8,-135.6,224.4,,,,22.83,10,AUTO.LOITER,0,0
2026-08-21T20:42:16,1787319736,13.822018,100.513305,,,-0.3,-1.8,-135.6,224.4,,,,22.83,10,AUTO.LOITER,0,0
2026-08-21T20:42:17,1787319737,13.822018,100.513305,,,-0.3,-1.8,-135.6,224.4,,,,22.83,10,AUTO.LOITER,0,0
2026-08-21T20:42:18,1787319738,13.822018,100.513305,,,-0.3,-1.8,-135.6,224.4,,,,22.83,10,AUTO.LOITER,0,0
2026-08-21T20:42:19,1787319739,13.822018,100.513305,,,-0.3,-1.8,-135.6,224.4,,,,22.83,10,AUTO.LOITER,0,0
2026-08-21T20:42:20,1787319740,13.822018,100.513305,,,-0.3,-1.8,-135.6,224.4,,,,22.83,10,AUTO.LOITER,0,0
2026-08-21T20:42:21,1787319741,13.822018,100.513305,,,-0.3,-1.8,-135.7,224.3,,,,22.83,10,AUTO.LOITER,0,0
2026-08-21T20:42:22,1787319742,13.822018,100.513305,,,-0.3,-1.8,-135.7,224.3,,,,22.83,10,AUTO.LOITER,0,0
2026-08-21T20:42:23,1787319743,13.822018,100.513305,,,-0.3,-1.8,-135.7,224.3,,,,22.83,10,AUTO.LOITER,0,0
2026-08-21T20:42:24,1787319744,13.822018,100.513305,,,-0.3,-1.8,-135.7,224.3,,,,22.83,10,AUTO.LOITER,0,0
2026-08-21T20:42:25,1787319745,13.822018,100.513305,,,-0.3,-1.8,-135.7,224.3,,,,22.83,10,AUTO.LOITER,0,0
2026-08-21T20:42:26,1787319746,13.822018,100.513305,,,-0.3,-1.8,-135.7,224.3,,,,22.83,10,AUTO.LOITER,0,0
2026-08-21T20:42:27,1787319747,13.822018,100.513305,,,-0.3,-1.8,-135.7,224.3,,,,22.83,10,AUTO.LOITER,0,0
2026-08-21T20:42:28,1787319748,13.822018,100.513305,,,-0.3,-1.8,-135.7,224.3,,,,22.83,10,AUTO.LOITER,0,0
2026-08-21T20:42:29,1787319749,13.821972,100.513356,,,-0.3,-1.8,-135.7,224.3,,,,22.83,10,AUTO.LOITER,0,0
2026-08-21T20:42:30,1787319750,13.821972,100.513356,,,-0.3,-1.8,-135.7,224.3,,,,22.83,10,AUTO.LOITER,0,0
2026-08-21T20:42:31,1787319751,13.821972,100.513356,,,-0.3,-1.8,-135.7,224.3,,,,22.83,10,AUTO.LOITER,0,0
2026-08-21T20:42:32,1787319752,13.821972,100.513356,,,-0.3,-1.8,-135.7,224.3,,,,22.83,10,AUTO.LOITER,0,0
2026-08-21T20:42:33,1787319753,13.821972,100.513356,,,-0.3,-1.8,-135.7,224.3,,,,22.83,10,AUTO.LOITER,0,0
2026-08-21T20:42:34,1787319754,13.821972,100.513356,,,-0.3,-1.8,-135.7,224.3,,,,22.83,10,AUTO.LOITER,0,0
2026-08-21T20:42:35,1787319755,13.821972,100.513356,,,-0.3,-1.8,-135.7,224.3,,,,22.83,10,AUTO.LOITER,0,0
2026-08-21T20:42:36,1787319756,13.821972,100.513356,,,-0.3,-1.8,-135.5,224.5,,,,22.83,10,AUTO.LOITER,0,0
2026-08-21T20:42:37,1787319757,13.821972,100.513356,,,-0.3,-1.8,-135.5,224.5,,,,22.83,10,AUTO.LOITER,0,0
2026-08-21T20:42:38,1787319758,13.821972,100.513356,,,-0.3,-1.8,-135.5,224.5,,,,22.83,10,AUTO.LOITER,0,0
2026-08-21T20:42:39,1787319759,13.821972,100.513356,,,-0.3,-1.8,-135.5,224.5,,,,22.83,10,AUTO.LOITER,0,0
2026-08-21T20:42:40,1787319760,13.821972,100.513356,,,-0.3,-1.8,-135.5,224.5,,,,22.83,10,AUTO.LOITER,0,0
2026-08-21T20:42:41,1787319761,13.821972,100.513356,,,-0.3,-1.8,-135.5,224.5,,,,22.83,10,AUTO.LOITER,0,0
2026-08-21T20:42:42,1787319762,13.821972,100.513356,,,-0.3,-1.8,-135.5,224.5,,,,22.83,10,AUTO.LOITER,0,0
2026-08-21T20:42:43,1787319763,13.821972,100.513356,,,-0.3,-1.8,-135.5,224.5,,,,22.83,10,AUTO.LOITER,0,0
